flash,ram,text,code,rodata,data,bss,dec,hex,filename,filename
1194,0,1194,534,660,0,0,1194,`4aa,startup_cpu0.c.obj (ex armino/cmsis/libcmsis.a),armino/cmsis/libcmsis.a
728,4,728,352,376,0,4,732,`2dc,startup_cpu1.c.obj (ex armino/cmsis/libcmsis.a),armino/cmsis/libcmsis.a
256,0,256,256,0,0,0,256,`100,system_cpu0.c.obj (ex armino/cmsis/libcmsis.a),armino/cmsis/libcmsis.a
30,0,30,30,0,0,0,30,`1e,smp.c.obj (ex armino/cmsis/libcmsis.a),armino/cmsis/libcmsis.a
292,0,292,292,0,0,0,292,`124,system_cpu1.c.obj (ex armino/cmsis/libcmsis.a),armino/cmsis/libcmsis.a
2500,4,2500,1464,1036,0,4,2504,`9c8,armino/cmsis/libcmsis.a,armino/cmsis/libcmsis.a
3835,56,3799,3560,239,36,20,3855,`f0f,iperf.c.obj (ex armino/iperf/libiperf.a),armino/iperf/libiperf.a
3835,56,3799,3560,239,36,20,3855,`f0f,armino/iperf/libiperf.a,armino/iperf/libiperf.a
2931,501,2467,2154,313,464,37,2968,`b98,net.c.obj (ex armino/lwip_intf_v2_1/liblwip_intf_v2_1.a),armino/lwip_intf_v2_1/liblwip_intf_v2_1.a
238,0,238,238,0,0,0,238,`ee,netifapi.c.obj (ex armino/lwip_intf_v2_1/liblwip_intf_v2_1.a),armino/lwip_intf_v2_1/liblwip_intf_v2_1.a
6610,648,6610,6478,132,0,648,7258,`1c5a,sockets.c.obj (ex armino/lwip_intf_v2_1/liblwip_intf_v2_1.a),armino/lwip_intf_v2_1/liblwip_intf_v2_1.a
467,16,467,460,7,0,16,483,`1e3,tcpip.c.obj (ex armino/lwip_intf_v2_1/liblwip_intf_v2_1.a),armino/lwip_intf_v2_1/liblwip_intf_v2_1.a
1403,18,1403,972,431,0,18,1421,`58d,ping.c.obj (ex armino/lwip_intf_v2_1/liblwip_intf_v2_1.a),armino/lwip_intf_v2_1/liblwip_intf_v2_1.a
70,0,70,70,0,0,0,70,`46,def.c.obj (ex armino/lwip_intf_v2_1/liblwip_intf_v2_1.a),armino/lwip_intf_v2_1/liblwip_intf_v2_1.a
2522,1202,2522,2512,10,0,1202,3724,`e8c,dns.c.obj (ex armino/lwip_intf_v2_1/liblwip_intf_v2_1.a),armino/lwip_intf_v2_1/liblwip_intf_v2_1.a
316,0,316,316,0,0,0,316,`13c,inet_chksum.c.obj (ex armino/lwip_intf_v2_1/liblwip_intf_v2_1.a),armino/lwip_intf_v2_1/liblwip_intf_v2_1.a
50,0,50,50,0,0,0,50,`32,init.c.obj (ex armino/lwip_intf_v2_1/liblwip_intf_v2_1.a),armino/lwip_intf_v2_1/liblwip_intf_v2_1.a
5062,103,5062,4582,480,0,103,5165,`142d,dhcp.c.obj (ex armino/lwip_intf_v2_1/liblwip_intf_v2_1.a),armino/lwip_intf_v2_1/liblwip_intf_v2_1.a
1967,277,1955,1936,19,12,265,2232,`8b8,etharp.c.obj (ex armino/lwip_intf_v2_1/liblwip_intf_v2_1.a),armino/lwip_intf_v2_1/liblwip_intf_v2_1.a
1987,8,1987,1416,571,0,8,1995,`7cb,igmp.c.obj (ex armino/lwip_intf_v2_1/liblwip_intf_v2_1.a),armino/lwip_intf_v2_1/liblwip_intf_v2_1.a
534,16,534,526,8,0,16,550,`226,ip4_addr.c.obj (ex armino/lwip_intf_v2_1/liblwip_intf_v2_1.a),armino/lwip_intf_v2_1/liblwip_intf_v2_1.a
1456,6,1456,1456,0,0,6,1462,`5b6,ip4.c.obj (ex armino/lwip_intf_v2_1/liblwip_intf_v2_1.a),armino/lwip_intf_v2_1/liblwip_intf_v2_1.a
1544,6,1544,1512,32,0,6,1550,`60e,ip4_frag.c.obj (ex armino/lwip_intf_v2_1/liblwip_intf_v2_1.a),armino/lwip_intf_v2_1/liblwip_intf_v2_1.a
454,0,454,430,24,0,0,454,`1c6,mem.c.obj (ex armino/lwip_intf_v2_1/liblwip_intf_v2_1.a),armino/lwip_intf_v2_1/liblwip_intf_v2_1.a
755,768,755,274,481,0,768,1523,`5f3,memp.c.obj (ex armino/lwip_intf_v2_1/liblwip_intf_v2_1.a),armino/lwip_intf_v2_1/liblwip_intf_v2_1.a
1768,93,1768,1472,296,0,93,1861,`745,netif.c.obj (ex armino/lwip_intf_v2_1/liblwip_intf_v2_1.a),armino/lwip_intf_v2_1/liblwip_intf_v2_1.a
1907,1,1907,1568,339,0,1,1908,`774,pbuf.c.obj (ex armino/lwip_intf_v2_1/liblwip_intf_v2_1.a),armino/lwip_intf_v2_1/liblwip_intf_v2_1.a
714,4,714,714,0,0,4,718,`2ce,raw.c.obj (ex armino/lwip_intf_v2_1/liblwip_intf_v2_1.a),armino/lwip_intf_v2_1/liblwip_intf_v2_1.a
24,564,24,20,4,0,564,588,`24c,stats.c.obj (ex armino/lwip_intf_v2_1/liblwip_intf_v2_1.a),armino/lwip_intf_v2_1/liblwip_intf_v2_1.a
34,0,34,34,0,0,0,34,`22,sys.c.obj (ex armino/lwip_intf_v2_1/liblwip_intf_v2_1.a),armino/lwip_intf_v2_1/liblwip_intf_v2_1.a
4544,29,4538,4022,516,6,23,4567,`11d7,tcp.c.obj (ex armino/lwip_intf_v2_1/liblwip_intf_v2_1.a),armino/lwip_intf_v2_1/liblwip_intf_v2_1.a
5404,64,5404,5404,0,0,64,5468,`155c,tcp_in.c.obj (ex armino/lwip_intf_v2_1/liblwip_intf_v2_1.a),armino/lwip_intf_v2_1/liblwip_intf_v2_1.a
3391,0,3391,3314,77,0,0,3391,`d3f,tcp_out.c.obj (ex armino/lwip_intf_v2_1/liblwip_intf_v2_1.a),armino/lwip_intf_v2_1/liblwip_intf_v2_1.a
516,12,516,460,56,0,12,528,`210,timeouts.c.obj (ex armino/lwip_intf_v2_1/liblwip_intf_v2_1.a),armino/lwip_intf_v2_1/liblwip_intf_v2_1.a
2403,6,2401,1848,553,2,4,2407,`967,udp.c.obj (ex armino/lwip_intf_v2_1/liblwip_intf_v2_1.a),armino/lwip_intf_v2_1/liblwip_intf_v2_1.a
304,0,304,292,12,0,0,304,`130,ethernet.c.obj (ex armino/lwip_intf_v2_1/liblwip_intf_v2_1.a),armino/lwip_intf_v2_1/liblwip_intf_v2_1.a
132,5,132,120,12,0,5,137,`89,dhcp-server-main.c.obj (ex armino/lwip_intf_v2_1/liblwip_intf_v2_1.a),armino/lwip_intf_v2_1/liblwip_intf_v2_1.a
225,4,225,220,5,0,4,229,`e5,modemif.c.obj (ex armino/lwip_intf_v2_1/liblwip_intf_v2_1.a),armino/lwip_intf_v2_1/liblwip_intf_v2_1.a
1446,48,1446,1320,126,0,48,1494,`5d6,ppp.c.obj (ex armino/lwip_intf_v2_1/liblwip_intf_v2_1.a),armino/lwip_intf_v2_1/liblwip_intf_v2_1.a
160,0,160,160,0,0,0,160,`a0,pppapi.c.obj (ex armino/lwip_intf_v2_1/liblwip_intf_v2_1.a),armino/lwip_intf_v2_1/liblwip_intf_v2_1.a
2152,48,2152,1590,562,0,48,2200,`898,pppos.c.obj (ex armino/lwip_intf_v2_1/liblwip_intf_v2_1.a),armino/lwip_intf_v2_1/liblwip_intf_v2_1.a
770,0,770,600,170,0,0,770,`302,upap.c.obj (ex armino/lwip_intf_v2_1/liblwip_intf_v2_1.a),armino/lwip_intf_v2_1/liblwip_intf_v2_1.a
1492,0,1492,1456,36,0,0,1492,`5d4,utils.c.obj (ex armino/lwip_intf_v2_1/liblwip_intf_v2_1.a),armino/lwip_intf_v2_1/liblwip_intf_v2_1.a
2182,0,2182,2182,0,0,0,2182,`886,vj.c.obj (ex armino/lwip_intf_v2_1/liblwip_intf_v2_1.a),armino/lwip_intf_v2_1/liblwip_intf_v2_1.a
48,0,48,48,0,0,0,48,`30,lwip_hooks.c.obj (ex armino/lwip_intf_v2_1/liblwip_intf_v2_1.a),armino/lwip_intf_v2_1/liblwip_intf_v2_1.a
275,0,275,270,5,0,0,275,`113,wlanif.c.obj (ex armino/lwip_intf_v2_1/liblwip_intf_v2_1.a),armino/lwip_intf_v2_1/liblwip_intf_v2_1.a
814,8,814,716,98,0,8,822,`336,sys_arch.c.obj (ex armino/lwip_intf_v2_1/liblwip_intf_v2_1.a),armino/lwip_intf_v2_1/liblwip_intf_v2_1.a
2622,0,2622,1984,638,0,0,2622,`a3e,api_lib.c.obj (ex armino/lwip_intf_v2_1/liblwip_intf_v2_1.a),armino/lwip_intf_v2_1/liblwip_intf_v2_1.a
4168,0,4168,4126,42,0,0,4168,`1048,api_msg.c.obj (ex armino/lwip_intf_v2_1/liblwip_intf_v2_1.a),armino/lwip_intf_v2_1/liblwip_intf_v2_1.a
96,0,96,28,68,0,0,96,`60,err.c.obj (ex armino/lwip_intf_v2_1/liblwip_intf_v2_1.a),armino/lwip_intf_v2_1/liblwip_intf_v2_1.a
202,0,202,146,56,0,0,202,`ca,netbuf.c.obj (ex armino/lwip_intf_v2_1/liblwip_intf_v2_1.a),armino/lwip_intf_v2_1/liblwip_intf_v2_1.a
408,297,408,408,0,0,297,705,`2c1,netdb.c.obj (ex armino/lwip_intf_v2_1/liblwip_intf_v2_1.a),armino/lwip_intf_v2_1/liblwip_intf_v2_1.a
624,0,624,624,0,0,0,624,`270,icmp.c.obj (ex armino/lwip_intf_v2_1/liblwip_intf_v2_1.a),armino/lwip_intf_v2_1/liblwip_intf_v2_1.a
2567,232,2563,2500,63,4,228,2795,`aeb,dhcp-server.c.obj (ex armino/lwip_intf_v2_1/liblwip_intf_v2_1.a),armino/lwip_intf_v2_1/liblwip_intf_v2_1.a
681,0,681,504,177,0,0,681,`2a9,auth.c.obj (ex armino/lwip_intf_v2_1/liblwip_intf_v2_1.a),armino/lwip_intf_v2_1/liblwip_intf_v2_1.a
4577,0,4577,4122,455,0,0,4577,`11e1,ipcp.c.obj (ex armino/lwip_intf_v2_1/liblwip_intf_v2_1.a),armino/lwip_intf_v2_1/liblwip_intf_v2_1.a
5242,0,5242,4714,528,0,0,5242,`147a,lcp.c.obj (ex armino/lwip_intf_v2_1/liblwip_intf_v2_1.a),armino/lwip_intf_v2_1/liblwip_intf_v2_1.a
44,4,44,44,0,0,4,48,`30,magic.c.obj (ex armino/lwip_intf_v2_1/liblwip_intf_v2_1.a),armino/lwip_intf_v2_1/liblwip_intf_v2_1.a
2165,0,2165,1944,221,0,0,2165,`875,fsm.c.obj (ex armino/lwip_intf_v2_1/liblwip_intf_v2_1.a),armino/lwip_intf_v2_1/liblwip_intf_v2_1.a
0,24,0,0,0,0,24,24,`18,ip.c.obj (ex armino/lwip_intf_v2_1/liblwip_intf_v2_1.a),armino/lwip_intf_v2_1/liblwip_intf_v2_1.a
82467,5012,81979,74356,7623,488,4524,86991,`153cf,armino/lwip_intf_v2_1/liblwip_intf_v2_1.a,armino/lwip_intf_v2_1/liblwip_intf_v2_1.a
1052,128,1048,724,324,4,124,1176,`498,wdrv_main.c.obj (ex armino/bk_wifi_driver/libbk_wifi_driver.a),armino/bk_wifi_driver/libbk_wifi_driver.a
1739,2712,1735,1446,289,4,2708,4447,`115f,wdrv_cntrl.c.obj (ex armino/bk_wifi_driver/libbk_wifi_driver.a),armino/bk_wifi_driver/libbk_wifi_driver.a
1532,0,1532,1180,352,0,0,1532,`5fc,wdrv_tx.c.obj (ex armino/bk_wifi_driver/libbk_wifi_driver.a),armino/bk_wifi_driver/libbk_wifi_driver.a
678,0,678,542,136,0,0,678,`2a6,wdrv_rx.c.obj (ex armino/bk_wifi_driver/libbk_wifi_driver.a),armino/bk_wifi_driver/libbk_wifi_driver.a
92,0,92,92,0,0,0,92,`5c,wdrv_co_list.c.obj (ex armino/bk_wifi_driver/libbk_wifi_driver.a),armino/bk_wifi_driver/libbk_wifi_driver.a
368,72,368,276,92,0,72,440,`1b8,wdrv_ipc.c.obj (ex armino/bk_wifi_driver/libbk_wifi_driver.a),armino/bk_wifi_driver/libbk_wifi_driver.a
5461,2912,5453,4260,1193,8,2904,8365,`20ad,armino/bk_wifi_driver/libbk_wifi_driver.a,armino/bk_wifi_driver/libbk_wifi_driver.a
6542,86,6542,4510,2032,0,86,6628,`19e4,wifi_api.c.obj (ex armino/bk_wifi/libbk_wifi.a),armino/bk_wifi/libbk_wifi.a
5442,0,5442,2908,2534,0,0,5442,`1542,wifi_cli.c.obj (ex armino/bk_wifi/libbk_wifi.a),armino/bk_wifi/libbk_wifi.a
221,0,221,176,45,0,0,221,`dd,wifi_api_ipc.c.obj (ex armino/bk_wifi/libbk_wifi.a),armino/bk_wifi/libbk_wifi.a
254,10,254,176,78,0,10,264,`108,phy_client.c.obj (ex armino/bk_wifi/libbk_wifi.a),armino/bk_wifi/libbk_wifi.a
99,4,99,76,23,0,4,103,`67,phy_notify.c.obj (ex armino/bk_wifi/libbk_wifi.a),armino/bk_wifi/libbk_wifi.a
12558,100,12558,7846,4712,0,100,12658,`3172,armino/bk_wifi/libbk_wifi.a,armino/bk_wifi/libbk_wifi.a
764,0,764,764,0,0,0,764,`2fc,celt_pitch_xcorr_arm-gnu.o (ex /home/jiayi/project/T5_TuyaOS-3.13.6/software/TuyaOS/libs/libtuyaos.a),/home/jiayi/project/T5_TuyaOS-3.13.6/software/TuyaOS/libs/libtuyaos.a
1474,84,1474,1306,168,0,84,1558,`616,tal_time_serivce.c.o (ex /home/jiayi/project/T5_TuyaOS-3.13.6/software/TuyaOS/libs/libtuyaos.a),/home/jiayi/project/T5_TuyaOS-3.13.6/software/TuyaOS/libs/libtuyaos.a
616,8,616,488,128,0,8,624,`270,tal_workq_service.c.o (ex /home/jiayi/project/T5_TuyaOS-3.13.6/software/TuyaOS/libs/libtuyaos.a),/home/jiayi/project/T5_TuyaOS-3.13.6/software/TuyaOS/libs/libtuyaos.a
1006,1,1006,1006,0,0,1,1007,`3ef,mix_method.c.o (ex /home/jiayi/project/T5_TuyaOS-3.13.6/software/TuyaOS/libs/libtuyaos.a),/home/jiayi/project/T5_TuyaOS-3.13.6/software/TuyaOS/libs/libtuyaos.a
218,4,218,120,98,0,4,222,`de,tuya_base_utilities.c.o (ex /home/jiayi/project/T5_TuyaOS-3.13.6/software/TuyaOS/libs/libtuyaos.a),/home/jiayi/project/T5_TuyaOS-3.13.6/software/TuyaOS/libs/libtuyaos.a
1088,0,1088,64,1024,0,0,1088,`440,crc32i.c.o (ex /home/jiayi/project/T5_TuyaOS-3.13.6/software/TuyaOS/libs/libtuyaos.a),/home/jiayi/project/T5_TuyaOS-3.13.6/software/TuyaOS/libs/libtuyaos.a
228,0,228,228,0,0,0,228,`e4,uni_log.c.o (ex /home/jiayi/project/T5_TuyaOS-3.13.6/software/TuyaOS/libs/libtuyaos.a),/home/jiayi/project/T5_TuyaOS-3.13.6/software/TuyaOS/libs/libtuyaos.a
80,0,80,80,0,0,0,80,`50,uni_base64.c.o (ex /home/jiayi/project/T5_TuyaOS-3.13.6/software/TuyaOS/libs/libtuyaos.a),/home/jiayi/project/T5_TuyaOS-3.13.6/software/TuyaOS/libs/libtuyaos.a
192,28,168,168,0,24,4,196,`c4,tuya_ring_buffer_adapter.c.o (ex /home/jiayi/project/T5_TuyaOS-3.13.6/software/TuyaOS/libs/libtuyaos.a),/home/jiayi/project/T5_TuyaOS-3.13.6/software/TuyaOS/libs/libtuyaos.a
7528,36,7524,4976,2548,4,32,7560,`1d88,tuya_ring_buffer.c.o (ex /home/jiayi/project/T5_TuyaOS-3.13.6/software/TuyaOS/libs/libtuyaos.a),/home/jiayi/project/T5_TuyaOS-3.13.6/software/TuyaOS/libs/libtuyaos.a
2598,172,2426,1732,694,172,0,2598,`a26,tal_wifi_reconnet.c.o (ex /home/jiayi/project/T5_TuyaOS-3.13.6/software/TuyaOS/libs/libtuyaos.a),/home/jiayi/project/T5_TuyaOS-3.13.6/software/TuyaOS/libs/libtuyaos.a
3455,204,3267,2810,457,188,16,3471,`d8f,tal_wifi.c.o (ex /home/jiayi/project/T5_TuyaOS-3.13.6/software/TuyaOS/libs/libtuyaos.a),/home/jiayi/project/T5_TuyaOS-3.13.6/software/TuyaOS/libs/libtuyaos.a
1707,28,1707,1622,85,0,28,1735,`6c7,base_event.c.o (ex /home/jiayi/project/T5_TuyaOS-3.13.6/software/TuyaOS/libs/libtuyaos.a),/home/jiayi/project/T5_TuyaOS-3.13.6/software/TuyaOS/libs/libtuyaos.a
126,0,126,126,0,0,0,126,`7e,tuya_iot_internal_api.c.o (ex /home/jiayi/project/T5_TuyaOS-3.13.6/software/TuyaOS/libs/libtuyaos.a),/home/jiayi/project/T5_TuyaOS-3.13.6/software/TuyaOS/libs/libtuyaos.a
830,1,830,544,286,0,1,831,`33f,tuya_iot_com_api.c.o (ex /home/jiayi/project/T5_TuyaOS-3.13.6/software/TuyaOS/libs/libtuyaos.a),/home/jiayi/project/T5_TuyaOS-3.13.6/software/TuyaOS/libs/libtuyaos.a
23867,8,23867,18112,5755,0,8,23875,`5d43,tuya_media_service_rtc.c.o (ex /home/jiayi/project/T5_TuyaOS-3.13.6/software/TuyaOS/libs/libtuyaos.a),/home/jiayi/project/T5_TuyaOS-3.13.6/software/TuyaOS/libs/libtuyaos.a
3968,21,3968,3354,614,0,21,3989,`f95,tuya_p2p_lite_platform.c.o (ex /home/jiayi/project/T5_TuyaOS-3.13.6/software/TuyaOS/libs/libtuyaos.a),/home/jiayi/project/T5_TuyaOS-3.13.6/software/TuyaOS/libs/libtuyaos.a
4084,20,4072,4022,50,12,8,4092,`ffc,tuya_p2p_lite_cJSON.c.o (ex /home/jiayi/project/T5_TuyaOS-3.13.6/software/TuyaOS/libs/libtuyaos.a),/home/jiayi/project/T5_TuyaOS-3.13.6/software/TuyaOS/libs/libtuyaos.a
5012,20,5000,4950,50,12,8,5020,`139c,ty_cJSON.c.o (ex /home/jiayi/project/T5_TuyaOS-3.13.6/software/TuyaOS/libs/libtuyaos.a),/home/jiayi/project/T5_TuyaOS-3.13.6/software/TuyaOS/libs/libtuyaos.a
6732,56,6676,5646,1030,56,0,6732,`1a4c,tuya_p2p_lite_sdp.c.o (ex /home/jiayi/project/T5_TuyaOS-3.13.6/software/TuyaOS/libs/libtuyaos.a),/home/jiayi/project/T5_TuyaOS-3.13.6/software/TuyaOS/libs/libtuyaos.a
8601,4,8597,7126,1471,4,0,8601,`2199,tuya_p2p_lite_ice.c.o (ex /home/jiayi/project/T5_TuyaOS-3.13.6/software/TuyaOS/libs/libtuyaos.a),/home/jiayi/project/T5_TuyaOS-3.13.6/software/TuyaOS/libs/libtuyaos.a
2049,0,2049,1538,511,0,0,2049,`801,tuya_p2p_lite_stun_socket.c.o (ex /home/jiayi/project/T5_TuyaOS-3.13.6/software/TuyaOS/libs/libtuyaos.a),/home/jiayi/project/T5_TuyaOS-3.13.6/software/TuyaOS/libs/libtuyaos.a
4435,8,4435,4238,197,0,8,4443,`115b,tuya_p2p_lite_ikcp.c.o (ex /home/jiayi/project/T5_TuyaOS-3.13.6/software/TuyaOS/libs/libtuyaos.a),/home/jiayi/project/T5_TuyaOS-3.13.6/software/TuyaOS/libs/libtuyaos.a
8435,1208,7235,5508,1727,1200,8,8443,`20fb,tuya_p2p_lite_stun_message.c.o (ex /home/jiayi/project/T5_TuyaOS-3.13.6/software/TuyaOS/libs/libtuyaos.a),/home/jiayi/project/T5_TuyaOS-3.13.6/software/TuyaOS/libs/libtuyaos.a
2841,8,2833,2560,273,8,0,2841,`b19,tuya_p2p_lite_stun_session.c.o (ex /home/jiayi/project/T5_TuyaOS-3.13.6/software/TuyaOS/libs/libtuyaos.a),/home/jiayi/project/T5_TuyaOS-3.13.6/software/TuyaOS/libs/libtuyaos.a
1186,0,1186,1102,84,0,0,1186,`4a2,tuya_p2p_lite_misc.c.o (ex /home/jiayi/project/T5_TuyaOS-3.13.6/software/TuyaOS/libs/libtuyaos.a),/home/jiayi/project/T5_TuyaOS-3.13.6/software/TuyaOS/libs/libtuyaos.a
1965,0,1965,92,1873,0,0,1965,`7ad,tuya_p2p_lite_error.c.o (ex /home/jiayi/project/T5_TuyaOS-3.13.6/software/TuyaOS/libs/libtuyaos.a),/home/jiayi/project/T5_TuyaOS-3.13.6/software/TuyaOS/libs/libtuyaos.a
102,0,102,102,0,0,0,102,`66,tuya_p2p_lite_mempool.c.o (ex /home/jiayi/project/T5_TuyaOS-3.13.6/software/TuyaOS/libs/libtuyaos.a),/home/jiayi/project/T5_TuyaOS-3.13.6/software/TuyaOS/libs/libtuyaos.a
2035,0,2035,1614,421,0,0,2035,`7f3,tuya_ws_db.c.o (ex /home/jiayi/project/T5_TuyaOS-3.13.6/software/TuyaOS/libs/libtuyaos.a),/home/jiayi/project/T5_TuyaOS-3.13.6/software/TuyaOS/libs/libtuyaos.a
534,8,534,494,40,0,8,542,`21e,kv_storge.c.o (ex /home/jiayi/project/T5_TuyaOS-3.13.6/software/TuyaOS/libs/libtuyaos.a),/home/jiayi/project/T5_TuyaOS-3.13.6/software/TuyaOS/libs/libtuyaos.a
5644,0,5644,3498,2146,0,0,5644,`160c,opus_decoder.o (ex /home/jiayi/project/T5_TuyaOS-3.13.6/software/TuyaOS/libs/libtuyaos.a),/home/jiayi/project/T5_TuyaOS-3.13.6/software/TuyaOS/libs/libtuyaos.a
699,0,699,586,113,0,0,699,`2bb,entdec.o (ex /home/jiayi/project/T5_TuyaOS-3.13.6/software/TuyaOS/libs/libtuyaos.a),/home/jiayi/project/T5_TuyaOS-3.13.6/software/TuyaOS/libs/libtuyaos.a
668,0,668,668,0,0,0,668,`29c,opus.o (ex /home/jiayi/project/T5_TuyaOS-3.13.6/software/TuyaOS/libs/libtuyaos.a),/home/jiayi/project/T5_TuyaOS-3.13.6/software/TuyaOS/libs/libtuyaos.a
2129,0,2129,1916,213,0,0,2129,`851,dec_API.o (ex /home/jiayi/project/T5_TuyaOS-3.13.6/software/TuyaOS/libs/libtuyaos.a),/home/jiayi/project/T5_TuyaOS-3.13.6/software/TuyaOS/libs/libtuyaos.a
490,0,490,352,138,0,0,490,`1ea,decode_pulses.o (ex /home/jiayi/project/T5_TuyaOS-3.13.6/software/TuyaOS/libs/libtuyaos.a),/home/jiayi/project/T5_TuyaOS-3.13.6/software/TuyaOS/libs/libtuyaos.a
192,0,192,192,0,0,0,192,`c0,stereo_decode_pred.o (ex /home/jiayi/project/T5_TuyaOS-3.13.6/software/TuyaOS/libs/libtuyaos.a),/home/jiayi/project/T5_TuyaOS-3.13.6/software/TuyaOS/libs/libtuyaos.a
1519,0,1519,1136,383,0,0,1519,`5ef,celt.o (ex /home/jiayi/project/T5_TuyaOS-3.13.6/software/TuyaOS/libs/libtuyaos.a),/home/jiayi/project/T5_TuyaOS-3.13.6/software/TuyaOS/libs/libtuyaos.a
248,0,248,248,0,0,0,248,`f8,code_signs.o (ex /home/jiayi/project/T5_TuyaOS-3.13.6/software/TuyaOS/libs/libtuyaos.a),/home/jiayi/project/T5_TuyaOS-3.13.6/software/TuyaOS/libs/libtuyaos.a
600,0,600,52,548,0,0,600,`258,entcode.o (ex /home/jiayi/project/T5_TuyaOS-3.13.6/software/TuyaOS/libs/libtuyaos.a),/home/jiayi/project/T5_TuyaOS-3.13.6/software/TuyaOS/libs/libtuyaos.a
42,0,42,42,0,0,0,42,`2a,init_decoder.o (ex /home/jiayi/project/T5_TuyaOS-3.13.6/software/TuyaOS/libs/libtuyaos.a),/home/jiayi/project/T5_TuyaOS-3.13.6/software/TuyaOS/libs/libtuyaos.a
380,0,380,380,0,0,0,380,`17c,stereo_MS_to_LR.o (ex /home/jiayi/project/T5_TuyaOS-3.13.6/software/TuyaOS/libs/libtuyaos.a),/home/jiayi/project/T5_TuyaOS-3.13.6/software/TuyaOS/libs/libtuyaos.a
735,0,735,384,351,0,0,735,`2df,decoder_set_fs.o (ex /home/jiayi/project/T5_TuyaOS-3.13.6/software/TuyaOS/libs/libtuyaos.a),/home/jiayi/project/T5_TuyaOS-3.13.6/software/TuyaOS/libs/libtuyaos.a
1058,0,1058,828,230,0,0,1058,`422,resampler.o (ex /home/jiayi/project/T5_TuyaOS-3.13.6/software/TuyaOS/libs/libtuyaos.a),/home/jiayi/project/T5_TuyaOS-3.13.6/software/TuyaOS/libs/libtuyaos.a
17886,96,17802,12666,5136,84,12,17898,`45ea,iot_httpc.c.o (ex /home/jiayi/project/T5_TuyaOS-3.13.6/software/TuyaOS/libs/libtuyaos.a),/home/jiayi/project/T5_TuyaOS-3.13.6/software/TuyaOS/libs/libtuyaos.a
7537,64,7537,5362,2175,0,64,7601,`1db1,tuya_cert_manager.c.o (ex /home/jiayi/project/T5_TuyaOS-3.13.6/software/TuyaOS/libs/libtuyaos.a),/home/jiayi/project/T5_TuyaOS-3.13.6/software/TuyaOS/libs/libtuyaos.a
5273,448,5273,4100,1173,0,448,5721,`1659,mqc_app.c.o (ex /home/jiayi/project/T5_TuyaOS-3.13.6/software/TuyaOS/libs/libtuyaos.a),/home/jiayi/project/T5_TuyaOS-3.13.6/software/TuyaOS/libs/libtuyaos.a
7133,60,7073,6054,1019,60,0,7133,`1bdd,tuya_svc_mqtt_client.c.o (ex /home/jiayi/project/T5_TuyaOS-3.13.6/software/TuyaOS/libs/libtuyaos.a),/home/jiayi/project/T5_TuyaOS-3.13.6/software/TuyaOS/libs/libtuyaos.a
3263,16,3263,2456,807,0,16,3279,`ccf,com_protocol.c.o (ex /home/jiayi/project/T5_TuyaOS-3.13.6/software/TuyaOS/libs/libtuyaos.a),/home/jiayi/project/T5_TuyaOS-3.13.6/software/TuyaOS/libs/libtuyaos.a
782,0,782,540,242,0,0,782,`30e,cipher_wrapper.c.o (ex /home/jiayi/project/T5_TuyaOS-3.13.6/software/TuyaOS/libs/libtuyaos.a),/home/jiayi/project/T5_TuyaOS-3.13.6/software/TuyaOS/libs/libtuyaos.a
3751,216,3751,3280,471,0,216,3967,`f7f,log_seq.c.o (ex /home/jiayi/project/T5_TuyaOS-3.13.6/software/TuyaOS/libs/libtuyaos.a),/home/jiayi/project/T5_TuyaOS-3.13.6/software/TuyaOS/libs/libtuyaos.a
2885,60,2857,1972,885,28,32,2917,`b65,tuya_register_center.c.o (ex /home/jiayi/project/T5_TuyaOS-3.13.6/software/TuyaOS/libs/libtuyaos.a),/home/jiayi/project/T5_TuyaOS-3.13.6/software/TuyaOS/libs/libtuyaos.a
2442,112,2442,1880,562,0,112,2554,`9fa,uni_network.c.o (ex /home/jiayi/project/T5_TuyaOS-3.13.6/software/TuyaOS/libs/libtuyaos.a),/home/jiayi/project/T5_TuyaOS-3.13.6/software/TuyaOS/libs/libtuyaos.a
4539,3309,4502,3170,1332,37,3272,7811,`1e83,tuya_tls.c.o (ex /home/jiayi/project/T5_TuyaOS-3.13.6/software/TuyaOS/libs/libtuyaos.a),/home/jiayi/project/T5_TuyaOS-3.13.6/software/TuyaOS/libs/libtuyaos.a
3333,152,3329,2100,1229,4,148,3481,`d99,tuya_svc_online_log.c.o (ex /home/jiayi/project/T5_TuyaOS-3.13.6/software/TuyaOS/libs/libtuyaos.a),/home/jiayi/project/T5_TuyaOS-3.13.6/software/TuyaOS/libs/libtuyaos.a
196,0,196,116,80,0,0,196,`c4,svc_online_log_mqtt.c.o (ex /home/jiayi/project/T5_TuyaOS-3.13.6/software/TuyaOS/libs/libtuyaos.a),/home/jiayi/project/T5_TuyaOS-3.13.6/software/TuyaOS/libs/libtuyaos.a
900,40,900,864,36,0,40,940,`3ac,tal_sw_timer.c.o (ex /home/jiayi/project/T5_TuyaOS-3.13.6/software/TuyaOS/libs/libtuyaos.a),/home/jiayi/project/T5_TuyaOS-3.13.6/software/TuyaOS/libs/libtuyaos.a
691,44,691,604,87,0,44,735,`2df,tal_system.c.o (ex /home/jiayi/project/T5_TuyaOS-3.13.6/software/TuyaOS/libs/libtuyaos.a),/home/jiayi/project/T5_TuyaOS-3.13.6/software/TuyaOS/libs/libtuyaos.a
316,0,316,316,0,0,0,316,`13c,tal_template.c.o (ex /home/jiayi/project/T5_TuyaOS-3.13.6/software/TuyaOS/libs/libtuyaos.a),/home/jiayi/project/T5_TuyaOS-3.13.6/software/TuyaOS/libs/libtuyaos.a
1913,16,1913,1328,585,0,16,1929,`789,tal_thread.c.o (ex /home/jiayi/project/T5_TuyaOS-3.13.6/software/TuyaOS/libs/libtuyaos.a),/home/jiayi/project/T5_TuyaOS-3.13.6/software/TuyaOS/libs/libtuyaos.a
76,0,76,76,0,0,0,76,`4c,tal_fs.c.o (ex /home/jiayi/project/T5_TuyaOS-3.13.6/software/TuyaOS/libs/libtuyaos.a),/home/jiayi/project/T5_TuyaOS-3.13.6/software/TuyaOS/libs/libtuyaos.a
1458,4,1458,1268,190,0,4,1462,`5b6,tal_log.c.o (ex /home/jiayi/project/T5_TuyaOS-3.13.6/software/TuyaOS/libs/libtuyaos.a),/home/jiayi/project/T5_TuyaOS-3.13.6/software/TuyaOS/libs/libtuyaos.a
713,16,713,424,289,0,16,729,`2d9,tal_sleep.c.o (ex /home/jiayi/project/T5_TuyaOS-3.13.6/software/TuyaOS/libs/libtuyaos.a),/home/jiayi/project/T5_TuyaOS-3.13.6/software/TuyaOS/libs/libtuyaos.a
817,0,817,770,47,0,0,817,`331,tal_workqueue.c.o (ex /home/jiayi/project/T5_TuyaOS-3.13.6/software/TuyaOS/libs/libtuyaos.a),/home/jiayi/project/T5_TuyaOS-3.13.6/software/TuyaOS/libs/libtuyaos.a
1143,4,1143,772,371,0,4,1147,`47b,tuya_devos_stride.c.o (ex /home/jiayi/project/T5_TuyaOS-3.13.6/software/TuyaOS/libs/libtuyaos.a),/home/jiayi/project/T5_TuyaOS-3.13.6/software/TuyaOS/libs/libtuyaos.a
1238,4,1238,1082,156,0,4,1242,`4da,tuya_devos_reset.c.o (ex /home/jiayi/project/T5_TuyaOS-3.13.6/software/TuyaOS/libs/libtuyaos.a),/home/jiayi/project/T5_TuyaOS-3.13.6/software/TuyaOS/libs/libtuyaos.a
5348,9,5348,4092,1256,0,9,5357,`14ed,tuya_svc_devos.c.o (ex /home/jiayi/project/T5_TuyaOS-3.13.6/software/TuyaOS/libs/libtuyaos.a),/home/jiayi/project/T5_TuyaOS-3.13.6/software/TuyaOS/libs/libtuyaos.a
4702,3737,4698,3754,944,4,3733,8435,`20f3,tuya_devos_utils.c.o (ex /home/jiayi/project/T5_TuyaOS-3.13.6/software/TuyaOS/libs/libtuyaos.a),/home/jiayi/project/T5_TuyaOS-3.13.6/software/TuyaOS/libs/libtuyaos.a
139,4,139,110,29,0,4,143,`8f,tuya_devos.c.o (ex /home/jiayi/project/T5_TuyaOS-3.13.6/software/TuyaOS/libs/libtuyaos.a),/home/jiayi/project/T5_TuyaOS-3.13.6/software/TuyaOS/libs/libtuyaos.a
2100,41,2092,1564,528,8,33,2133,`855,tuya_svc_devos_daemons.c.o (ex /home/jiayi/project/T5_TuyaOS-3.13.6/software/TuyaOS/libs/libtuyaos.a),/home/jiayi/project/T5_TuyaOS-3.13.6/software/TuyaOS/libs/libtuyaos.a
1761,28,1761,1428,333,0,28,1789,`6fd,tuya_svc_devos_activate.c.o (ex /home/jiayi/project/T5_TuyaOS-3.13.6/software/TuyaOS/libs/libtuyaos.a),/home/jiayi/project/T5_TuyaOS-3.13.6/software/TuyaOS/libs/libtuyaos.a
763,0,763,508,255,0,0,763,`2fb,tuya_svc_devos_activate_ext_module.c.o (ex /home/jiayi/project/T5_TuyaOS-3.13.6/software/TuyaOS/libs/libtuyaos.a),/home/jiayi/project/T5_TuyaOS-3.13.6/software/TuyaOS/libs/libtuyaos.a
2132,36,2132,1408,724,0,36,2168,`878,tuya_devos_localkey_update.c.o (ex /home/jiayi/project/T5_TuyaOS-3.13.6/software/TuyaOS/libs/libtuyaos.a),/home/jiayi/project/T5_TuyaOS-3.13.6/software/TuyaOS/libs/libtuyaos.a
4223,0,4223,3156,1067,0,0,4223,`107f,ws_db_gw.c.o (ex /home/jiayi/project/T5_TuyaOS-3.13.6/software/TuyaOS/libs/libtuyaos.a),/home/jiayi/project/T5_TuyaOS-3.13.6/software/TuyaOS/libs/libtuyaos.a
2833,4,2833,1884,949,0,4,2837,`b15,tuya_devos_health.c.o (ex /home/jiayi/project/T5_TuyaOS-3.13.6/software/TuyaOS/libs/libtuyaos.a),/home/jiayi/project/T5_TuyaOS-3.13.6/software/TuyaOS/libs/libtuyaos.a
1024,0,1024,720,304,0,0,1024,`400,tuya_devos_mqc.c.o (ex /home/jiayi/project/T5_TuyaOS-3.13.6/software/TuyaOS/libs/libtuyaos.a),/home/jiayi/project/T5_TuyaOS-3.13.6/software/TuyaOS/libs/libtuyaos.a
3893,44,3893,3052,841,0,44,3937,`f61,multi_section_upgrade.c.o (ex /home/jiayi/project/T5_TuyaOS-3.13.6/software/TuyaOS/libs/libtuyaos.a),/home/jiayi/project/T5_TuyaOS-3.13.6/software/TuyaOS/libs/libtuyaos.a
32,8,32,32,0,0,8,40,`28,tuya_svc_schema_upgrade.c.o (ex /home/jiayi/project/T5_TuyaOS-3.13.6/software/TuyaOS/libs/libtuyaos.a),/home/jiayi/project/T5_TuyaOS-3.13.6/software/TuyaOS/libs/libtuyaos.a
567,0,567,412,155,0,0,567,`237,tuya_svc_upgrade_http.c.o (ex /home/jiayi/project/T5_TuyaOS-3.13.6/software/TuyaOS/libs/libtuyaos.a),/home/jiayi/project/T5_TuyaOS-3.13.6/software/TuyaOS/libs/libtuyaos.a
9480,148,9480,7356,2124,0,148,9628,`259c,tuya_svc_upgrade.c.o (ex /home/jiayi/project/T5_TuyaOS-3.13.6/software/TuyaOS/libs/libtuyaos.a),/home/jiayi/project/T5_TuyaOS-3.13.6/software/TuyaOS/libs/libtuyaos.a
626,5,625,376,249,1,4,630,`276,tuya_upgrade_main.c.o (ex /home/jiayi/project/T5_TuyaOS-3.13.6/software/TuyaOS/libs/libtuyaos.a),/home/jiayi/project/T5_TuyaOS-3.13.6/software/TuyaOS/libs/libtuyaos.a
236,33,208,184,24,28,5,241,`f1,tuya_svc_wired.c.o (ex /home/jiayi/project/T5_TuyaOS-3.13.6/software/TuyaOS/libs/libtuyaos.a),/home/jiayi/project/T5_TuyaOS-3.13.6/software/TuyaOS/libs/libtuyaos.a
266,0,266,240,26,0,0,266,`10a,tuya_svc_netmgr.c.o (ex /home/jiayi/project/T5_TuyaOS-3.13.6/software/TuyaOS/libs/libtuyaos.a),/home/jiayi/project/T5_TuyaOS-3.13.6/software/TuyaOS/libs/libtuyaos.a
1393,76,1393,1044,349,0,76,1469,`5bd,tuya_svc_netmgr_linkage.c.o (ex /home/jiayi/project/T5_TuyaOS-3.13.6/software/TuyaOS/libs/libtuyaos.a),/home/jiayi/project/T5_TuyaOS-3.13.6/software/TuyaOS/libs/libtuyaos.a
32,28,4,4,0,28,0,32,`20,tuya_svc_netmgr_linkage_virtual.c.o (ex /home/jiayi/project/T5_TuyaOS-3.13.6/software/TuyaOS/libs/libtuyaos.a),/home/jiayi/project/T5_TuyaOS-3.13.6/software/TuyaOS/libs/libtuyaos.a
2603,12,2603,1828,775,0,12,2615,`a37,tuya_ipc_p2p_common.c.o (ex /home/jiayi/project/T5_TuyaOS-3.13.6/software/TuyaOS/libs/libtuyaos.a),/home/jiayi/project/T5_TuyaOS-3.13.6/software/TuyaOS/libs/libtuyaos.a
3431,200,3431,2312,1119,0,200,3631,`e2f,tuya_tmm_control.c.o (ex /home/jiayi/project/T5_TuyaOS-3.13.6/software/TuyaOS/libs/libtuyaos.a),/home/jiayi/project/T5_TuyaOS-3.13.6/software/TuyaOS/libs/libtuyaos.a
1403,0,1403,1136,267,0,0,1403,`57b,http_inf.c.o (ex /home/jiayi/project/T5_TuyaOS-3.13.6/software/TuyaOS/libs/libtuyaos.a),/home/jiayi/project/T5_TuyaOS-3.13.6/software/TuyaOS/libs/libtuyaos.a
8921,34,8919,5346,3573,2,32,8953,`22f9,httpc.c.o (ex /home/jiayi/project/T5_TuyaOS-3.13.6/software/TuyaOS/libs/libtuyaos.a),/home/jiayi/project/T5_TuyaOS-3.13.6/software/TuyaOS/libs/libtuyaos.a
2109,96,2109,1584,525,0,96,2205,`89d,http_manager.c.o (ex /home/jiayi/project/T5_TuyaOS-3.13.6/software/TuyaOS/libs/libtuyaos.a),/home/jiayi/project/T5_TuyaOS-3.13.6/software/TuyaOS/libs/libtuyaos.a
375,0,375,248,127,0,0,375,`177,tuya_uf_db.c.o (ex /home/jiayi/project/T5_TuyaOS-3.13.6/software/TuyaOS/libs/libtuyaos.a),/home/jiayi/project/T5_TuyaOS-3.13.6/software/TuyaOS/libs/libtuyaos.a
432,4,432,432,0,0,4,436,`1b4,uf_file.c.o (ex /home/jiayi/project/T5_TuyaOS-3.13.6/software/TuyaOS/libs/libtuyaos.a),/home/jiayi/project/T5_TuyaOS-3.13.6/software/TuyaOS/libs/libtuyaos.a
1781,36,1781,1372,409,0,36,1817,`719,uf_flash_file_app.c.o (ex /home/jiayi/project/T5_TuyaOS-3.13.6/software/TuyaOS/libs/libtuyaos.a),/home/jiayi/project/T5_TuyaOS-3.13.6/software/TuyaOS/libs/libtuyaos.a
1654,36,1654,1262,392,0,36,1690,`69a,simple_flash_app.c.o (ex /home/jiayi/project/T5_TuyaOS-3.13.6/software/TuyaOS/libs/libtuyaos.a),/home/jiayi/project/T5_TuyaOS-3.13.6/software/TuyaOS/libs/libtuyaos.a
70,0,70,70,0,0,0,70,`46,tal_wired.c.o (ex /home/jiayi/project/T5_TuyaOS-3.13.6/software/TuyaOS/libs/libtuyaos.a),/home/jiayi/project/T5_TuyaOS-3.13.6/software/TuyaOS/libs/libtuyaos.a
1906,0,1906,1900,6,0,0,1906,`772,tuya_lib_mqtt.c.o (ex /home/jiayi/project/T5_TuyaOS-3.13.6/software/TuyaOS/libs/libtuyaos.a),/home/jiayi/project/T5_TuyaOS-3.13.6/software/TuyaOS/libs/libtuyaos.a
563,0,563,436,127,0,0,563,`233,tal_x509.c.o (ex /home/jiayi/project/T5_TuyaOS-3.13.6/software/TuyaOS/libs/libtuyaos.a),/home/jiayi/project/T5_TuyaOS-3.13.6/software/TuyaOS/libs/libtuyaos.a
514,0,514,514,0,0,0,514,`202,tal_hash.c.o (ex /home/jiayi/project/T5_TuyaOS-3.13.6/software/TuyaOS/libs/libtuyaos.a),/home/jiayi/project/T5_TuyaOS-3.13.6/software/TuyaOS/libs/libtuyaos.a
724,0,724,724,0,0,0,724,`2d4,tal_symmetry.c.o (ex /home/jiayi/project/T5_TuyaOS-3.13.6/software/TuyaOS/libs/libtuyaos.a),/home/jiayi/project/T5_TuyaOS-3.13.6/software/TuyaOS/libs/libtuyaos.a
868,0,868,868,0,0,0,868,`364,tal_network.c.o (ex /home/jiayi/project/T5_TuyaOS-3.13.6/software/TuyaOS/libs/libtuyaos.a),/home/jiayi/project/T5_TuyaOS-3.13.6/software/TuyaOS/libs/libtuyaos.a
192,0,192,192,0,0,0,192,`c0,tuya_transport.c.o (ex /home/jiayi/project/T5_TuyaOS-3.13.6/software/TuyaOS/libs/libtuyaos.a),/home/jiayi/project/T5_TuyaOS-3.13.6/software/TuyaOS/libs/libtuyaos.a
1051,0,1051,876,175,0,0,1051,`41b,tcp_transporter.c.o (ex /home/jiayi/project/T5_TuyaOS-3.13.6/software/TuyaOS/libs/libtuyaos.a),/home/jiayi/project/T5_TuyaOS-3.13.6/software/TuyaOS/libs/libtuyaos.a
801,0,801,574,227,0,0,801,`321,tls_transporter.c.o (ex /home/jiayi/project/T5_TuyaOS-3.13.6/software/TuyaOS/libs/libtuyaos.a),/home/jiayi/project/T5_TuyaOS-3.13.6/software/TuyaOS/libs/libtuyaos.a
60,16,44,44,0,16,0,60,`3c,threading.c.o (ex /home/jiayi/project/T5_TuyaOS-3.13.6/software/TuyaOS/libs/libtuyaos.a),/home/jiayi/project/T5_TuyaOS-3.13.6/software/TuyaOS/libs/libtuyaos.a
930,0,930,930,0,0,0,930,`3a2,entropy.c.o (ex /home/jiayi/project/T5_TuyaOS-3.13.6/software/TuyaOS/libs/libtuyaos.a),/home/jiayi/project/T5_TuyaOS-3.13.6/software/TuyaOS/libs/libtuyaos.a
413,0,413,412,1,0,0,413,`19d,hkdf.c.o (ex /home/jiayi/project/T5_TuyaOS-3.13.6/software/TuyaOS/libs/libtuyaos.a),/home/jiayi/project/T5_TuyaOS-3.13.6/software/TuyaOS/libs/libtuyaos.a
2248,0,2248,2248,0,0,0,2248,`8c8,cipher.c.o (ex /home/jiayi/project/T5_TuyaOS-3.13.6/software/TuyaOS/libs/libtuyaos.a),/home/jiayi/project/T5_TuyaOS-3.13.6/software/TuyaOS/libs/libtuyaos.a
4222,8748,4222,4222,0,0,8748,12970,`32aa,aes.c.o (ex /home/jiayi/project/T5_TuyaOS-3.13.6/software/TuyaOS/libs/libtuyaos.a),/home/jiayi/project/T5_TuyaOS-3.13.6/software/TuyaOS/libs/libtuyaos.a
8478,0,8478,7806,672,0,0,8478,`211e,bignum.c.o (ex /home/jiayi/project/T5_TuyaOS-3.13.6/software/TuyaOS/libs/libtuyaos.a),/home/jiayi/project/T5_TuyaOS-3.13.6/software/TuyaOS/libs/libtuyaos.a
1213,0,1213,1100,113,0,0,1213,`4bd,md.c.o (ex /home/jiayi/project/T5_TuyaOS-3.13.6/software/TuyaOS/libs/libtuyaos.a),/home/jiayi/project/T5_TuyaOS-3.13.6/software/TuyaOS/libs/libtuyaos.a
4132,0,4132,4132,0,0,0,4132,`1024,sha1.c.o (ex /home/jiayi/project/T5_TuyaOS-3.13.6/software/TuyaOS/libs/libtuyaos.a),/home/jiayi/project/T5_TuyaOS-3.13.6/software/TuyaOS/libs/libtuyaos.a
784,0,784,784,0,0,0,784,`310,chachapoly.c.o (ex /home/jiayi/project/T5_TuyaOS-3.13.6/software/TuyaOS/libs/libtuyaos.a),/home/jiayi/project/T5_TuyaOS-3.13.6/software/TuyaOS/libs/libtuyaos.a
1504,0,1504,1504,0,0,0,1504,`5e0,ccm.c.o (ex /home/jiayi/project/T5_TuyaOS-3.13.6/software/TuyaOS/libs/libtuyaos.a),/home/jiayi/project/T5_TuyaOS-3.13.6/software/TuyaOS/libs/libtuyaos.a
1374,0,1374,1374,0,0,0,1374,`55e,constant_time.c.o (ex /home/jiayi/project/T5_TuyaOS-3.13.6/software/TuyaOS/libs/libtuyaos.a),/home/jiayi/project/T5_TuyaOS-3.13.6/software/TuyaOS/libs/libtuyaos.a
62,0,62,62,0,0,0,62,`3e,entropy_poll.c.o (ex /home/jiayi/project/T5_TuyaOS-3.13.6/software/TuyaOS/libs/libtuyaos.a),/home/jiayi/project/T5_TuyaOS-3.13.6/software/TuyaOS/libs/libtuyaos.a
892,0,892,892,0,0,0,892,`37c,chacha20.c.o (ex /home/jiayi/project/T5_TuyaOS-3.13.6/software/TuyaOS/libs/libtuyaos.a),/home/jiayi/project/T5_TuyaOS-3.13.6/software/TuyaOS/libs/libtuyaos.a
24,4,20,20,0,4,0,24,`18,platform_util.c.o (ex /home/jiayi/project/T5_TuyaOS-3.13.6/software/TuyaOS/libs/libtuyaos.a),/home/jiayi/project/T5_TuyaOS-3.13.6/software/TuyaOS/libs/libtuyaos.a
7276,18,7276,6880,396,0,18,7294,`1c7e,ecp.c.o (ex /home/jiayi/project/T5_TuyaOS-3.13.6/software/TuyaOS/libs/libtuyaos.a),/home/jiayi/project/T5_TuyaOS-3.13.6/software/TuyaOS/libs/libtuyaos.a
6503,64,6439,6346,93,64,0,6503,`1967,ssl_tls.c.o (ex /home/jiayi/project/T5_TuyaOS-3.13.6/software/TuyaOS/libs/libtuyaos.a),/home/jiayi/project/T5_TuyaOS-3.13.6/software/TuyaOS/libs/libtuyaos.a
1058,0,1058,1058,0,0,0,1058,`422,poly1305.c.o (ex /home/jiayi/project/T5_TuyaOS-3.13.6/software/TuyaOS/libs/libtuyaos.a),/home/jiayi/project/T5_TuyaOS-3.13.6/software/TuyaOS/libs/libtuyaos.a
3808,0,3808,3786,22,0,0,3808,`ee0,ssl_cli.c.o (ex /home/jiayi/project/T5_TuyaOS-3.13.6/software/TuyaOS/libs/libtuyaos.a),/home/jiayi/project/T5_TuyaOS-3.13.6/software/TuyaOS/libs/libtuyaos.a
1272,0,1272,1264,8,0,0,1272,`4f8,pkparse.c.o (ex /home/jiayi/project/T5_TuyaOS-3.13.6/software/TuyaOS/libs/libtuyaos.a),/home/jiayi/project/T5_TuyaOS-3.13.6/software/TuyaOS/libs/libtuyaos.a
1220,0,1220,1220,0,0,0,1220,`4c4,ctr_drbg.c.o (ex /home/jiayi/project/T5_TuyaOS-3.13.6/software/TuyaOS/libs/libtuyaos.a),/home/jiayi/project/T5_TuyaOS-3.13.6/software/TuyaOS/libs/libtuyaos.a
4270,0,4270,3630,640,0,0,4270,`10ae,sha512.c.o (ex /home/jiayi/project/T5_TuyaOS-3.13.6/software/TuyaOS/libs/libtuyaos.a),/home/jiayi/project/T5_TuyaOS-3.13.6/software/TuyaOS/libs/libtuyaos.a
4693,0,4693,4584,109,0,0,4693,`1255,x509_crt.c.o (ex /home/jiayi/project/T5_TuyaOS-3.13.6/software/TuyaOS/libs/libtuyaos.a),/home/jiayi/project/T5_TuyaOS-3.13.6/software/TuyaOS/libs/libtuyaos.a
3862,0,3862,3862,0,0,0,3862,`f16,ssl_msg.c.o (ex /home/jiayi/project/T5_TuyaOS-3.13.6/software/TuyaOS/libs/libtuyaos.a),/home/jiayi/project/T5_TuyaOS-3.13.6/software/TuyaOS/libs/libtuyaos.a
2644,0,2644,2388,256,0,0,2644,`a54,sha256.c.o (ex /home/jiayi/project/T5_TuyaOS-3.13.6/software/TuyaOS/libs/libtuyaos.a),/home/jiayi/project/T5_TuyaOS-3.13.6/software/TuyaOS/libs/libtuyaos.a
540,0,540,524,16,0,0,540,`21c,pk.c.o (ex /home/jiayi/project/T5_TuyaOS-3.13.6/software/TuyaOS/libs/libtuyaos.a),/home/jiayi/project/T5_TuyaOS-3.13.6/software/TuyaOS/libs/libtuyaos.a
564,0,564,564,0,0,0,564,`234,base64.c.o (ex /home/jiayi/project/T5_TuyaOS-3.13.6/software/TuyaOS/libs/libtuyaos.a),/home/jiayi/project/T5_TuyaOS-3.13.6/software/TuyaOS/libs/libtuyaos.a
52,8,44,44,0,8,0,52,`34,platform.c.o (ex /home/jiayi/project/T5_TuyaOS-3.13.6/software/TuyaOS/libs/libtuyaos.a),/home/jiayi/project/T5_TuyaOS-3.13.6/software/TuyaOS/libs/libtuyaos.a
1127,0,1127,1020,107,0,0,1127,`467,pem.c.o (ex /home/jiayi/project/T5_TuyaOS-3.13.6/software/TuyaOS/libs/libtuyaos.a),/home/jiayi/project/T5_TuyaOS-3.13.6/software/TuyaOS/libs/libtuyaos.a
2062,0,2062,410,1652,0,0,2062,`80e,cipher_wrap.c.o (ex /home/jiayi/project/T5_TuyaOS-3.13.6/software/TuyaOS/libs/libtuyaos.a),/home/jiayi/project/T5_TuyaOS-3.13.6/software/TuyaOS/libs/libtuyaos.a
390,0,390,390,0,0,0,390,`186,asn1write.c.o (ex /home/jiayi/project/T5_TuyaOS-3.13.6/software/TuyaOS/libs/libtuyaos.a),/home/jiayi/project/T5_TuyaOS-3.13.6/software/TuyaOS/libs/libtuyaos.a
3792,52,3792,2250,1542,0,52,3844,`f04,tuya_ipc_media_adapter.c.o (ex /home/jiayi/project/T5_TuyaOS-3.13.6/software/TuyaOS/libs/libtuyaos.a),/home/jiayi/project/T5_TuyaOS-3.13.6/software/TuyaOS/libs/libtuyaos.a
162,4,162,84,78,0,4,166,`a6,tuya_ipc_media_stream_event.c.o (ex /home/jiayi/project/T5_TuyaOS-3.13.6/software/TuyaOS/libs/libtuyaos.a),/home/jiayi/project/T5_TuyaOS-3.13.6/software/TuyaOS/libs/libtuyaos.a
1159,380,1111,766,345,48,332,1491,`5d3,tuya_ipc_mqtt_subscribe.c.o (ex /home/jiayi/project/T5_TuyaOS-3.13.6/software/TuyaOS/libs/libtuyaos.a),/home/jiayi/project/T5_TuyaOS-3.13.6/software/TuyaOS/libs/libtuyaos.a
48,12,48,48,0,0,12,60,`3c,tuya_ipc_data_struct_adapter.c.o (ex /home/jiayi/project/T5_TuyaOS-3.13.6/software/TuyaOS/libs/libtuyaos.a),/home/jiayi/project/T5_TuyaOS-3.13.6/software/TuyaOS/libs/libtuyaos.a
2243,36,2243,1656,587,0,36,2279,`8e7,tuya_ipc_media_stream.c.o (ex /home/jiayi/project/T5_TuyaOS-3.13.6/software/TuyaOS/libs/libtuyaos.a),/home/jiayi/project/T5_TuyaOS-3.13.6/software/TuyaOS/libs/libtuyaos.a
217,220,217,140,77,0,220,437,`1b5,tuya_imm_service_log.c.o (ex /home/jiayi/project/T5_TuyaOS-3.13.6/software/TuyaOS/libs/libtuyaos.a),/home/jiayi/project/T5_TuyaOS-3.13.6/software/TuyaOS/libs/libtuyaos.a
2100,72,2100,1432,668,0,72,2172,`87c,tuya_ipc_skill.c.o (ex /home/jiayi/project/T5_TuyaOS-3.13.6/software/TuyaOS/libs/libtuyaos.a),/home/jiayi/project/T5_TuyaOS-3.13.6/software/TuyaOS/libs/libtuyaos.a
2707,36,2707,2086,621,0,36,2743,`ab7,tuya_ai_input.c.o (ex /home/jiayi/project/T5_TuyaOS-3.13.6/software/TuyaOS/libs/libtuyaos.a),/home/jiayi/project/T5_TuyaOS-3.13.6/software/TuyaOS/libs/libtuyaos.a
1466,48,1466,1136,330,0,48,1514,`5ea,tuya_ai_output.c.o (ex /home/jiayi/project/T5_TuyaOS-3.13.6/software/TuyaOS/libs/libtuyaos.a),/home/jiayi/project/T5_TuyaOS-3.13.6/software/TuyaOS/libs/libtuyaos.a
10098,1648,10098,7920,2178,0,1648,11746,`2de2,tuya_ai_agent.c.o (ex /home/jiayi/project/T5_TuyaOS-3.13.6/software/TuyaOS/libs/libtuyaos.a),/home/jiayi/project/T5_TuyaOS-3.13.6/software/TuyaOS/libs/libtuyaos.a
5507,44,5479,4092,1387,28,16,5523,`1593,tuya_wifi_link.c.o (ex /home/jiayi/project/T5_TuyaOS-3.13.6/software/TuyaOS/libs/libtuyaos.a),/home/jiayi/project/T5_TuyaOS-3.13.6/software/TuyaOS/libs/libtuyaos.a
4669,25,4668,3428,1240,1,24,4693,`1255,tuya_wifi_netcfg.c.o (ex /home/jiayi/project/T5_TuyaOS-3.13.6/software/TuyaOS/libs/libtuyaos.a),/home/jiayi/project/T5_TuyaOS-3.13.6/software/TuyaOS/libs/libtuyaos.a
3578,36,3574,2724,850,4,32,3610,`e1a,tuya_wifi_reset.c.o (ex /home/jiayi/project/T5_TuyaOS-3.13.6/software/TuyaOS/libs/libtuyaos.a),/home/jiayi/project/T5_TuyaOS-3.13.6/software/TuyaOS/libs/libtuyaos.a
708,12,707,524,183,1,11,719,`2cf,tuya_wifi_status.c.o (ex /home/jiayi/project/T5_TuyaOS-3.13.6/software/TuyaOS/libs/libtuyaos.a),/home/jiayi/project/T5_TuyaOS-3.13.6/software/TuyaOS/libs/libtuyaos.a
4606,44,4602,3196,1406,4,40,4646,`1226,tuya_wifi_connect.c.o (ex /home/jiayi/project/T5_TuyaOS-3.13.6/software/TuyaOS/libs/libtuyaos.a),/home/jiayi/project/T5_TuyaOS-3.13.6/software/TuyaOS/libs/libtuyaos.a
10736,68,10676,8036,2640,60,8,10744,`29f8,tuya_wifi_protect.c.o (ex /home/jiayi/project/T5_TuyaOS-3.13.6/software/TuyaOS/libs/libtuyaos.a),/home/jiayi/project/T5_TuyaOS-3.13.6/software/TuyaOS/libs/libtuyaos.a
1777,4,1777,1468,309,0,4,1781,`6f5,wifi_netcfg_frame_sniffer.c.o (ex /home/jiayi/project/T5_TuyaOS-3.13.6/software/TuyaOS/libs/libtuyaos.a),/home/jiayi/project/T5_TuyaOS-3.13.6/software/TuyaOS/libs/libtuyaos.a
1026,37,994,760,234,32,5,1031,`407,netcfg_module.c.o (ex /home/jiayi/project/T5_TuyaOS-3.13.6/software/TuyaOS/libs/libtuyaos.a),/home/jiayi/project/T5_TuyaOS-3.13.6/software/TuyaOS/libs/libtuyaos.a
11111,60,11111,8030,3081,0,60,11171,`2ba3,ap_netcfg.c.o (ex /home/jiayi/project/T5_TuyaOS-3.13.6/software/TuyaOS/libs/libtuyaos.a),/home/jiayi/project/T5_TuyaOS-3.13.6/software/TuyaOS/libs/libtuyaos.a
1254,0,1254,732,522,0,0,1254,`4e6,wifi_ap_activate.c.o (ex /home/jiayi/project/T5_TuyaOS-3.13.6/software/TuyaOS/libs/libtuyaos.a),/home/jiayi/project/T5_TuyaOS-3.13.6/software/TuyaOS/libs/libtuyaos.a
182,0,182,182,0,0,0,182,`b6,ap_pbkdf2.c.o (ex /home/jiayi/project/T5_TuyaOS-3.13.6/software/TuyaOS/libs/libtuyaos.a),/home/jiayi/project/T5_TuyaOS-3.13.6/software/TuyaOS/libs/libtuyaos.a
3446,16,3442,2908,534,4,12,3458,`d82,wifi_netcfg_frame_transporter.c.o (ex /home/jiayi/project/T5_TuyaOS-3.13.6/software/TuyaOS/libs/libtuyaos.a),/home/jiayi/project/T5_TuyaOS-3.13.6/software/TuyaOS/libs/libtuyaos.a
228,12,228,228,0,0,12,240,`f0,tuya_ai_encoder.c.o (ex /home/jiayi/project/T5_TuyaOS-3.13.6/software/TuyaOS/libs/libtuyaos.a),/home/jiayi/project/T5_TuyaOS-3.13.6/software/TuyaOS/libs/libtuyaos.a
1228,24,1204,880,324,24,0,1228,`4cc,tuya_ai_encoder_opus.c.o (ex /home/jiayi/project/T5_TuyaOS-3.13.6/software/TuyaOS/libs/libtuyaos.a),/home/jiayi/project/T5_TuyaOS-3.13.6/software/TuyaOS/libs/libtuyaos.a
212,0,212,212,0,0,0,212,`d4,audio_subsys_rnn_vad.c.o (ex /home/jiayi/project/T5_TuyaOS-3.13.6/software/TuyaOS/libs/libtuyaos.a),/home/jiayi/project/T5_TuyaOS-3.13.6/software/TuyaOS/libs/libtuyaos.a
868,996,868,868,0,0,996,1864,`748,rnn_vad_interface.c.o (ex /home/jiayi/project/T5_TuyaOS-3.13.6/software/TuyaOS/libs/libtuyaos.a),/home/jiayi/project/T5_TuyaOS-3.13.6/software/TuyaOS/libs/libtuyaos.a
244,0,244,244,0,0,0,244,`f4,audio_subsys_speexdsp_wrap2.c.o (ex /home/jiayi/project/T5_TuyaOS-3.13.6/software/TuyaOS/libs/libtuyaos.a),/home/jiayi/project/T5_TuyaOS-3.13.6/software/TuyaOS/libs/libtuyaos.a
776,0,776,656,120,0,0,776,`308,biquad.c.o (ex /home/jiayi/project/T5_TuyaOS-3.13.6/software/TuyaOS/libs/libtuyaos.a),/home/jiayi/project/T5_TuyaOS-3.13.6/software/TuyaOS/libs/libtuyaos.a
4796,0,4796,4796,0,0,0,4796,`12bc,preprocess.c.o (ex /home/jiayi/project/T5_TuyaOS-3.13.6/software/TuyaOS/libs/libtuyaos.a),/home/jiayi/project/T5_TuyaOS-3.13.6/software/TuyaOS/libs/libtuyaos.a
4328,0,4328,4328,0,0,0,4328,`10e8,mdf.c.o (ex /home/jiayi/project/T5_TuyaOS-3.13.6/software/TuyaOS/libs/libtuyaos.a),/home/jiayi/project/T5_TuyaOS-3.13.6/software/TuyaOS/libs/libtuyaos.a
7434,0,7434,236,7198,0,0,7434,`1d0a,tuya_g711_utils.c.o (ex /home/jiayi/project/T5_TuyaOS-3.13.6/software/TuyaOS/libs/libtuyaos.a),/home/jiayi/project/T5_TuyaOS-3.13.6/software/TuyaOS/libs/libtuyaos.a
144,0,144,144,0,0,0,144,`90,tal_flash.c.o (ex /home/jiayi/project/T5_TuyaOS-3.13.6/software/TuyaOS/libs/libtuyaos.a),/home/jiayi/project/T5_TuyaOS-3.13.6/software/TuyaOS/libs/libtuyaos.a
114,4,110,110,0,4,0,114,`72,tal_rtc.c.o (ex /home/jiayi/project/T5_TuyaOS-3.13.6/software/TuyaOS/libs/libtuyaos.a),/home/jiayi/project/T5_TuyaOS-3.13.6/software/TuyaOS/libs/libtuyaos.a
40,0,40,40,0,0,0,40,`28,tal_watchdog.c.o (ex /home/jiayi/project/T5_TuyaOS-3.13.6/software/TuyaOS/libs/libtuyaos.a),/home/jiayi/project/T5_TuyaOS-3.13.6/software/TuyaOS/libs/libtuyaos.a
203,4,203,186,17,0,4,207,`cf,uni_random.c.o (ex /home/jiayi/project/T5_TuyaOS-3.13.6/software/TuyaOS/libs/libtuyaos.a),/home/jiayi/project/T5_TuyaOS-3.13.6/software/TuyaOS/libs/libtuyaos.a
1027,4,1023,832,191,4,0,1027,`403,tal_wifi_mgnt.c.o (ex /home/jiayi/project/T5_TuyaOS-3.13.6/software/TuyaOS/libs/libtuyaos.a),/home/jiayi/project/T5_TuyaOS-3.13.6/software/TuyaOS/libs/libtuyaos.a
12,4,12,12,0,0,4,16,`10,tuya_iot_api_pre_handle.c.o (ex /home/jiayi/project/T5_TuyaOS-3.13.6/software/TuyaOS/libs/libtuyaos.a),/home/jiayi/project/T5_TuyaOS-3.13.6/software/TuyaOS/libs/libtuyaos.a
110,0,110,110,0,0,0,110,`6e,tuya_p2p_lite_ikcp_pacing.c.o (ex /home/jiayi/project/T5_TuyaOS-3.13.6/software/TuyaOS/libs/libtuyaos.a),/home/jiayi/project/T5_TuyaOS-3.13.6/software/TuyaOS/libs/libtuyaos.a
1270,4,1270,1020,250,0,4,1274,`4fa,tuya_p2p_lite_kcppool.c.o (ex /home/jiayi/project/T5_TuyaOS-3.13.6/software/TuyaOS/libs/libtuyaos.a),/home/jiayi/project/T5_TuyaOS-3.13.6/software/TuyaOS/libs/libtuyaos.a
2667,4,2663,2050,613,4,0,2667,`a6b,tuya_p2p_lite_tcp_relay.c.o (ex /home/jiayi/project/T5_TuyaOS-3.13.6/software/TuyaOS/libs/libtuyaos.a),/home/jiayi/project/T5_TuyaOS-3.13.6/software/TuyaOS/libs/libtuyaos.a
718,0,718,718,0,0,0,718,`2ce,tuya_p2p_lite_cong_cubic.c.o (ex /home/jiayi/project/T5_TuyaOS-3.13.6/software/TuyaOS/libs/libtuyaos.a),/home/jiayi/project/T5_TuyaOS-3.13.6/software/TuyaOS/libs/libtuyaos.a
432,0,432,422,10,0,0,432,`1b0,tuya_p2p_lite_stun_transaction.c.o (ex /home/jiayi/project/T5_TuyaOS-3.13.6/software/TuyaOS/libs/libtuyaos.a),/home/jiayi/project/T5_TuyaOS-3.13.6/software/TuyaOS/libs/libtuyaos.a
1196,0,1196,172,1024,0,0,1196,`4ac,tuya_p2p_lite_crc32.c.o (ex /home/jiayi/project/T5_TuyaOS-3.13.6/software/TuyaOS/libs/libtuyaos.a),/home/jiayi/project/T5_TuyaOS-3.13.6/software/TuyaOS/libs/libtuyaos.a
194,0,194,194,0,0,0,194,`c2,tuya_p2p_lite_hmac_sha1.c.o (ex /home/jiayi/project/T5_TuyaOS-3.13.6/software/TuyaOS/libs/libtuyaos.a),/home/jiayi/project/T5_TuyaOS-3.13.6/software/TuyaOS/libs/libtuyaos.a
715,0,715,658,57,0,0,715,`2cb,tuya_p2p_lite_stun_auth.c.o (ex /home/jiayi/project/T5_TuyaOS-3.13.6/software/TuyaOS/libs/libtuyaos.a),/home/jiayi/project/T5_TuyaOS-3.13.6/software/TuyaOS/libs/libtuyaos.a
4052,0,4052,4048,4,0,0,4052,`fd4,tuya_p2p_lite_sha1.c.o (ex /home/jiayi/project/T5_TuyaOS-3.13.6/software/TuyaOS/libs/libtuyaos.a),/home/jiayi/project/T5_TuyaOS-3.13.6/software/TuyaOS/libs/libtuyaos.a
4177,0,4177,2924,1253,0,0,4177,`1051,tuya_p2p_lite_tcp_socket.c.o (ex /home/jiayi/project/T5_TuyaOS-3.13.6/software/TuyaOS/libs/libtuyaos.a),/home/jiayi/project/T5_TuyaOS-3.13.6/software/TuyaOS/libs/libtuyaos.a
10963,4,10963,9480,1483,0,4,10967,`2ad7,simple_flash.c.o (ex /home/jiayi/project/T5_TuyaOS-3.13.6/software/TuyaOS/libs/libtuyaos.a),/home/jiayi/project/T5_TuyaOS-3.13.6/software/TuyaOS/libs/libtuyaos.a
1231,0,1231,1078,153,0,0,1231,`4cf,CNG.o (ex /home/jiayi/project/T5_TuyaOS-3.13.6/software/TuyaOS/libs/libtuyaos.a),/home/jiayi/project/T5_TuyaOS-3.13.6/software/TuyaOS/libs/libtuyaos.a
1296,0,1296,1050,246,0,0,1296,`510,VAD.o (ex /home/jiayi/project/T5_TuyaOS-3.13.6/software/TuyaOS/libs/libtuyaos.a),/home/jiayi/project/T5_TuyaOS-3.13.6/software/TuyaOS/libs/libtuyaos.a
7650,0,7650,6422,1228,0,0,7650,`1de2,celt_decoder.o (ex /home/jiayi/project/T5_TuyaOS-3.13.6/software/TuyaOS/libs/libtuyaos.a),/home/jiayi/project/T5_TuyaOS-3.13.6/software/TuyaOS/libs/libtuyaos.a
14105,0,14105,13718,387,0,0,14105,`3719,celt_encoder.o (ex /home/jiayi/project/T5_TuyaOS-3.13.6/software/TuyaOS/libs/libtuyaos.a),/home/jiayi/project/T5_TuyaOS-3.13.6/software/TuyaOS/libs/libtuyaos.a
2199,0,2199,1852,347,0,0,2199,`897,vq.o (ex /home/jiayi/project/T5_TuyaOS-3.13.6/software/TuyaOS/libs/libtuyaos.a),/home/jiayi/project/T5_TuyaOS-3.13.6/software/TuyaOS/libs/libtuyaos.a
9593,0,9593,9122,471,0,0,9593,`2579,bands.o (ex /home/jiayi/project/T5_TuyaOS-3.13.6/software/TuyaOS/libs/libtuyaos.a),/home/jiayi/project/T5_TuyaOS-3.13.6/software/TuyaOS/libs/libtuyaos.a
2645,0,2645,2326,319,0,0,2645,`a55,pitch.o (ex /home/jiayi/project/T5_TuyaOS-3.13.6/software/TuyaOS/libs/libtuyaos.a),/home/jiayi/project/T5_TuyaOS-3.13.6/software/TuyaOS/libs/libtuyaos.a
10277,0,10277,9724,553,0,0,10277,`2825,opus_encoder.o (ex /home/jiayi/project/T5_TuyaOS-3.13.6/software/TuyaOS/libs/libtuyaos.a),/home/jiayi/project/T5_TuyaOS-3.13.6/software/TuyaOS/libs/libtuyaos.a
834,0,834,834,0,0,0,834,`342,repacketizer.o (ex /home/jiayi/project/T5_TuyaOS-3.13.6/software/TuyaOS/libs/libtuyaos.a),/home/jiayi/project/T5_TuyaOS-3.13.6/software/TuyaOS/libs/libtuyaos.a
1173,0,1173,1044,129,0,0,1173,`495,resampler_private_down_FIR.o (ex /home/jiayi/project/T5_TuyaOS-3.13.6/software/TuyaOS/libs/libtuyaos.a),/home/jiayi/project/T5_TuyaOS-3.13.6/software/TuyaOS/libs/libtuyaos.a
831,0,831,672,159,0,0,831,`33f,decode_indices.o (ex /home/jiayi/project/T5_TuyaOS-3.13.6/software/TuyaOS/libs/libtuyaos.a),/home/jiayi/project/T5_TuyaOS-3.13.6/software/TuyaOS/libs/libtuyaos.a
122,0,122,122,0,0,0,122,`7a,NLSF_unpack.o (ex /home/jiayi/project/T5_TuyaOS-3.13.6/software/TuyaOS/libs/libtuyaos.a),/home/jiayi/project/T5_TuyaOS-3.13.6/software/TuyaOS/libs/libtuyaos.a
658,0,658,376,282,0,0,658,`292,decode_frame.o (ex /home/jiayi/project/T5_TuyaOS-3.13.6/software/TuyaOS/libs/libtuyaos.a),/home/jiayi/project/T5_TuyaOS-3.13.6/software/TuyaOS/libs/libtuyaos.a
1110,0,1110,1110,0,0,0,1110,`456,mdct.o (ex /home/jiayi/project/T5_TuyaOS-3.13.6/software/TuyaOS/libs/libtuyaos.a),/home/jiayi/project/T5_TuyaOS-3.13.6/software/TuyaOS/libs/libtuyaos.a
3004,0,3004,2624,380,0,0,3004,`bbc,quant_bands.o (ex /home/jiayi/project/T5_TuyaOS-3.13.6/software/TuyaOS/libs/libtuyaos.a),/home/jiayi/project/T5_TuyaOS-3.13.6/software/TuyaOS/libs/libtuyaos.a
52,0,52,52,0,0,0,52,`34,resampler_private_AR2.o (ex /home/jiayi/project/T5_TuyaOS-3.13.6/software/TuyaOS/libs/libtuyaos.a),/home/jiayi/project/T5_TuyaOS-3.13.6/software/TuyaOS/libs/libtuyaos.a
576,0,576,428,148,0,0,576,`240,NLSF2A.o (ex /home/jiayi/project/T5_TuyaOS-3.13.6/software/TuyaOS/libs/libtuyaos.a),/home/jiayi/project/T5_TuyaOS-3.13.6/software/TuyaOS/libs/libtuyaos.a
1302,0,1302,1072,230,0,0,1302,`516,entenc.o (ex /home/jiayi/project/T5_TuyaOS-3.13.6/software/TuyaOS/libs/libtuyaos.a),/home/jiayi/project/T5_TuyaOS-3.13.6/software/TuyaOS/libs/libtuyaos.a
696,0,696,696,0,0,0,696,`2b8,shell_coder.o (ex /home/jiayi/project/T5_TuyaOS-3.13.6/software/TuyaOS/libs/libtuyaos.a),/home/jiayi/project/T5_TuyaOS-3.13.6/software/TuyaOS/libs/libtuyaos.a
260,0,260,260,0,0,0,260,`104,LPC_fit.o (ex /home/jiayi/project/T5_TuyaOS-3.13.6/software/TuyaOS/libs/libtuyaos.a),/home/jiayi/project/T5_TuyaOS-3.13.6/software/TuyaOS/libs/libtuyaos.a
240,0,240,240,0,0,0,240,`f0,resampler_private_up2_HQ.o (ex /home/jiayi/project/T5_TuyaOS-3.13.6/software/TuyaOS/libs/libtuyaos.a),/home/jiayi/project/T5_TuyaOS-3.13.6/software/TuyaOS/libs/libtuyaos.a
664,0,664,664,0,0,0,664,`298,mathops.o (ex /home/jiayi/project/T5_TuyaOS-3.13.6/software/TuyaOS/libs/libtuyaos.a),/home/jiayi/project/T5_TuyaOS-3.13.6/software/TuyaOS/libs/libtuyaos.a
9043,0,9043,56,8987,0,0,9043,`2353,modes.o (ex /home/jiayi/project/T5_TuyaOS-3.13.6/software/TuyaOS/libs/libtuyaos.a),/home/jiayi/project/T5_TuyaOS-3.13.6/software/TuyaOS/libs/libtuyaos.a
2371,0,2371,2112,259,0,0,2371,`943,rate.o (ex /home/jiayi/project/T5_TuyaOS-3.13.6/software/TuyaOS/libs/libtuyaos.a),/home/jiayi/project/T5_TuyaOS-3.13.6/software/TuyaOS/libs/libtuyaos.a
46,0,46,46,0,0,0,46,`2e,lin2log.o (ex /home/jiayi/project/T5_TuyaOS-3.13.6/software/TuyaOS/libs/libtuyaos.a),/home/jiayi/project/T5_TuyaOS-3.13.6/software/TuyaOS/libs/libtuyaos.a
619,0,619,384,235,0,0,619,`26b,laplace.o (ex /home/jiayi/project/T5_TuyaOS-3.13.6/software/TuyaOS/libs/libtuyaos.a),/home/jiayi/project/T5_TuyaOS-3.13.6/software/TuyaOS/libs/libtuyaos.a
344,0,344,344,0,0,0,344,`158,resampler_private_IIR_FIR.o (ex /home/jiayi/project/T5_TuyaOS-3.13.6/software/TuyaOS/libs/libtuyaos.a),/home/jiayi/project/T5_TuyaOS-3.13.6/software/TuyaOS/libs/libtuyaos.a
616,0,616,616,0,0,0,616,`268,LPC_inv_pred_gain.o (ex /home/jiayi/project/T5_TuyaOS-3.13.6/software/TuyaOS/libs/libtuyaos.a),/home/jiayi/project/T5_TuyaOS-3.13.6/software/TuyaOS/libs/libtuyaos.a
492,0,492,492,0,0,0,492,`1ec,biquad_alt.o (ex /home/jiayi/project/T5_TuyaOS-3.13.6/software/TuyaOS/libs/libtuyaos.a),/home/jiayi/project/T5_TuyaOS-3.13.6/software/TuyaOS/libs/libtuyaos.a
82,0,82,82,0,0,0,82,`52,log2lin.o (ex /home/jiayi/project/T5_TuyaOS-3.13.6/software/TuyaOS/libs/libtuyaos.a),/home/jiayi/project/T5_TuyaOS-3.13.6/software/TuyaOS/libs/libtuyaos.a
2315,0,2315,2150,165,0,0,2315,`90b,PLC.o (ex /home/jiayi/project/T5_TuyaOS-3.13.6/software/TuyaOS/libs/libtuyaos.a),/home/jiayi/project/T5_TuyaOS-3.13.6/software/TuyaOS/libs/libtuyaos.a
1741,0,1741,1548,193,0,0,1741,`6cd,decode_core.o (ex /home/jiayi/project/T5_TuyaOS-3.13.6/software/TuyaOS/libs/libtuyaos.a),/home/jiayi/project/T5_TuyaOS-3.13.6/software/TuyaOS/libs/libtuyaos.a
5921,0,5921,616,5305,0,0,5921,`1721,cwrs.o (ex /home/jiayi/project/T5_TuyaOS-3.13.6/software/TuyaOS/libs/libtuyaos.a),/home/jiayi/project/T5_TuyaOS-3.13.6/software/TuyaOS/libs/libtuyaos.a
1093,12,1093,788,305,0,12,1105,`451,svc_netcfg_qrcode.c.o (ex /home/jiayi/project/T5_TuyaOS-3.13.6/software/TuyaOS/libs/libtuyaos.a),/home/jiayi/project/T5_TuyaOS-3.13.6/software/TuyaOS/libs/libtuyaos.a
1794,28,1794,1312,482,0,28,1822,`71e,tuya_svc_mqtt_direct.c.o (ex /home/jiayi/project/T5_TuyaOS-3.13.6/software/TuyaOS/libs/libtuyaos.a),/home/jiayi/project/T5_TuyaOS-3.13.6/software/TuyaOS/libs/libtuyaos.a
600,32,600,496,104,0,32,632,`278,mqc_app_time.c.o (ex /home/jiayi/project/T5_TuyaOS-3.13.6/software/TuyaOS/libs/libtuyaos.a),/home/jiayi/project/T5_TuyaOS-3.13.6/software/TuyaOS/libs/libtuyaos.a
4491,4,4491,3324,1167,0,4,4495,`118f,astro_timer.c.o (ex /home/jiayi/project/T5_TuyaOS-3.13.6/software/TuyaOS/libs/libtuyaos.a),/home/jiayi/project/T5_TuyaOS-3.13.6/software/TuyaOS/libs/libtuyaos.a
10490,256,10490,7742,2748,0,256,10746,`29fa,tuya_svc_timer_task.c.o (ex /home/jiayi/project/T5_TuyaOS-3.13.6/software/TuyaOS/libs/libtuyaos.a),/home/jiayi/project/T5_TuyaOS-3.13.6/software/TuyaOS/libs/libtuyaos.a
812,12,812,658,154,0,12,824,`338,ty_meta_report.c.o (ex /home/jiayi/project/T5_TuyaOS-3.13.6/software/TuyaOS/libs/libtuyaos.a),/home/jiayi/project/T5_TuyaOS-3.13.6/software/TuyaOS/libs/libtuyaos.a
147,0,147,120,27,0,0,147,`93,svc_online_log_db.c.o (ex /home/jiayi/project/T5_TuyaOS-3.13.6/software/TuyaOS/libs/libtuyaos.a),/home/jiayi/project/T5_TuyaOS-3.13.6/software/TuyaOS/libs/libtuyaos.a
4,0,4,4,0,0,0,4,`4,svc_online_log_http.c.o (ex /home/jiayi/project/T5_TuyaOS-3.13.6/software/TuyaOS/libs/libtuyaos.a),/home/jiayi/project/T5_TuyaOS-3.13.6/software/TuyaOS/libs/libtuyaos.a
513,16,513,276,237,0,16,529,`211,tuya_ipc_p2p_wrapper.c.o (ex /home/jiayi/project/T5_TuyaOS-3.13.6/software/TuyaOS/libs/libtuyaos.a),/home/jiayi/project/T5_TuyaOS-3.13.6/software/TuyaOS/libs/libtuyaos.a
599,0,599,400,199,0,0,599,`257,tuya_svc_devos_activate_meta.c.o (ex /home/jiayi/project/T5_TuyaOS-3.13.6/software/TuyaOS/libs/libtuyaos.a),/home/jiayi/project/T5_TuyaOS-3.13.6/software/TuyaOS/libs/libtuyaos.a
867,0,867,588,279,0,0,867,`363,tuya_svc_devos_activate_token.c.o (ex /home/jiayi/project/T5_TuyaOS-3.13.6/software/TuyaOS/libs/libtuyaos.a),/home/jiayi/project/T5_TuyaOS-3.13.6/software/TuyaOS/libs/libtuyaos.a
12,8,12,12,0,0,8,20,`14,tuya_svc_netmgr_daemon.c.o (ex /home/jiayi/project/T5_TuyaOS-3.13.6/software/TuyaOS/libs/libtuyaos.a),/home/jiayi/project/T5_TuyaOS-3.13.6/software/TuyaOS/libs/libtuyaos.a
30726,52,30726,21594,9132,0,52,30778,`783a,tuya_ipc_p2p.c.o (ex /home/jiayi/project/T5_TuyaOS-3.13.6/software/TuyaOS/libs/libtuyaos.a),/home/jiayi/project/T5_TuyaOS-3.13.6/software/TuyaOS/libs/libtuyaos.a
4761,0,4761,4436,325,0,0,4761,`1299,uf_flash_file.c.o (ex /home/jiayi/project/T5_TuyaOS-3.13.6/software/TuyaOS/libs/libtuyaos.a),/home/jiayi/project/T5_TuyaOS-3.13.6/software/TuyaOS/libs/libtuyaos.a
4,0,4,4,0,0,0,4,`4,tuya_security_encrypt.c.o (ex /home/jiayi/project/T5_TuyaOS-3.13.6/software/TuyaOS/libs/libtuyaos.a),/home/jiayi/project/T5_TuyaOS-3.13.6/software/TuyaOS/libs/libtuyaos.a
301,0,301,238,63,0,0,301,`12d,rtp.c.o (ex /home/jiayi/project/T5_TuyaOS-3.13.6/software/TuyaOS/libs/libtuyaos.a),/home/jiayi/project/T5_TuyaOS-3.13.6/software/TuyaOS/libs/libtuyaos.a
461,0,461,340,121,0,0,461,`1cd,rtp_packager.c.o (ex /home/jiayi/project/T5_TuyaOS-3.13.6/software/TuyaOS/libs/libtuyaos.a),/home/jiayi/project/T5_TuyaOS-3.13.6/software/TuyaOS/libs/libtuyaos.a
973,16,957,812,145,16,0,973,`3cd,rtp_jpeg_packager.c.o (ex /home/jiayi/project/T5_TuyaOS-3.13.6/software/TuyaOS/libs/libtuyaos.a),/home/jiayi/project/T5_TuyaOS-3.13.6/software/TuyaOS/libs/libtuyaos.a
900,16,884,804,80,16,0,900,`384,rtp_h264_packager.c.o (ex /home/jiayi/project/T5_TuyaOS-3.13.6/software/TuyaOS/libs/libtuyaos.a),/home/jiayi/project/T5_TuyaOS-3.13.6/software/TuyaOS/libs/libtuyaos.a
128,16,112,112,0,16,0,128,`80,rtp_ps_packager.c.o (ex /home/jiayi/project/T5_TuyaOS-3.13.6/software/TuyaOS/libs/libtuyaos.a),/home/jiayi/project/T5_TuyaOS-3.13.6/software/TuyaOS/libs/libtuyaos.a
890,16,874,824,50,16,0,890,`37a,rtp_h265_packager.c.o (ex /home/jiayi/project/T5_TuyaOS-3.13.6/software/TuyaOS/libs/libtuyaos.a),/home/jiayi/project/T5_TuyaOS-3.13.6/software/TuyaOS/libs/libtuyaos.a
142,16,126,126,0,16,0,142,`8e,rtp_g711_packager.c.o (ex /home/jiayi/project/T5_TuyaOS-3.13.6/software/TuyaOS/libs/libtuyaos.a),/home/jiayi/project/T5_TuyaOS-3.13.6/software/TuyaOS/libs/libtuyaos.a
731,0,731,518,213,0,0,731,`2db,mbedtls_symmetry.c.o (ex /home/jiayi/project/T5_TuyaOS-3.13.6/software/TuyaOS/libs/libtuyaos.a),/home/jiayi/project/T5_TuyaOS-3.13.6/software/TuyaOS/libs/libtuyaos.a
294,0,294,294,0,0,0,294,`126,mbedtls_hash.c.o (ex /home/jiayi/project/T5_TuyaOS-3.13.6/software/TuyaOS/libs/libtuyaos.a),/home/jiayi/project/T5_TuyaOS-3.13.6/software/TuyaOS/libs/libtuyaos.a
752,0,752,636,116,0,0,752,`2f0,websocket_transporter.c.o (ex /home/jiayi/project/T5_TuyaOS-3.13.6/software/TuyaOS/libs/libtuyaos.a),/home/jiayi/project/T5_TuyaOS-3.13.6/software/TuyaOS/libs/libtuyaos.a
1851,8,1847,1320,527,4,4,1855,`73f,tuya_ai_http.c.o (ex /home/jiayi/project/T5_TuyaOS-3.13.6/software/TuyaOS/libs/libtuyaos.a),/home/jiayi/project/T5_TuyaOS-3.13.6/software/TuyaOS/libs/libtuyaos.a
3868,8,3868,2696,1172,0,8,3876,`f24,tuya_ai_client.c.o (ex /home/jiayi/project/T5_TuyaOS-3.13.6/software/TuyaOS/libs/libtuyaos.a),/home/jiayi/project/T5_TuyaOS-3.13.6/software/TuyaOS/libs/libtuyaos.a
4111,4,4111,2852,1259,0,4,4115,`1013,tuya_ai_mqtt.c.o (ex /home/jiayi/project/T5_TuyaOS-3.13.6/software/TuyaOS/libs/libtuyaos.a),/home/jiayi/project/T5_TuyaOS-3.13.6/software/TuyaOS/libs/libtuyaos.a
806,0,806,676,130,0,0,806,`326,tuya_ai_event.c.o (ex /home/jiayi/project/T5_TuyaOS-3.13.6/software/TuyaOS/libs/libtuyaos.a),/home/jiayi/project/T5_TuyaOS-3.13.6/software/TuyaOS/libs/libtuyaos.a
9406,24,9398,7126,2272,8,16,9422,`24ce,tuya_ai_biz.c.o (ex /home/jiayi/project/T5_TuyaOS-3.13.6/software/TuyaOS/libs/libtuyaos.a),/home/jiayi/project/T5_TuyaOS-3.13.6/software/TuyaOS/libs/libtuyaos.a
13648,16,13636,10342,3294,12,4,13652,`3554,tuya_ai_protocol.c.o (ex /home/jiayi/project/T5_TuyaOS-3.13.6/software/TuyaOS/libs/libtuyaos.a),/home/jiayi/project/T5_TuyaOS-3.13.6/software/TuyaOS/libs/libtuyaos.a
2306,0,2306,2306,0,0,0,2306,`902,md5.c.o (ex /home/jiayi/project/T5_TuyaOS-3.13.6/software/TuyaOS/libs/libtuyaos.a),/home/jiayi/project/T5_TuyaOS-3.13.6/software/TuyaOS/libs/libtuyaos.a
950,0,950,950,0,0,0,950,`3b6,asn1parse.c.o (ex /home/jiayi/project/T5_TuyaOS-3.13.6/software/TuyaOS/libs/libtuyaos.a),/home/jiayi/project/T5_TuyaOS-3.13.6/software/TuyaOS/libs/libtuyaos.a
3783,0,3783,324,3459,0,0,3783,`ec7,oid.c.o (ex /home/jiayi/project/T5_TuyaOS-3.13.6/software/TuyaOS/libs/libtuyaos.a),/home/jiayi/project/T5_TuyaOS-3.13.6/software/TuyaOS/libs/libtuyaos.a
2132,0,2132,2004,128,0,0,2132,`854,gcm.c.o (ex /home/jiayi/project/T5_TuyaOS-3.13.6/software/TuyaOS/libs/libtuyaos.a),/home/jiayi/project/T5_TuyaOS-3.13.6/software/TuyaOS/libs/libtuyaos.a
626,0,626,626,0,0,0,626,`272,ecdh.c.o (ex /home/jiayi/project/T5_TuyaOS-3.13.6/software/TuyaOS/libs/libtuyaos.a),/home/jiayi/project/T5_TuyaOS-3.13.6/software/TuyaOS/libs/libtuyaos.a
4972,0,4972,4972,0,0,0,4972,`136c,rsa.c.o (ex /home/jiayi/project/T5_TuyaOS-3.13.6/software/TuyaOS/libs/libtuyaos.a),/home/jiayi/project/T5_TuyaOS-3.13.6/software/TuyaOS/libs/libtuyaos.a
941,0,941,706,235,0,0,941,`3ad,pk_wrap.c.o (ex /home/jiayi/project/T5_TuyaOS-3.13.6/software/TuyaOS/libs/libtuyaos.a),/home/jiayi/project/T5_TuyaOS-3.13.6/software/TuyaOS/libs/libtuyaos.a
3260,144,3260,188,3072,0,144,3404,`d4c,ssl_ciphersuites.c.o (ex /home/jiayi/project/T5_TuyaOS-3.13.6/software/TuyaOS/libs/libtuyaos.a),/home/jiayi/project/T5_TuyaOS-3.13.6/software/TuyaOS/libs/libtuyaos.a
1538,0,1538,1528,10,0,0,1538,`602,x509.c.o (ex /home/jiayi/project/T5_TuyaOS-3.13.6/software/TuyaOS/libs/libtuyaos.a),/home/jiayi/project/T5_TuyaOS-3.13.6/software/TuyaOS/libs/libtuyaos.a
37734,28,37706,5286,32420,28,0,37734,`9366,ecp_curves.c.o (ex /home/jiayi/project/T5_TuyaOS-3.13.6/software/TuyaOS/libs/libtuyaos.a),/home/jiayi/project/T5_TuyaOS-3.13.6/software/TuyaOS/libs/libtuyaos.a
280,0,280,280,0,0,0,280,`118,pkcs5.c.o (ex /home/jiayi/project/T5_TuyaOS-3.13.6/software/TuyaOS/libs/libtuyaos.a),/home/jiayi/project/T5_TuyaOS-3.13.6/software/TuyaOS/libs/libtuyaos.a
1338,0,1338,1338,0,0,0,1338,`53a,ecdsa.c.o (ex /home/jiayi/project/T5_TuyaOS-3.13.6/software/TuyaOS/libs/libtuyaos.a),/home/jiayi/project/T5_TuyaOS-3.13.6/software/TuyaOS/libs/libtuyaos.a
774,116,774,556,218,0,116,890,`37a,tuya_ipc_moto_mqtt.c.o (ex /home/jiayi/project/T5_TuyaOS-3.13.6/software/TuyaOS/libs/libtuyaos.a),/home/jiayi/project/T5_TuyaOS-3.13.6/software/TuyaOS/libs/libtuyaos.a
247,24,223,208,15,24,0,247,`f7,tuya_ipc_data_struct_list.c.o (ex /home/jiayi/project/T5_TuyaOS-3.13.6/software/TuyaOS/libs/libtuyaos.a),/home/jiayi/project/T5_TuyaOS-3.13.6/software/TuyaOS/libs/libtuyaos.a
147,4,147,84,63,0,4,151,`97,user_netcfg.c.o (ex /home/jiayi/project/T5_TuyaOS-3.13.6/software/TuyaOS/libs/libtuyaos.a),/home/jiayi/project/T5_TuyaOS-3.13.6/software/TuyaOS/libs/libtuyaos.a
5012,3840,1172,1172,0,3840,0,5012,`1394,mfcc.c.o (ex /home/jiayi/project/T5_TuyaOS-3.13.6/software/TuyaOS/libs/libtuyaos.a),/home/jiayi/project/T5_TuyaOS-3.13.6/software/TuyaOS/libs/libtuyaos.a
26496,0,26496,4808,21688,0,0,26496,`6780,rnn_vad.c.o (ex /home/jiayi/project/T5_TuyaOS-3.13.6/software/TuyaOS/libs/libtuyaos.a),/home/jiayi/project/T5_TuyaOS-3.13.6/software/TuyaOS/libs/libtuyaos.a
8610,0,8610,8372,238,0,0,8610,`21a2,kiss_fft.c.o (ex /home/jiayi/project/T5_TuyaOS-3.13.6/software/TuyaOS/libs/libtuyaos.a),/home/jiayi/project/T5_TuyaOS-3.13.6/software/TuyaOS/libs/libtuyaos.a
248,0,248,248,0,0,0,248,`f8,fftwrap.c.o (ex /home/jiayi/project/T5_TuyaOS-3.13.6/software/TuyaOS/libs/libtuyaos.a),/home/jiayi/project/T5_TuyaOS-3.13.6/software/TuyaOS/libs/libtuyaos.a
807,160,807,536,271,0,160,967,`3c7,tuya_ipc_aac_rtp.c.o (ex /home/jiayi/project/T5_TuyaOS-3.13.6/software/TuyaOS/libs/libtuyaos.a),/home/jiayi/project/T5_TuyaOS-3.13.6/software/TuyaOS/libs/libtuyaos.a
72,0,72,72,0,0,0,72,`48,crc_16.c.o (ex /home/jiayi/project/T5_TuyaOS-3.13.6/software/TuyaOS/libs/libtuyaos.a),/home/jiayi/project/T5_TuyaOS-3.13.6/software/TuyaOS/libs/libtuyaos.a
4794,0,4794,3236,1558,0,0,4794,`12ba,tuya_p2p_lite_relay_session.c.o (ex /home/jiayi/project/T5_TuyaOS-3.13.6/software/TuyaOS/libs/libtuyaos.a),/home/jiayi/project/T5_TuyaOS-3.13.6/software/TuyaOS/libs/libtuyaos.a
1263,0,1263,1040,223,0,0,1263,`4ef,tuya_p2p_lite_tlv.c.o (ex /home/jiayi/project/T5_TuyaOS-3.13.6/software/TuyaOS/libs/libtuyaos.a),/home/jiayi/project/T5_TuyaOS-3.13.6/software/TuyaOS/libs/libtuyaos.a
3639,0,3639,2286,1353,0,0,3639,`e37,websocket_client.c.o (ex /home/jiayi/project/T5_TuyaOS-3.13.6/software/TuyaOS/libs/libtuyaos.a),/home/jiayi/project/T5_TuyaOS-3.13.6/software/TuyaOS/libs/libtuyaos.a
2736,0,2736,2052,684,0,0,2736,`ab0,simple_flash_protected.c.o (ex /home/jiayi/project/T5_TuyaOS-3.13.6/software/TuyaOS/libs/libtuyaos.a),/home/jiayi/project/T5_TuyaOS-3.13.6/software/TuyaOS/libs/libtuyaos.a
3852,0,3852,3270,582,0,0,3852,`f0c,enc_API.o (ex /home/jiayi/project/T5_TuyaOS-3.13.6/software/TuyaOS/libs/libtuyaos.a),/home/jiayi/project/T5_TuyaOS-3.13.6/software/TuyaOS/libs/libtuyaos.a
72,0,72,72,0,0,0,72,`48,bwexpander.o (ex /home/jiayi/project/T5_TuyaOS-3.13.6/software/TuyaOS/libs/libtuyaos.a),/home/jiayi/project/T5_TuyaOS-3.13.6/software/TuyaOS/libs/libtuyaos.a
2319,0,2319,2010,309,0,0,2319,`90f,celt_lpc.o (ex /home/jiayi/project/T5_TuyaOS-3.13.6/software/TuyaOS/libs/libtuyaos.a),/home/jiayi/project/T5_TuyaOS-3.13.6/software/TuyaOS/libs/libtuyaos.a
577,0,577,124,453,0,0,577,`241,control_SNR.o (ex /home/jiayi/project/T5_TuyaOS-3.13.6/software/TuyaOS/libs/libtuyaos.a),/home/jiayi/project/T5_TuyaOS-3.13.6/software/TuyaOS/libs/libtuyaos.a
392,0,392,392,0,0,0,392,`188,decode_parameters.o (ex /home/jiayi/project/T5_TuyaOS-3.13.6/software/TuyaOS/libs/libtuyaos.a),/home/jiayi/project/T5_TuyaOS-3.13.6/software/TuyaOS/libs/libtuyaos.a
997,0,997,724,273,0,0,997,`3e5,encode_indices.o (ex /home/jiayi/project/T5_TuyaOS-3.13.6/software/TuyaOS/libs/libtuyaos.a),/home/jiayi/project/T5_TuyaOS-3.13.6/software/TuyaOS/libs/libtuyaos.a
74,0,74,74,0,0,0,74,`4a,bwexpander_32.o (ex /home/jiayi/project/T5_TuyaOS-3.13.6/software/TuyaOS/libs/libtuyaos.a),/home/jiayi/project/T5_TuyaOS-3.13.6/software/TuyaOS/libs/libtuyaos.a
60,0,60,60,0,0,0,60,`3c,init_encoder.o (ex /home/jiayi/project/T5_TuyaOS-3.13.6/software/TuyaOS/libs/libtuyaos.a),/home/jiayi/project/T5_TuyaOS-3.13.6/software/TuyaOS/libs/libtuyaos.a
1970,0,1970,1856,114,0,0,1970,`7b2,kiss_fft.o (ex /home/jiayi/project/T5_TuyaOS-3.13.6/software/TuyaOS/libs/libtuyaos.a),/home/jiayi/project/T5_TuyaOS-3.13.6/software/TuyaOS/libs/libtuyaos.a
924,0,924,786,138,0,0,924,`39c,encode_pulses.o (ex /home/jiayi/project/T5_TuyaOS-3.13.6/software/TuyaOS/libs/libtuyaos.a),/home/jiayi/project/T5_TuyaOS-3.13.6/software/TuyaOS/libs/libtuyaos.a
377,0,377,160,217,0,0,377,`179,stereo_encode_pred.o (ex /home/jiayi/project/T5_TuyaOS-3.13.6/software/TuyaOS/libs/libtuyaos.a),/home/jiayi/project/T5_TuyaOS-3.13.6/software/TuyaOS/libs/libtuyaos.a
449,0,449,264,185,0,0,449,`1c1,LPC_analysis_filter.o (ex /home/jiayi/project/T5_TuyaOS-3.13.6/software/TuyaOS/libs/libtuyaos.a),/home/jiayi/project/T5_TuyaOS-3.13.6/software/TuyaOS/libs/libtuyaos.a
2633,0,2633,2438,195,0,0,2633,`a49,encode_frame_FIX.o (ex /home/jiayi/project/T5_TuyaOS-3.13.6/software/TuyaOS/libs/libtuyaos.a),/home/jiayi/project/T5_TuyaOS-3.13.6/software/TuyaOS/libs/libtuyaos.a
216,0,216,216,0,0,0,216,`d8,HP_variable_cutoff.o (ex /home/jiayi/project/T5_TuyaOS-3.13.6/software/TuyaOS/libs/libtuyaos.a),/home/jiayi/project/T5_TuyaOS-3.13.6/software/TuyaOS/libs/libtuyaos.a
392,0,392,392,0,0,0,392,`188,gain_quant.o (ex /home/jiayi/project/T5_TuyaOS-3.13.6/software/TuyaOS/libs/libtuyaos.a),/home/jiayi/project/T5_TuyaOS-3.13.6/software/TuyaOS/libs/libtuyaos.a
2261,0,2261,1504,757,0,0,2261,`8d5,control_codec.o (ex /home/jiayi/project/T5_TuyaOS-3.13.6/software/TuyaOS/libs/libtuyaos.a),/home/jiayi/project/T5_TuyaOS-3.13.6/software/TuyaOS/libs/libtuyaos.a
236,0,236,236,0,0,0,236,`ec,control_audio_bandwidth.o (ex /home/jiayi/project/T5_TuyaOS-3.13.6/software/TuyaOS/libs/libtuyaos.a),/home/jiayi/project/T5_TuyaOS-3.13.6/software/TuyaOS/libs/libtuyaos.a
1364,0,1364,1364,0,0,0,1364,`554,stereo_LR_to_MS.o (ex /home/jiayi/project/T5_TuyaOS-3.13.6/software/TuyaOS/libs/libtuyaos.a),/home/jiayi/project/T5_TuyaOS-3.13.6/software/TuyaOS/libs/libtuyaos.a
470,0,470,470,0,0,0,470,`1d6,stereo_find_predictor.o (ex /home/jiayi/project/T5_TuyaOS-3.13.6/software/TuyaOS/libs/libtuyaos.a),/home/jiayi/project/T5_TuyaOS-3.13.6/software/TuyaOS/libs/libtuyaos.a
2208,0,2208,2208,0,0,0,2208,`8a0,noise_shape_analysis_FIX.o (ex /home/jiayi/project/T5_TuyaOS-3.13.6/software/TuyaOS/libs/libtuyaos.a),/home/jiayi/project/T5_TuyaOS-3.13.6/software/TuyaOS/libs/libtuyaos.a
2030,0,2030,1864,166,0,0,2030,`7ee,burg_modified_FIX.o (ex /home/jiayi/project/T5_TuyaOS-3.13.6/software/TuyaOS/libs/libtuyaos.a),/home/jiayi/project/T5_TuyaOS-3.13.6/software/TuyaOS/libs/libtuyaos.a
152,0,152,152,0,0,0,152,`98,stereo_quant_pred.o (ex /home/jiayi/project/T5_TuyaOS-3.13.6/software/TuyaOS/libs/libtuyaos.a),/home/jiayi/project/T5_TuyaOS-3.13.6/software/TuyaOS/libs/libtuyaos.a
435,0,435,276,159,0,0,435,`1b3,check_control_input.o (ex /home/jiayi/project/T5_TuyaOS-3.13.6/software/TuyaOS/libs/libtuyaos.a),/home/jiayi/project/T5_TuyaOS-3.13.6/software/TuyaOS/libs/libtuyaos.a
168,0,168,168,0,0,0,168,`a8,sum_sqr_shift.o (ex /home/jiayi/project/T5_TuyaOS-3.13.6/software/TuyaOS/libs/libtuyaos.a),/home/jiayi/project/T5_TuyaOS-3.13.6/software/TuyaOS/libs/libtuyaos.a
296,0,296,296,0,0,0,296,`128,LP_variable_cutoff.o (ex /home/jiayi/project/T5_TuyaOS-3.13.6/software/TuyaOS/libs/libtuyaos.a),/home/jiayi/project/T5_TuyaOS-3.13.6/software/TuyaOS/libs/libtuyaos.a
174,0,174,174,0,0,0,174,`ae,NLSF_decode.o (ex /home/jiayi/project/T5_TuyaOS-3.13.6/software/TuyaOS/libs/libtuyaos.a),/home/jiayi/project/T5_TuyaOS-3.13.6/software/TuyaOS/libs/libtuyaos.a
142,16,126,126,0,16,0,142,`8e,rtp_pcm_packager.c.o (ex /home/jiayi/project/T5_TuyaOS-3.13.6/software/TuyaOS/libs/libtuyaos.a),/home/jiayi/project/T5_TuyaOS-3.13.6/software/TuyaOS/libs/libtuyaos.a
278,16,262,224,38,16,0,278,`116,rtp_private_file.c.o (ex /home/jiayi/project/T5_TuyaOS-3.13.6/software/TuyaOS/libs/libtuyaos.a),/home/jiayi/project/T5_TuyaOS-3.13.6/software/TuyaOS/libs/libtuyaos.a
2421,0,2421,1632,789,0,0,2421,`975,jpeg_frame_parser.c.o (ex /home/jiayi/project/T5_TuyaOS-3.13.6/software/TuyaOS/libs/libtuyaos.a),/home/jiayi/project/T5_TuyaOS-3.13.6/software/TuyaOS/libs/libtuyaos.a
1591,0,1591,1536,55,0,0,1591,`637,rsa_alt_helpers.c.o (ex /home/jiayi/project/T5_TuyaOS-3.13.6/software/TuyaOS/libs/libtuyaos.a),/home/jiayi/project/T5_TuyaOS-3.13.6/software/TuyaOS/libs/libtuyaos.a
9992,0,9992,9976,16,0,0,9992,`2708,smallft.c.o (ex /home/jiayi/project/T5_TuyaOS-3.13.6/software/TuyaOS/libs/libtuyaos.a),/home/jiayi/project/T5_TuyaOS-3.13.6/software/TuyaOS/libs/libtuyaos.a
322,0,322,176,146,0,0,322,`142,decode_pitch.o (ex /home/jiayi/project/T5_TuyaOS-3.13.6/software/TuyaOS/libs/libtuyaos.a),/home/jiayi/project/T5_TuyaOS-3.13.6/software/TuyaOS/libs/libtuyaos.a
444,0,444,444,0,0,0,444,`1bc,NLSF_stabilize.o (ex /home/jiayi/project/T5_TuyaOS-3.13.6/software/TuyaOS/libs/libtuyaos.a),/home/jiayi/project/T5_TuyaOS-3.13.6/software/TuyaOS/libs/libtuyaos.a
530,0,530,530,0,0,0,530,`212,process_gains_FIX.o (ex /home/jiayi/project/T5_TuyaOS-3.13.6/software/TuyaOS/libs/libtuyaos.a),/home/jiayi/project/T5_TuyaOS-3.13.6/software/TuyaOS/libs/libtuyaos.a
2744,0,2744,2524,220,0,0,2744,`ab8,NSQ.o (ex /home/jiayi/project/T5_TuyaOS-3.13.6/software/TuyaOS/libs/libtuyaos.a),/home/jiayi/project/T5_TuyaOS-3.13.6/software/TuyaOS/libs/libtuyaos.a
4830,0,4830,4612,218,0,0,4830,`12de,NSQ_del_dec.o (ex /home/jiayi/project/T5_TuyaOS-3.13.6/software/TuyaOS/libs/libtuyaos.a),/home/jiayi/project/T5_TuyaOS-3.13.6/software/TuyaOS/libs/libtuyaos.a
850,0,850,680,170,0,0,850,`352,find_pitch_lags_FIX.o (ex /home/jiayi/project/T5_TuyaOS-3.13.6/software/TuyaOS/libs/libtuyaos.a),/home/jiayi/project/T5_TuyaOS-3.13.6/software/TuyaOS/libs/libtuyaos.a
1011,0,1011,786,225,0,0,1011,`3f3,find_pred_coefs_FIX.o (ex /home/jiayi/project/T5_TuyaOS-3.13.6/software/TuyaOS/libs/libtuyaos.a),/home/jiayi/project/T5_TuyaOS-3.13.6/software/TuyaOS/libs/libtuyaos.a
3966,0,3966,3118,848,0,0,3966,`f7e,pitch_analysis_core_FIX.o (ex /home/jiayi/project/T5_TuyaOS-3.13.6/software/TuyaOS/libs/libtuyaos.a),/home/jiayi/project/T5_TuyaOS-3.13.6/software/TuyaOS/libs/libtuyaos.a
44,0,44,44,0,0,0,44,`2c,autocorr_FIX.o (ex /home/jiayi/project/T5_TuyaOS-3.13.6/software/TuyaOS/libs/libtuyaos.a),/home/jiayi/project/T5_TuyaOS-3.13.6/software/TuyaOS/libs/libtuyaos.a
86,0,86,86,0,0,0,86,`56,k2a_FIX.o (ex /home/jiayi/project/T5_TuyaOS-3.13.6/software/TuyaOS/libs/libtuyaos.a),/home/jiayi/project/T5_TuyaOS-3.13.6/software/TuyaOS/libs/libtuyaos.a
384,0,384,384,0,0,0,384,`180,quant_LTP_gains.o (ex /home/jiayi/project/T5_TuyaOS-3.13.6/software/TuyaOS/libs/libtuyaos.a),/home/jiayi/project/T5_TuyaOS-3.13.6/software/TuyaOS/libs/libtuyaos.a
34,0,34,34,0,0,0,34,`22,inner_prod_aligned.o (ex /home/jiayi/project/T5_TuyaOS-3.13.6/software/TuyaOS/libs/libtuyaos.a),/home/jiayi/project/T5_TuyaOS-3.13.6/software/TuyaOS/libs/libtuyaos.a
472,0,472,292,180,0,0,472,`1d8,residual_energy_FIX.o (ex /home/jiayi/project/T5_TuyaOS-3.13.6/software/TuyaOS/libs/libtuyaos.a),/home/jiayi/project/T5_TuyaOS-3.13.6/software/TuyaOS/libs/libtuyaos.a
652,0,652,492,160,0,0,652,`28c,sort.o (ex /home/jiayi/project/T5_TuyaOS-3.13.6/software/TuyaOS/libs/libtuyaos.a),/home/jiayi/project/T5_TuyaOS-3.13.6/software/TuyaOS/libs/libtuyaos.a
94,0,94,94,0,0,0,94,`5e,k2a_Q16_FIX.o (ex /home/jiayi/project/T5_TuyaOS-3.13.6/software/TuyaOS/libs/libtuyaos.a),/home/jiayi/project/T5_TuyaOS-3.13.6/software/TuyaOS/libs/libtuyaos.a
244,0,244,244,0,0,0,244,`f4,LTP_analysis_filter_FIX.o (ex /home/jiayi/project/T5_TuyaOS-3.13.6/software/TuyaOS/libs/libtuyaos.a),/home/jiayi/project/T5_TuyaOS-3.13.6/software/TuyaOS/libs/libtuyaos.a
90,0,90,90,0,0,0,90,`5a,vector_ops_FIX.o (ex /home/jiayi/project/T5_TuyaOS-3.13.6/software/TuyaOS/libs/libtuyaos.a),/home/jiayi/project/T5_TuyaOS-3.13.6/software/TuyaOS/libs/libtuyaos.a
176,0,176,176,0,0,0,176,`b0,ana_filt_bank_1.o (ex /home/jiayi/project/T5_TuyaOS-3.13.6/software/TuyaOS/libs/libtuyaos.a),/home/jiayi/project/T5_TuyaOS-3.13.6/software/TuyaOS/libs/libtuyaos.a
462,0,462,304,158,0,0,462,`1ce,schur_FIX.o (ex /home/jiayi/project/T5_TuyaOS-3.13.6/software/TuyaOS/libs/libtuyaos.a),/home/jiayi/project/T5_TuyaOS-3.13.6/software/TuyaOS/libs/libtuyaos.a
164,0,164,92,72,0,0,164,`a4,sigm_Q15.o (ex /home/jiayi/project/T5_TuyaOS-3.13.6/software/TuyaOS/libs/libtuyaos.a),/home/jiayi/project/T5_TuyaOS-3.13.6/software/TuyaOS/libs/libtuyaos.a
519,0,519,220,299,0,0,519,`207,apply_sine_window_FIX.o (ex /home/jiayi/project/T5_TuyaOS-3.13.6/software/TuyaOS/libs/libtuyaos.a),/home/jiayi/project/T5_TuyaOS-3.13.6/software/TuyaOS/libs/libtuyaos.a
548,0,548,396,152,0,0,548,`224,warped_autocorrelation_FIX.o (ex /home/jiayi/project/T5_TuyaOS-3.13.6/software/TuyaOS/libs/libtuyaos.a),/home/jiayi/project/T5_TuyaOS-3.13.6/software/TuyaOS/libs/libtuyaos.a
814,0,814,548,266,0,0,814,`32e,find_LPC_FIX.o (ex /home/jiayi/project/T5_TuyaOS-3.13.6/software/TuyaOS/libs/libtuyaos.a),/home/jiayi/project/T5_TuyaOS-3.13.6/software/TuyaOS/libs/libtuyaos.a
536,0,536,376,160,0,0,536,`218,schur64_FIX.o (ex /home/jiayi/project/T5_TuyaOS-3.13.6/software/TuyaOS/libs/libtuyaos.a),/home/jiayi/project/T5_TuyaOS-3.13.6/software/TuyaOS/libs/libtuyaos.a
640,0,640,348,292,0,0,640,`280,process_NLSFs.o (ex /home/jiayi/project/T5_TuyaOS-3.13.6/software/TuyaOS/libs/libtuyaos.a),/home/jiayi/project/T5_TuyaOS-3.13.6/software/TuyaOS/libs/libtuyaos.a
328,0,328,328,0,0,0,328,`148,VQ_WMat_EC.o (ex /home/jiayi/project/T5_TuyaOS-3.13.6/software/TuyaOS/libs/libtuyaos.a),/home/jiayi/project/T5_TuyaOS-3.13.6/software/TuyaOS/libs/libtuyaos.a
128,0,128,128,0,0,0,128,`80,resampler_down2.o (ex /home/jiayi/project/T5_TuyaOS-3.13.6/software/TuyaOS/libs/libtuyaos.a),/home/jiayi/project/T5_TuyaOS-3.13.6/software/TuyaOS/libs/libtuyaos.a
72,0,72,72,0,0,0,72,`48,LTP_scale_ctrl_FIX.o (ex /home/jiayi/project/T5_TuyaOS-3.13.6/software/TuyaOS/libs/libtuyaos.a),/home/jiayi/project/T5_TuyaOS-3.13.6/software/TuyaOS/libs/libtuyaos.a
312,0,312,312,0,0,0,312,`138,resampler_down2_3.o (ex /home/jiayi/project/T5_TuyaOS-3.13.6/software/TuyaOS/libs/libtuyaos.a),/home/jiayi/project/T5_TuyaOS-3.13.6/software/TuyaOS/libs/libtuyaos.a
304,0,304,304,0,0,0,304,`130,find_LTP_FIX.o (ex /home/jiayi/project/T5_TuyaOS-3.13.6/software/TuyaOS/libs/libtuyaos.a),/home/jiayi/project/T5_TuyaOS-3.13.6/software/TuyaOS/libs/libtuyaos.a
234,0,234,76,158,0,0,234,`ea,interpolate.o (ex /home/jiayi/project/T5_TuyaOS-3.13.6/software/TuyaOS/libs/libtuyaos.a),/home/jiayi/project/T5_TuyaOS-3.13.6/software/TuyaOS/libs/libtuyaos.a
382,0,382,220,162,0,0,382,`17e,NLSF_VQ_weights_laroia.o (ex /home/jiayi/project/T5_TuyaOS-3.13.6/software/TuyaOS/libs/libtuyaos.a),/home/jiayi/project/T5_TuyaOS-3.13.6/software/TuyaOS/libs/libtuyaos.a
795,0,795,648,147,0,0,795,`31b,NLSF_encode.o (ex /home/jiayi/project/T5_TuyaOS-3.13.6/software/TuyaOS/libs/libtuyaos.a),/home/jiayi/project/T5_TuyaOS-3.13.6/software/TuyaOS/libs/libtuyaos.a
608,0,608,608,0,0,0,608,`260,corrMatrix_FIX.o (ex /home/jiayi/project/T5_TuyaOS-3.13.6/software/TuyaOS/libs/libtuyaos.a),/home/jiayi/project/T5_TuyaOS-3.13.6/software/TuyaOS/libs/libtuyaos.a
830,0,830,830,0,0,0,830,`33e,A2NLSF.o (ex /home/jiayi/project/T5_TuyaOS-3.13.6/software/TuyaOS/libs/libtuyaos.a),/home/jiayi/project/T5_TuyaOS-3.13.6/software/TuyaOS/libs/libtuyaos.a
830,0,830,830,0,0,0,830,`33e,NLSF_del_dec_quant.o (ex /home/jiayi/project/T5_TuyaOS-3.13.6/software/TuyaOS/libs/libtuyaos.a),/home/jiayi/project/T5_TuyaOS-3.13.6/software/TuyaOS/libs/libtuyaos.a
287,0,287,156,131,0,0,287,`11f,NLSF_VQ.o (ex /home/jiayi/project/T5_TuyaOS-3.13.6/software/TuyaOS/libs/libtuyaos.a),/home/jiayi/project/T5_TuyaOS-3.13.6/software/TuyaOS/libs/libtuyaos.a
240,0,240,0,240,0,0,240,`f0,tables_other.o (ex /home/jiayi/project/T5_TuyaOS-3.13.6/software/TuyaOS/libs/libtuyaos.a),/home/jiayi/project/T5_TuyaOS-3.13.6/software/TuyaOS/libs/libtuyaos.a
1049,0,1049,0,1049,0,0,1049,`419,tables_pulses_per_block.o (ex /home/jiayi/project/T5_TuyaOS-3.13.6/software/TuyaOS/libs/libtuyaos.a),/home/jiayi/project/T5_TuyaOS-3.13.6/software/TuyaOS/libs/libtuyaos.a
354,0,354,0,354,0,0,354,`162,resampler_rom.o (ex /home/jiayi/project/T5_TuyaOS-3.13.6/software/TuyaOS/libs/libtuyaos.a),/home/jiayi/project/T5_TuyaOS-3.13.6/software/TuyaOS/libs/libtuyaos.a
2104,0,2104,0,2104,0,0,2104,`838,tables_NLSF_CB_WB.o (ex /home/jiayi/project/T5_TuyaOS-3.13.6/software/TuyaOS/libs/libtuyaos.a),/home/jiayi/project/T5_TuyaOS-3.13.6/software/TuyaOS/libs/libtuyaos.a
65,0,65,0,65,0,0,65,`41,tables_gain.o (ex /home/jiayi/project/T5_TuyaOS-3.13.6/software/TuyaOS/libs/libtuyaos.a),/home/jiayi/project/T5_TuyaOS-3.13.6/software/TuyaOS/libs/libtuyaos.a
113,0,113,0,113,0,0,113,`71,tables_pitch_lag.o (ex /home/jiayi/project/T5_TuyaOS-3.13.6/software/TuyaOS/libs/libtuyaos.a),/home/jiayi/project/T5_TuyaOS-3.13.6/software/TuyaOS/libs/libtuyaos.a
502,0,502,0,502,0,0,502,`1f6,tables_LTP.o (ex /home/jiayi/project/T5_TuyaOS-3.13.6/software/TuyaOS/libs/libtuyaos.a),/home/jiayi/project/T5_TuyaOS-3.13.6/software/TuyaOS/libs/libtuyaos.a
1408,0,1408,0,1408,0,0,1408,`580,tables_NLSF_CB_NB_MB.o (ex /home/jiayi/project/T5_TuyaOS-3.13.6/software/TuyaOS/libs/libtuyaos.a),/home/jiayi/project/T5_TuyaOS-3.13.6/software/TuyaOS/libs/libtuyaos.a
258,0,258,0,258,0,0,258,`102,table_LSF_cos.o (ex /home/jiayi/project/T5_TuyaOS-3.13.6/software/TuyaOS/libs/libtuyaos.a),/home/jiayi/project/T5_TuyaOS-3.13.6/software/TuyaOS/libs/libtuyaos.a
241,0,241,0,241,0,0,241,`f1,pitch_est_tables.o (ex /home/jiayi/project/T5_TuyaOS-3.13.6/software/TuyaOS/libs/libtuyaos.a),/home/jiayi/project/T5_TuyaOS-3.13.6/software/TuyaOS/libs/libtuyaos.a
806420,28887,800118,580864,219254,6302,22585,829005,`ca64d,/home/jiayi/project/T5_TuyaOS-3.13.6/software/TuyaOS/libs/libtuyaos.a,/home/jiayi/project/T5_TuyaOS-3.13.6/software/TuyaOS/libs/libtuyaos.a
888,0,888,888,0,0,0,888,`378,_arm_addsubdf3.o (ex /home/jiayi/project/T5_TuyaOS-3.13.6/software/TuyaOS/vendor/T5/toolchain/gcc-arm-none-eabi-10.3-2021.10/bin/../lib/gcc/arm-none-eabi/10.3.1/thumb/v8-m.main+fp/hard/libgcc.a),/home/jiayi/project/T5_TuyaOS-3.13.6/software/TuyaOS/vendor/T5/toolchain/gcc-arm-none-eabi-10.3-2021.10/bin/../lib/gcc/arm-none-eabi/10.3.1/thumb/v8-m.main+fp/hard/libgcc.a
1060,0,1060,1060,0,0,0,1060,`424,_arm_muldivdf3.o (ex /home/jiayi/project/T5_TuyaOS-3.13.6/software/TuyaOS/vendor/T5/toolchain/gcc-arm-none-eabi-10.3-2021.10/bin/../lib/gcc/arm-none-eabi/10.3.1/thumb/v8-m.main+fp/hard/libgcc.a),/home/jiayi/project/T5_TuyaOS-3.13.6/software/TuyaOS/vendor/T5/toolchain/gcc-arm-none-eabi-10.3-2021.10/bin/../lib/gcc/arm-none-eabi/10.3.1/thumb/v8-m.main+fp/hard/libgcc.a
272,0,272,272,0,0,0,272,`110,_arm_cmpdf2.o (ex /home/jiayi/project/T5_TuyaOS-3.13.6/software/TuyaOS/vendor/T5/toolchain/gcc-arm-none-eabi-10.3-2021.10/bin/../lib/gcc/arm-none-eabi/10.3.1/thumb/v8-m.main+fp/hard/libgcc.a),/home/jiayi/project/T5_TuyaOS-3.13.6/software/TuyaOS/vendor/T5/toolchain/gcc-arm-none-eabi-10.3-2021.10/bin/../lib/gcc/arm-none-eabi/10.3.1/thumb/v8-m.main+fp/hard/libgcc.a
44,0,44,44,0,0,0,44,`2c,_arm_unorddf2.o (ex /home/jiayi/project/T5_TuyaOS-3.13.6/software/TuyaOS/vendor/T5/toolchain/gcc-arm-none-eabi-10.3-2021.10/bin/../lib/gcc/arm-none-eabi/10.3.1/thumb/v8-m.main+fp/hard/libgcc.a),/home/jiayi/project/T5_TuyaOS-3.13.6/software/TuyaOS/vendor/T5/toolchain/gcc-arm-none-eabi-10.3-2021.10/bin/../lib/gcc/arm-none-eabi/10.3.1/thumb/v8-m.main+fp/hard/libgcc.a
80,0,80,80,0,0,0,80,`50,_arm_fixdfsi.o (ex /home/jiayi/project/T5_TuyaOS-3.13.6/software/TuyaOS/vendor/T5/toolchain/gcc-arm-none-eabi-10.3-2021.10/bin/../lib/gcc/arm-none-eabi/10.3.1/thumb/v8-m.main+fp/hard/libgcc.a),/home/jiayi/project/T5_TuyaOS-3.13.6/software/TuyaOS/vendor/T5/toolchain/gcc-arm-none-eabi-10.3-2021.10/bin/../lib/gcc/arm-none-eabi/10.3.1/thumb/v8-m.main+fp/hard/libgcc.a
64,0,64,64,0,0,0,64,`40,_arm_fixunsdfsi.o (ex /home/jiayi/project/T5_TuyaOS-3.13.6/software/TuyaOS/vendor/T5/toolchain/gcc-arm-none-eabi-10.3-2021.10/bin/../lib/gcc/arm-none-eabi/10.3.1/thumb/v8-m.main+fp/hard/libgcc.a),/home/jiayi/project/T5_TuyaOS-3.13.6/software/TuyaOS/vendor/T5/toolchain/gcc-arm-none-eabi-10.3-2021.10/bin/../lib/gcc/arm-none-eabi/10.3.1/thumb/v8-m.main+fp/hard/libgcc.a
160,0,160,160,0,0,0,160,`a0,_arm_truncdfsf2.o (ex /home/jiayi/project/T5_TuyaOS-3.13.6/software/TuyaOS/vendor/T5/toolchain/gcc-arm-none-eabi-10.3-2021.10/bin/../lib/gcc/arm-none-eabi/10.3.1/thumb/v8-m.main+fp/hard/libgcc.a),/home/jiayi/project/T5_TuyaOS-3.13.6/software/TuyaOS/vendor/T5/toolchain/gcc-arm-none-eabi-10.3-2021.10/bin/../lib/gcc/arm-none-eabi/10.3.1/thumb/v8-m.main+fp/hard/libgcc.a
160,0,160,160,0,0,0,160,`a0,_aeabi_ldivmod.o (ex /home/jiayi/project/T5_TuyaOS-3.13.6/software/TuyaOS/vendor/T5/toolchain/gcc-arm-none-eabi-10.3-2021.10/bin/../lib/gcc/arm-none-eabi/10.3.1/thumb/v8-m.main+fp/hard/libgcc.a),/home/jiayi/project/T5_TuyaOS-3.13.6/software/TuyaOS/vendor/T5/toolchain/gcc-arm-none-eabi-10.3-2021.10/bin/../lib/gcc/arm-none-eabi/10.3.1/thumb/v8-m.main+fp/hard/libgcc.a
48,0,48,48,0,0,0,48,`30,_aeabi_uldivmod.o (ex /home/jiayi/project/T5_TuyaOS-3.13.6/software/TuyaOS/vendor/T5/toolchain/gcc-arm-none-eabi-10.3-2021.10/bin/../lib/gcc/arm-none-eabi/10.3.1/thumb/v8-m.main+fp/hard/libgcc.a),/home/jiayi/project/T5_TuyaOS-3.13.6/software/TuyaOS/vendor/T5/toolchain/gcc-arm-none-eabi-10.3-2021.10/bin/../lib/gcc/arm-none-eabi/10.3.1/thumb/v8-m.main+fp/hard/libgcc.a
48,0,48,48,0,0,0,48,`30,_fixdfdi.o (ex /home/jiayi/project/T5_TuyaOS-3.13.6/software/TuyaOS/vendor/T5/toolchain/gcc-arm-none-eabi-10.3-2021.10/bin/../lib/gcc/arm-none-eabi/10.3.1/thumb/v8-m.main+fp/hard/libgcc.a),/home/jiayi/project/T5_TuyaOS-3.13.6/software/TuyaOS/vendor/T5/toolchain/gcc-arm-none-eabi-10.3-2021.10/bin/../lib/gcc/arm-none-eabi/10.3.1/thumb/v8-m.main+fp/hard/libgcc.a
60,0,60,60,0,0,0,60,`3c,_fixunsdfdi.o (ex /home/jiayi/project/T5_TuyaOS-3.13.6/software/TuyaOS/vendor/T5/toolchain/gcc-arm-none-eabi-10.3-2021.10/bin/../lib/gcc/arm-none-eabi/10.3.1/thumb/v8-m.main+fp/hard/libgcc.a),/home/jiayi/project/T5_TuyaOS-3.13.6/software/TuyaOS/vendor/T5/toolchain/gcc-arm-none-eabi-10.3-2021.10/bin/../lib/gcc/arm-none-eabi/10.3.1/thumb/v8-m.main+fp/hard/libgcc.a
748,0,748,748,0,0,0,748,`2ec,_udivmoddi4.o (ex /home/jiayi/project/T5_TuyaOS-3.13.6/software/TuyaOS/vendor/T5/toolchain/gcc-arm-none-eabi-10.3-2021.10/bin/../lib/gcc/arm-none-eabi/10.3.1/thumb/v8-m.main+fp/hard/libgcc.a),/home/jiayi/project/T5_TuyaOS-3.13.6/software/TuyaOS/vendor/T5/toolchain/gcc-arm-none-eabi-10.3-2021.10/bin/../lib/gcc/arm-none-eabi/10.3.1/thumb/v8-m.main+fp/hard/libgcc.a
164,0,164,164,0,0,0,164,`a4,emutls.o (ex /home/jiayi/project/T5_TuyaOS-3.13.6/software/TuyaOS/vendor/T5/toolchain/gcc-arm-none-eabi-10.3-2021.10/bin/../lib/gcc/arm-none-eabi/10.3.1/thumb/v8-m.main+fp/hard/libgcc.a),/home/jiayi/project/T5_TuyaOS-3.13.6/software/TuyaOS/vendor/T5/toolchain/gcc-arm-none-eabi-10.3-2021.10/bin/../lib/gcc/arm-none-eabi/10.3.1/thumb/v8-m.main+fp/hard/libgcc.a
4,0,4,4,0,0,0,4,`4,_dvmd_tls.o (ex /home/jiayi/project/T5_TuyaOS-3.13.6/software/TuyaOS/vendor/T5/toolchain/gcc-arm-none-eabi-10.3-2021.10/bin/../lib/gcc/arm-none-eabi/10.3.1/thumb/v8-m.main+fp/hard/libgcc.a),/home/jiayi/project/T5_TuyaOS-3.13.6/software/TuyaOS/vendor/T5/toolchain/gcc-arm-none-eabi-10.3-2021.10/bin/../lib/gcc/arm-none-eabi/10.3.1/thumb/v8-m.main+fp/hard/libgcc.a
2628,0,2628,2628,0,0,0,2628,`a44,unwind-arm.o (ex /home/jiayi/project/T5_TuyaOS-3.13.6/software/TuyaOS/vendor/T5/toolchain/gcc-arm-none-eabi-10.3-2021.10/bin/../lib/gcc/arm-none-eabi/10.3.1/thumb/v8-m.main+fp/hard/libgcc.a),/home/jiayi/project/T5_TuyaOS-3.13.6/software/TuyaOS/vendor/T5/toolchain/gcc-arm-none-eabi-10.3-2021.10/bin/../lib/gcc/arm-none-eabi/10.3.1/thumb/v8-m.main+fp/hard/libgcc.a
428,0,428,428,0,0,0,428,`1ac,libunwind.o (ex /home/jiayi/project/T5_TuyaOS-3.13.6/software/TuyaOS/vendor/T5/toolchain/gcc-arm-none-eabi-10.3-2021.10/bin/../lib/gcc/arm-none-eabi/10.3.1/thumb/v8-m.main+fp/hard/libgcc.a),/home/jiayi/project/T5_TuyaOS-3.13.6/software/TuyaOS/vendor/T5/toolchain/gcc-arm-none-eabi-10.3-2021.10/bin/../lib/gcc/arm-none-eabi/10.3.1/thumb/v8-m.main+fp/hard/libgcc.a
884,0,884,884,0,0,0,884,`374,pr-support.o (ex /home/jiayi/project/T5_TuyaOS-3.13.6/software/TuyaOS/vendor/T5/toolchain/gcc-arm-none-eabi-10.3-2021.10/bin/../lib/gcc/arm-none-eabi/10.3.1/thumb/v8-m.main+fp/hard/libgcc.a),/home/jiayi/project/T5_TuyaOS-3.13.6/software/TuyaOS/vendor/T5/toolchain/gcc-arm-none-eabi-10.3-2021.10/bin/../lib/gcc/arm-none-eabi/10.3.1/thumb/v8-m.main+fp/hard/libgcc.a
7740,0,7740,7740,0,0,0,7740,`1e3c,/home/jiayi/project/T5_TuyaOS-3.13.6/software/TuyaOS/vendor/T5/toolchain/gcc-arm-none-eabi-10.3-2021.10/bin/../lib/gcc/arm-none-eabi/10.3.1/thumb/v8-m.main+fp/hard/libgcc.a,/home/jiayi/project/T5_TuyaOS-3.13.6/software/TuyaOS/vendor/T5/toolchain/gcc-arm-none-eabi-10.3-2021.10/bin/../lib/gcc/arm-none-eabi/10.3.1/thumb/v8-m.main+fp/hard/libgcc.a
236,0,236,236,0,0,0,236,`ec,lib_a-memcpy.o (ex /home/jiayi/project/T5_TuyaOS-3.13.6/software/TuyaOS/vendor/T5/toolchain/gcc-arm-none-eabi-10.3-2021.10/bin/../lib/gcc/arm-none-eabi/10.3.1/../../../../arm-none-eabi/lib/thumb/v8-m.main+fp/hard/libc.a),/home/jiayi/project/T5_TuyaOS-3.13.6/software/TuyaOS/vendor/T5/toolchain/gcc-arm-none-eabi-10.3-2021.10/bin/../lib/gcc/arm-none-eabi/10.3.1/../../../../arm-none-eabi/lib/thumb/v8-m.main+fp/hard/libc.a
28,0,28,28,0,0,0,28,`1c,lib_a-setjmp.o (ex /home/jiayi/project/T5_TuyaOS-3.13.6/software/TuyaOS/vendor/T5/toolchain/gcc-arm-none-eabi-10.3-2021.10/bin/../lib/gcc/arm-none-eabi/10.3.1/../../../../arm-none-eabi/lib/thumb/v8-m.main+fp/hard/libc.a),/home/jiayi/project/T5_TuyaOS-3.13.6/software/TuyaOS/vendor/T5/toolchain/gcc-arm-none-eabi-10.3-2021.10/bin/../lib/gcc/arm-none-eabi/10.3.1/../../../../arm-none-eabi/lib/thumb/v8-m.main+fp/hard/libc.a
444,0,444,444,0,0,0,444,`1bc,lib_a-strcmp.o (ex /home/jiayi/project/T5_TuyaOS-3.13.6/software/TuyaOS/vendor/T5/toolchain/gcc-arm-none-eabi-10.3-2021.10/bin/../lib/gcc/arm-none-eabi/10.3.1/../../../../arm-none-eabi/lib/thumb/v8-m.main+fp/hard/libc.a),/home/jiayi/project/T5_TuyaOS-3.13.6/software/TuyaOS/vendor/T5/toolchain/gcc-arm-none-eabi-10.3-2021.10/bin/../lib/gcc/arm-none-eabi/10.3.1/../../../../arm-none-eabi/lib/thumb/v8-m.main+fp/hard/libc.a
154,0,154,154,0,0,0,154,`9a,lib_a-aeabi_memset-soft.o (ex /home/jiayi/project/T5_TuyaOS-3.13.6/software/TuyaOS/vendor/T5/toolchain/gcc-arm-none-eabi-10.3-2021.10/bin/../lib/gcc/arm-none-eabi/10.3.1/../../../../arm-none-eabi/lib/thumb/v8-m.main+fp/hard/libc.a),/home/jiayi/project/T5_TuyaOS-3.13.6/software/TuyaOS/vendor/T5/toolchain/gcc-arm-none-eabi-10.3-2021.10/bin/../lib/gcc/arm-none-eabi/10.3.1/../../../../arm-none-eabi/lib/thumb/v8-m.main+fp/hard/libc.a
16,0,16,16,0,0,0,16,`10,lib_a-abort.o (ex /home/jiayi/project/T5_TuyaOS-3.13.6/software/TuyaOS/vendor/T5/toolchain/gcc-arm-none-eabi-10.3-2021.10/bin/../lib/gcc/arm-none-eabi/10.3.1/../../../../arm-none-eabi/lib/thumb/v8-m.main+fp/hard/libc.a),/home/jiayi/project/T5_TuyaOS-3.13.6/software/TuyaOS/vendor/T5/toolchain/gcc-arm-none-eabi-10.3-2021.10/bin/../lib/gcc/arm-none-eabi/10.3.1/../../../../arm-none-eabi/lib/thumb/v8-m.main+fp/hard/libc.a
8,0,8,8,0,0,0,8,`8,lib_a-atoi.o (ex /home/jiayi/project/T5_TuyaOS-3.13.6/software/TuyaOS/vendor/T5/toolchain/gcc-arm-none-eabi-10.3-2021.10/bin/../lib/gcc/arm-none-eabi/10.3.1/../../../../arm-none-eabi/lib/thumb/v8-m.main+fp/hard/libc.a),/home/jiayi/project/T5_TuyaOS-3.13.6/software/TuyaOS/vendor/T5/toolchain/gcc-arm-none-eabi-10.3-2021.10/bin/../lib/gcc/arm-none-eabi/10.3.1/../../../../arm-none-eabi/lib/thumb/v8-m.main+fp/hard/libc.a
8,0,8,8,0,0,0,8,`8,lib_a-atol.o (ex /home/jiayi/project/T5_TuyaOS-3.13.6/software/TuyaOS/vendor/T5/toolchain/gcc-arm-none-eabi-10.3-2021.10/bin/../lib/gcc/arm-none-eabi/10.3.1/../../../../arm-none-eabi/lib/thumb/v8-m.main+fp/hard/libc.a),/home/jiayi/project/T5_TuyaOS-3.13.6/software/TuyaOS/vendor/T5/toolchain/gcc-arm-none-eabi-10.3-2021.10/bin/../lib/gcc/arm-none-eabi/10.3.1/../../../../arm-none-eabi/lib/thumb/v8-m.main+fp/hard/libc.a
8,0,8,8,0,0,0,8,`8,lib_a-atoll.o (ex /home/jiayi/project/T5_TuyaOS-3.13.6/software/TuyaOS/vendor/T5/toolchain/gcc-arm-none-eabi-10.3-2021.10/bin/../lib/gcc/arm-none-eabi/10.3.1/../../../../arm-none-eabi/lib/thumb/v8-m.main+fp/hard/libc.a),/home/jiayi/project/T5_TuyaOS-3.13.6/software/TuyaOS/vendor/T5/toolchain/gcc-arm-none-eabi-10.3-2021.10/bin/../lib/gcc/arm-none-eabi/10.3.1/../../../../arm-none-eabi/lib/thumb/v8-m.main+fp/hard/libc.a
12,0,12,12,0,0,0,12,`c,lib_a-errno.o (ex /home/jiayi/project/T5_TuyaOS-3.13.6/software/TuyaOS/vendor/T5/toolchain/gcc-arm-none-eabi-10.3-2021.10/bin/../lib/gcc/arm-none-eabi/10.3.1/../../../../arm-none-eabi/lib/thumb/v8-m.main+fp/hard/libc.a),/home/jiayi/project/T5_TuyaOS-3.13.6/software/TuyaOS/vendor/T5/toolchain/gcc-arm-none-eabi-10.3-2021.10/bin/../lib/gcc/arm-none-eabi/10.3.1/../../../../arm-none-eabi/lib/thumb/v8-m.main+fp/hard/libc.a
32,0,32,32,0,0,0,32,`20,lib_a-exit.o (ex /home/jiayi/project/T5_TuyaOS-3.13.6/software/TuyaOS/vendor/T5/toolchain/gcc-arm-none-eabi-10.3-2021.10/bin/../lib/gcc/arm-none-eabi/10.3.1/../../../../arm-none-eabi/lib/thumb/v8-m.main+fp/hard/libc.a),/home/jiayi/project/T5_TuyaOS-3.13.6/software/TuyaOS/vendor/T5/toolchain/gcc-arm-none-eabi-10.3-2021.10/bin/../lib/gcc/arm-none-eabi/10.3.1/../../../../arm-none-eabi/lib/thumb/v8-m.main+fp/hard/libc.a
204,0,204,204,0,0,0,204,`cc,lib_a-fclose.o (ex /home/jiayi/project/T5_TuyaOS-3.13.6/software/TuyaOS/vendor/T5/toolchain/gcc-arm-none-eabi-10.3-2021.10/bin/../lib/gcc/arm-none-eabi/10.3.1/../../../../arm-none-eabi/lib/thumb/v8-m.main+fp/hard/libc.a),/home/jiayi/project/T5_TuyaOS-3.13.6/software/TuyaOS/vendor/T5/toolchain/gcc-arm-none-eabi-10.3-2021.10/bin/../lib/gcc/arm-none-eabi/10.3.1/../../../../arm-none-eabi/lib/thumb/v8-m.main+fp/hard/libc.a
420,0,420,420,0,0,0,420,`1a4,lib_a-fflush.o (ex /home/jiayi/project/T5_TuyaOS-3.13.6/software/TuyaOS/vendor/T5/toolchain/gcc-arm-none-eabi-10.3-2021.10/bin/../lib/gcc/arm-none-eabi/10.3.1/../../../../arm-none-eabi/lib/thumb/v8-m.main+fp/hard/libc.a),/home/jiayi/project/T5_TuyaOS-3.13.6/software/TuyaOS/vendor/T5/toolchain/gcc-arm-none-eabi-10.3-2021.10/bin/../lib/gcc/arm-none-eabi/10.3.1/../../../../arm-none-eabi/lib/thumb/v8-m.main+fp/hard/libc.a
308,0,308,308,0,0,0,308,`134,lib_a-findfp.o (ex /home/jiayi/project/T5_TuyaOS-3.13.6/software/TuyaOS/vendor/T5/toolchain/gcc-arm-none-eabi-10.3-2021.10/bin/../lib/gcc/arm-none-eabi/10.3.1/../../../../arm-none-eabi/lib/thumb/v8-m.main+fp/hard/libc.a),/home/jiayi/project/T5_TuyaOS-3.13.6/software/TuyaOS/vendor/T5/toolchain/gcc-arm-none-eabi-10.3-2021.10/bin/../lib/gcc/arm-none-eabi/10.3.1/../../../../arm-none-eabi/lib/thumb/v8-m.main+fp/hard/libc.a
40,0,40,40,0,0,0,40,`28,lib_a-fprintf.o (ex /home/jiayi/project/T5_TuyaOS-3.13.6/software/TuyaOS/vendor/T5/toolchain/gcc-arm-none-eabi-10.3-2021.10/bin/../lib/gcc/arm-none-eabi/10.3.1/../../../../arm-none-eabi/lib/thumb/v8-m.main+fp/hard/libc.a),/home/jiayi/project/T5_TuyaOS-3.13.6/software/TuyaOS/vendor/T5/toolchain/gcc-arm-none-eabi-10.3-2021.10/bin/../lib/gcc/arm-none-eabi/10.3.1/../../../../arm-none-eabi/lib/thumb/v8-m.main+fp/hard/libc.a
44,0,44,44,0,0,0,44,`2c,lib_a-fstatr.o (ex /home/jiayi/project/T5_TuyaOS-3.13.6/software/TuyaOS/vendor/T5/toolchain/gcc-arm-none-eabi-10.3-2021.10/bin/../lib/gcc/arm-none-eabi/10.3.1/../../../../arm-none-eabi/lib/thumb/v8-m.main+fp/hard/libc.a),/home/jiayi/project/T5_TuyaOS-3.13.6/software/TuyaOS/vendor/T5/toolchain/gcc-arm-none-eabi-10.3-2021.10/bin/../lib/gcc/arm-none-eabi/10.3.1/../../../../arm-none-eabi/lib/thumb/v8-m.main+fp/hard/libc.a
68,0,68,68,0,0,0,68,`44,lib_a-fwalk.o (ex /home/jiayi/project/T5_TuyaOS-3.13.6/software/TuyaOS/vendor/T5/toolchain/gcc-arm-none-eabi-10.3-2021.10/bin/../lib/gcc/arm-none-eabi/10.3.1/../../../../arm-none-eabi/lib/thumb/v8-m.main+fp/hard/libc.a),/home/jiayi/project/T5_TuyaOS-3.13.6/software/TuyaOS/vendor/T5/toolchain/gcc-arm-none-eabi-10.3-2021.10/bin/../lib/gcc/arm-none-eabi/10.3.1/../../../../arm-none-eabi/lib/thumb/v8-m.main+fp/hard/libc.a
28,0,28,28,0,0,0,28,`1c,lib_a-getenv.o (ex /home/jiayi/project/T5_TuyaOS-3.13.6/software/TuyaOS/vendor/T5/toolchain/gcc-arm-none-eabi-10.3-2021.10/bin/../lib/gcc/arm-none-eabi/10.3.1/../../../../arm-none-eabi/lib/thumb/v8-m.main+fp/hard/libc.a),/home/jiayi/project/T5_TuyaOS-3.13.6/software/TuyaOS/vendor/T5/toolchain/gcc-arm-none-eabi-10.3-2021.10/bin/../lib/gcc/arm-none-eabi/10.3.1/../../../../arm-none-eabi/lib/thumb/v8-m.main+fp/hard/libc.a
132,0,132,132,0,0,0,132,`84,lib_a-getenv_r.o (ex /home/jiayi/project/T5_TuyaOS-3.13.6/software/TuyaOS/vendor/T5/toolchain/gcc-arm-none-eabi-10.3-2021.10/bin/../lib/gcc/arm-none-eabi/10.3.1/../../../../arm-none-eabi/lib/thumb/v8-m.main+fp/hard/libc.a),/home/jiayi/project/T5_TuyaOS-3.13.6/software/TuyaOS/vendor/T5/toolchain/gcc-arm-none-eabi-10.3-2021.10/bin/../lib/gcc/arm-none-eabi/10.3.1/../../../../arm-none-eabi/lib/thumb/v8-m.main+fp/hard/libc.a
16,4,16,16,0,0,4,20,`14,lib_a-lock.o (ex /home/jiayi/project/T5_TuyaOS-3.13.6/software/TuyaOS/vendor/T5/toolchain/gcc-arm-none-eabi-10.3-2021.10/bin/../lib/gcc/arm-none-eabi/10.3.1/../../../../arm-none-eabi/lib/thumb/v8-m.main+fp/hard/libc.a),/home/jiayi/project/T5_TuyaOS-3.13.6/software/TuyaOS/vendor/T5/toolchain/gcc-arm-none-eabi-10.3-2021.10/bin/../lib/gcc/arm-none-eabi/10.3.1/../../../../arm-none-eabi/lib/thumb/v8-m.main+fp/hard/libc.a
224,0,224,224,0,0,0,224,`e0,lib_a-makebuf.o (ex /home/jiayi/project/T5_TuyaOS-3.13.6/software/TuyaOS/vendor/T5/toolchain/gcc-arm-none-eabi-10.3-2021.10/bin/../lib/gcc/arm-none-eabi/10.3.1/../../../../arm-none-eabi/lib/thumb/v8-m.main+fp/hard/libc.a),/home/jiayi/project/T5_TuyaOS-3.13.6/software/TuyaOS/vendor/T5/toolchain/gcc-arm-none-eabi-10.3-2021.10/bin/../lib/gcc/arm-none-eabi/10.3.1/../../../../arm-none-eabi/lib/thumb/v8-m.main+fp/hard/libc.a
128,0,128,128,0,0,0,128,`80,lib_a-memchr-stub.o (ex /home/jiayi/project/T5_TuyaOS-3.13.6/software/TuyaOS/vendor/T5/toolchain/gcc-arm-none-eabi-10.3-2021.10/bin/../lib/gcc/arm-none-eabi/10.3.1/../../../../arm-none-eabi/lib/thumb/v8-m.main+fp/hard/libc.a),/home/jiayi/project/T5_TuyaOS-3.13.6/software/TuyaOS/vendor/T5/toolchain/gcc-arm-none-eabi-10.3-2021.10/bin/../lib/gcc/arm-none-eabi/10.3.1/../../../../arm-none-eabi/lib/thumb/v8-m.main+fp/hard/libc.a
96,0,96,96,0,0,0,96,`60,lib_a-memcmp.o (ex /home/jiayi/project/T5_TuyaOS-3.13.6/software/TuyaOS/vendor/T5/toolchain/gcc-arm-none-eabi-10.3-2021.10/bin/../lib/gcc/arm-none-eabi/10.3.1/../../../../arm-none-eabi/lib/thumb/v8-m.main+fp/hard/libc.a),/home/jiayi/project/T5_TuyaOS-3.13.6/software/TuyaOS/vendor/T5/toolchain/gcc-arm-none-eabi-10.3-2021.10/bin/../lib/gcc/arm-none-eabi/10.3.1/../../../../arm-none-eabi/lib/thumb/v8-m.main+fp/hard/libc.a
40,0,40,40,0,0,0,40,`28,lib_a-memcpy_chk.o (ex /home/jiayi/project/T5_TuyaOS-3.13.6/software/TuyaOS/vendor/T5/toolchain/gcc-arm-none-eabi-10.3-2021.10/bin/../lib/gcc/arm-none-eabi/10.3.1/../../../../arm-none-eabi/lib/thumb/v8-m.main+fp/hard/libc.a),/home/jiayi/project/T5_TuyaOS-3.13.6/software/TuyaOS/vendor/T5/toolchain/gcc-arm-none-eabi-10.3-2021.10/bin/../lib/gcc/arm-none-eabi/10.3.1/../../../../arm-none-eabi/lib/thumb/v8-m.main+fp/hard/libc.a
248,0,248,248,0,0,0,248,`f8,lib_a-memmove.o (ex /home/jiayi/project/T5_TuyaOS-3.13.6/software/TuyaOS/vendor/T5/toolchain/gcc-arm-none-eabi-10.3-2021.10/bin/../lib/gcc/arm-none-eabi/10.3.1/../../../../arm-none-eabi/lib/thumb/v8-m.main+fp/hard/libc.a),/home/jiayi/project/T5_TuyaOS-3.13.6/software/TuyaOS/vendor/T5/toolchain/gcc-arm-none-eabi-10.3-2021.10/bin/../lib/gcc/arm-none-eabi/10.3.1/../../../../arm-none-eabi/lib/thumb/v8-m.main+fp/hard/libc.a
164,0,164,164,0,0,0,164,`a4,lib_a-memset.o (ex /home/jiayi/project/T5_TuyaOS-3.13.6/software/TuyaOS/vendor/T5/toolchain/gcc-arm-none-eabi-10.3-2021.10/bin/../lib/gcc/arm-none-eabi/10.3.1/../../../../arm-none-eabi/lib/thumb/v8-m.main+fp/hard/libc.a),/home/jiayi/project/T5_TuyaOS-3.13.6/software/TuyaOS/vendor/T5/toolchain/gcc-arm-none-eabi-10.3-2021.10/bin/../lib/gcc/arm-none-eabi/10.3.1/../../../../arm-none-eabi/lib/thumb/v8-m.main+fp/hard/libc.a
16,0,16,16,0,0,0,16,`10,lib_a-memset_chk.o (ex /home/jiayi/project/T5_TuyaOS-3.13.6/software/TuyaOS/vendor/T5/toolchain/gcc-arm-none-eabi-10.3-2021.10/bin/../lib/gcc/arm-none-eabi/10.3.1/../../../../arm-none-eabi/lib/thumb/v8-m.main+fp/hard/libc.a),/home/jiayi/project/T5_TuyaOS-3.13.6/software/TuyaOS/vendor/T5/toolchain/gcc-arm-none-eabi-10.3-2021.10/bin/../lib/gcc/arm-none-eabi/10.3.1/../../../../arm-none-eabi/lib/thumb/v8-m.main+fp/hard/libc.a
1580,0,1580,1580,0,0,0,1580,`62c,lib_a-qsort.o (ex /home/jiayi/project/T5_TuyaOS-3.13.6/software/TuyaOS/vendor/T5/toolchain/gcc-arm-none-eabi-10.3-2021.10/bin/../lib/gcc/arm-none-eabi/10.3.1/../../../../arm-none-eabi/lib/thumb/v8-m.main+fp/hard/libc.a),/home/jiayi/project/T5_TuyaOS-3.13.6/software/TuyaOS/vendor/T5/toolchain/gcc-arm-none-eabi-10.3-2021.10/bin/../lib/gcc/arm-none-eabi/10.3.1/../../../../arm-none-eabi/lib/thumb/v8-m.main+fp/hard/libc.a
76,0,76,76,0,0,0,76,`4c,lib_a-rand.o (ex /home/jiayi/project/T5_TuyaOS-3.13.6/software/TuyaOS/vendor/T5/toolchain/gcc-arm-none-eabi-10.3-2021.10/bin/../lib/gcc/arm-none-eabi/10.3.1/../../../../arm-none-eabi/lib/thumb/v8-m.main+fp/hard/libc.a),/home/jiayi/project/T5_TuyaOS-3.13.6/software/TuyaOS/vendor/T5/toolchain/gcc-arm-none-eabi-10.3-2021.10/bin/../lib/gcc/arm-none-eabi/10.3.1/../../../../arm-none-eabi/lib/thumb/v8-m.main+fp/hard/libc.a
24,0,24,24,0,0,0,24,`18,lib_a-setenv.o (ex /home/jiayi/project/T5_TuyaOS-3.13.6/software/TuyaOS/vendor/T5/toolchain/gcc-arm-none-eabi-10.3-2021.10/bin/../lib/gcc/arm-none-eabi/10.3.1/../../../../arm-none-eabi/lib/thumb/v8-m.main+fp/hard/libc.a),/home/jiayi/project/T5_TuyaOS-3.13.6/software/TuyaOS/vendor/T5/toolchain/gcc-arm-none-eabi-10.3-2021.10/bin/../lib/gcc/arm-none-eabi/10.3.1/../../../../arm-none-eabi/lib/thumb/v8-m.main+fp/hard/libc.a
368,4,368,368,0,0,4,372,`174,lib_a-setenv_r.o (ex /home/jiayi/project/T5_TuyaOS-3.13.6/software/TuyaOS/vendor/T5/toolchain/gcc-arm-none-eabi-10.3-2021.10/bin/../lib/gcc/arm-none-eabi/10.3.1/../../../../arm-none-eabi/lib/thumb/v8-m.main+fp/hard/libc.a),/home/jiayi/project/T5_TuyaOS-3.13.6/software/TuyaOS/vendor/T5/toolchain/gcc-arm-none-eabi-10.3-2021.10/bin/../lib/gcc/arm-none-eabi/10.3.1/../../../../arm-none-eabi/lib/thumb/v8-m.main+fp/hard/libc.a
92,0,92,92,0,0,0,92,`5c,lib_a-signal.o (ex /home/jiayi/project/T5_TuyaOS-3.13.6/software/TuyaOS/vendor/T5/toolchain/gcc-arm-none-eabi-10.3-2021.10/bin/../lib/gcc/arm-none-eabi/10.3.1/../../../../arm-none-eabi/lib/thumb/v8-m.main+fp/hard/libc.a),/home/jiayi/project/T5_TuyaOS-3.13.6/software/TuyaOS/vendor/T5/toolchain/gcc-arm-none-eabi-10.3-2021.10/bin/../lib/gcc/arm-none-eabi/10.3.1/../../../../arm-none-eabi/lib/thumb/v8-m.main+fp/hard/libc.a
48,0,48,48,0,0,0,48,`30,lib_a-signalr.o (ex /home/jiayi/project/T5_TuyaOS-3.13.6/software/TuyaOS/vendor/T5/toolchain/gcc-arm-none-eabi-10.3-2021.10/bin/../lib/gcc/arm-none-eabi/10.3.1/../../../../arm-none-eabi/lib/thumb/v8-m.main+fp/hard/libc.a),/home/jiayi/project/T5_TuyaOS-3.13.6/software/TuyaOS/vendor/T5/toolchain/gcc-arm-none-eabi-10.3-2021.10/bin/../lib/gcc/arm-none-eabi/10.3.1/../../../../arm-none-eabi/lib/thumb/v8-m.main+fp/hard/libc.a
88,0,88,88,0,0,0,88,`58,lib_a-sscanf.o (ex /home/jiayi/project/T5_TuyaOS-3.13.6/software/TuyaOS/vendor/T5/toolchain/gcc-arm-none-eabi-10.3-2021.10/bin/../lib/gcc/arm-none-eabi/10.3.1/../../../../arm-none-eabi/lib/thumb/v8-m.main+fp/hard/libc.a),/home/jiayi/project/T5_TuyaOS-3.13.6/software/TuyaOS/vendor/T5/toolchain/gcc-arm-none-eabi-10.3-2021.10/bin/../lib/gcc/arm-none-eabi/10.3.1/../../../../arm-none-eabi/lib/thumb/v8-m.main+fp/hard/libc.a
148,0,148,148,0,0,0,148,`94,lib_a-stdio.o (ex /home/jiayi/project/T5_TuyaOS-3.13.6/software/TuyaOS/vendor/T5/toolchain/gcc-arm-none-eabi-10.3-2021.10/bin/../lib/gcc/arm-none-eabi/10.3.1/../../../../arm-none-eabi/lib/thumb/v8-m.main+fp/hard/libc.a),/home/jiayi/project/T5_TuyaOS-3.13.6/software/TuyaOS/vendor/T5/toolchain/gcc-arm-none-eabi-10.3-2021.10/bin/../lib/gcc/arm-none-eabi/10.3.1/../../../../arm-none-eabi/lib/thumb/v8-m.main+fp/hard/libc.a
76,0,76,76,0,0,0,76,`4c,lib_a-strcasecmp.o (ex /home/jiayi/project/T5_TuyaOS-3.13.6/software/TuyaOS/vendor/T5/toolchain/gcc-arm-none-eabi-10.3-2021.10/bin/../lib/gcc/arm-none-eabi/10.3.1/../../../../arm-none-eabi/lib/thumb/v8-m.main+fp/hard/libc.a),/home/jiayi/project/T5_TuyaOS-3.13.6/software/TuyaOS/vendor/T5/toolchain/gcc-arm-none-eabi-10.3-2021.10/bin/../lib/gcc/arm-none-eabi/10.3.1/../../../../arm-none-eabi/lib/thumb/v8-m.main+fp/hard/libc.a
64,0,64,64,0,0,0,64,`40,lib_a-strcat.o (ex /home/jiayi/project/T5_TuyaOS-3.13.6/software/TuyaOS/vendor/T5/toolchain/gcc-arm-none-eabi-10.3-2021.10/bin/../lib/gcc/arm-none-eabi/10.3.1/../../../../arm-none-eabi/lib/thumb/v8-m.main+fp/hard/libc.a),/home/jiayi/project/T5_TuyaOS-3.13.6/software/TuyaOS/vendor/T5/toolchain/gcc-arm-none-eabi-10.3-2021.10/bin/../lib/gcc/arm-none-eabi/10.3.1/../../../../arm-none-eabi/lib/thumb/v8-m.main+fp/hard/libc.a
204,0,204,204,0,0,0,204,`cc,lib_a-strchr.o (ex /home/jiayi/project/T5_TuyaOS-3.13.6/software/TuyaOS/vendor/T5/toolchain/gcc-arm-none-eabi-10.3-2021.10/bin/../lib/gcc/arm-none-eabi/10.3.1/../../../../arm-none-eabi/lib/thumb/v8-m.main+fp/hard/libc.a),/home/jiayi/project/T5_TuyaOS-3.13.6/software/TuyaOS/vendor/T5/toolchain/gcc-arm-none-eabi-10.3-2021.10/bin/../lib/gcc/arm-none-eabi/10.3.1/../../../../arm-none-eabi/lib/thumb/v8-m.main+fp/hard/libc.a
188,0,188,188,0,0,0,188,`bc,lib_a-strcpy.o (ex /home/jiayi/project/T5_TuyaOS-3.13.6/software/TuyaOS/vendor/T5/toolchain/gcc-arm-none-eabi-10.3-2021.10/bin/../lib/gcc/arm-none-eabi/10.3.1/../../../../arm-none-eabi/lib/thumb/v8-m.main+fp/hard/libc.a),/home/jiayi/project/T5_TuyaOS-3.13.6/software/TuyaOS/vendor/T5/toolchain/gcc-arm-none-eabi-10.3-2021.10/bin/../lib/gcc/arm-none-eabi/10.3.1/../../../../arm-none-eabi/lib/thumb/v8-m.main+fp/hard/libc.a
16,0,16,16,0,0,0,16,`10,lib_a-strdup.o (ex /home/jiayi/project/T5_TuyaOS-3.13.6/software/TuyaOS/vendor/T5/toolchain/gcc-arm-none-eabi-10.3-2021.10/bin/../lib/gcc/arm-none-eabi/10.3.1/../../../../arm-none-eabi/lib/thumb/v8-m.main+fp/hard/libc.a),/home/jiayi/project/T5_TuyaOS-3.13.6/software/TuyaOS/vendor/T5/toolchain/gcc-arm-none-eabi-10.3-2021.10/bin/../lib/gcc/arm-none-eabi/10.3.1/../../../../arm-none-eabi/lib/thumb/v8-m.main+fp/hard/libc.a
40,0,40,40,0,0,0,40,`28,lib_a-strdup_r.o (ex /home/jiayi/project/T5_TuyaOS-3.13.6/software/TuyaOS/vendor/T5/toolchain/gcc-arm-none-eabi-10.3-2021.10/bin/../lib/gcc/arm-none-eabi/10.3.1/../../../../arm-none-eabi/lib/thumb/v8-m.main+fp/hard/libc.a),/home/jiayi/project/T5_TuyaOS-3.13.6/software/TuyaOS/vendor/T5/toolchain/gcc-arm-none-eabi-10.3-2021.10/bin/../lib/gcc/arm-none-eabi/10.3.1/../../../../arm-none-eabi/lib/thumb/v8-m.main+fp/hard/libc.a
92,0,92,92,0,0,0,92,`5c,lib_a-strlen-stub.o (ex /home/jiayi/project/T5_TuyaOS-3.13.6/software/TuyaOS/vendor/T5/toolchain/gcc-arm-none-eabi-10.3-2021.10/bin/../lib/gcc/arm-none-eabi/10.3.1/../../../../arm-none-eabi/lib/thumb/v8-m.main+fp/hard/libc.a),/home/jiayi/project/T5_TuyaOS-3.13.6/software/TuyaOS/vendor/T5/toolchain/gcc-arm-none-eabi-10.3-2021.10/bin/../lib/gcc/arm-none-eabi/10.3.1/../../../../arm-none-eabi/lib/thumb/v8-m.main+fp/hard/libc.a
88,0,88,88,0,0,0,88,`58,lib_a-strncasecmp.o (ex /home/jiayi/project/T5_TuyaOS-3.13.6/software/TuyaOS/vendor/T5/toolchain/gcc-arm-none-eabi-10.3-2021.10/bin/../lib/gcc/arm-none-eabi/10.3.1/../../../../arm-none-eabi/lib/thumb/v8-m.main+fp/hard/libc.a),/home/jiayi/project/T5_TuyaOS-3.13.6/software/TuyaOS/vendor/T5/toolchain/gcc-arm-none-eabi-10.3-2021.10/bin/../lib/gcc/arm-none-eabi/10.3.1/../../../../arm-none-eabi/lib/thumb/v8-m.main+fp/hard/libc.a
92,0,92,92,0,0,0,92,`5c,lib_a-strncat.o (ex /home/jiayi/project/T5_TuyaOS-3.13.6/software/TuyaOS/vendor/T5/toolchain/gcc-arm-none-eabi-10.3-2021.10/bin/../lib/gcc/arm-none-eabi/10.3.1/../../../../arm-none-eabi/lib/thumb/v8-m.main+fp/hard/libc.a),/home/jiayi/project/T5_TuyaOS-3.13.6/software/TuyaOS/vendor/T5/toolchain/gcc-arm-none-eabi-10.3-2021.10/bin/../lib/gcc/arm-none-eabi/10.3.1/../../../../arm-none-eabi/lib/thumb/v8-m.main+fp/hard/libc.a
120,0,120,120,0,0,0,120,`78,lib_a-strncmp.o (ex /home/jiayi/project/T5_TuyaOS-3.13.6/software/TuyaOS/vendor/T5/toolchain/gcc-arm-none-eabi-10.3-2021.10/bin/../lib/gcc/arm-none-eabi/10.3.1/../../../../arm-none-eabi/lib/thumb/v8-m.main+fp/hard/libc.a),/home/jiayi/project/T5_TuyaOS-3.13.6/software/TuyaOS/vendor/T5/toolchain/gcc-arm-none-eabi-10.3-2021.10/bin/../lib/gcc/arm-none-eabi/10.3.1/../../../../arm-none-eabi/lib/thumb/v8-m.main+fp/hard/libc.a
100,0,100,100,0,0,0,100,`64,lib_a-strncpy.o (ex /home/jiayi/project/T5_TuyaOS-3.13.6/software/TuyaOS/vendor/T5/toolchain/gcc-arm-none-eabi-10.3-2021.10/bin/../lib/gcc/arm-none-eabi/10.3.1/../../../../arm-none-eabi/lib/thumb/v8-m.main+fp/hard/libc.a),/home/jiayi/project/T5_TuyaOS-3.13.6/software/TuyaOS/vendor/T5/toolchain/gcc-arm-none-eabi-10.3-2021.10/bin/../lib/gcc/arm-none-eabi/10.3.1/../../../../arm-none-eabi/lib/thumb/v8-m.main+fp/hard/libc.a
36,0,36,36,0,0,0,36,`24,lib_a-strnlen.o (ex /home/jiayi/project/T5_TuyaOS-3.13.6/software/TuyaOS/vendor/T5/toolchain/gcc-arm-none-eabi-10.3-2021.10/bin/../lib/gcc/arm-none-eabi/10.3.1/../../../../arm-none-eabi/lib/thumb/v8-m.main+fp/hard/libc.a),/home/jiayi/project/T5_TuyaOS-3.13.6/software/TuyaOS/vendor/T5/toolchain/gcc-arm-none-eabi-10.3-2021.10/bin/../lib/gcc/arm-none-eabi/10.3.1/../../../../arm-none-eabi/lib/thumb/v8-m.main+fp/hard/libc.a
36,0,36,36,0,0,0,36,`24,lib_a-strrchr.o (ex /home/jiayi/project/T5_TuyaOS-3.13.6/software/TuyaOS/vendor/T5/toolchain/gcc-arm-none-eabi-10.3-2021.10/bin/../lib/gcc/arm-none-eabi/10.3.1/../../../../arm-none-eabi/lib/thumb/v8-m.main+fp/hard/libc.a),/home/jiayi/project/T5_TuyaOS-3.13.6/software/TuyaOS/vendor/T5/toolchain/gcc-arm-none-eabi-10.3-2021.10/bin/../lib/gcc/arm-none-eabi/10.3.1/../../../../arm-none-eabi/lib/thumb/v8-m.main+fp/hard/libc.a
1080,0,1080,1080,0,0,0,1080,`438,lib_a-strstr.o (ex /home/jiayi/project/T5_TuyaOS-3.13.6/software/TuyaOS/vendor/T5/toolchain/gcc-arm-none-eabi-10.3-2021.10/bin/../lib/gcc/arm-none-eabi/10.3.1/../../../../arm-none-eabi/lib/thumb/v8-m.main+fp/hard/libc.a),/home/jiayi/project/T5_TuyaOS-3.13.6/software/TuyaOS/vendor/T5/toolchain/gcc-arm-none-eabi-10.3-2021.10/bin/../lib/gcc/arm-none-eabi/10.3.1/../../../../arm-none-eabi/lib/thumb/v8-m.main+fp/hard/libc.a
4025,0,4025,3928,97,0,0,4025,`fb9,lib_a-strtod.o (ex /home/jiayi/project/T5_TuyaOS-3.13.6/software/TuyaOS/vendor/T5/toolchain/gcc-arm-none-eabi-10.3-2021.10/bin/../lib/gcc/arm-none-eabi/10.3.1/../../../../arm-none-eabi/lib/thumb/v8-m.main+fp/hard/libc.a),/home/jiayi/project/T5_TuyaOS-3.13.6/software/TuyaOS/vendor/T5/toolchain/gcc-arm-none-eabi-10.3-2021.10/bin/../lib/gcc/arm-none-eabi/10.3.1/../../../../arm-none-eabi/lib/thumb/v8-m.main+fp/hard/libc.a
16,0,16,16,0,0,0,16,`10,lib_a-strtok.o (ex /home/jiayi/project/T5_TuyaOS-3.13.6/software/TuyaOS/vendor/T5/toolchain/gcc-arm-none-eabi-10.3-2021.10/bin/../lib/gcc/arm-none-eabi/10.3.1/../../../../arm-none-eabi/lib/thumb/v8-m.main+fp/hard/libc.a),/home/jiayi/project/T5_TuyaOS-3.13.6/software/TuyaOS/vendor/T5/toolchain/gcc-arm-none-eabi-10.3-2021.10/bin/../lib/gcc/arm-none-eabi/10.3.1/../../../../arm-none-eabi/lib/thumb/v8-m.main+fp/hard/libc.a
112,0,112,112,0,0,0,112,`70,lib_a-strtok_r.o (ex /home/jiayi/project/T5_TuyaOS-3.13.6/software/TuyaOS/vendor/T5/toolchain/gcc-arm-none-eabi-10.3-2021.10/bin/../lib/gcc/arm-none-eabi/10.3.1/../../../../arm-none-eabi/lib/thumb/v8-m.main+fp/hard/libc.a),/home/jiayi/project/T5_TuyaOS-3.13.6/software/TuyaOS/vendor/T5/toolchain/gcc-arm-none-eabi-10.3-2021.10/bin/../lib/gcc/arm-none-eabi/10.3.1/../../../../arm-none-eabi/lib/thumb/v8-m.main+fp/hard/libc.a
332,0,332,332,0,0,0,332,`14c,lib_a-strtol.o (ex /home/jiayi/project/T5_TuyaOS-3.13.6/software/TuyaOS/vendor/T5/toolchain/gcc-arm-none-eabi-10.3-2021.10/bin/../lib/gcc/arm-none-eabi/10.3.1/../../../../arm-none-eabi/lib/thumb/v8-m.main+fp/hard/libc.a),/home/jiayi/project/T5_TuyaOS-3.13.6/software/TuyaOS/vendor/T5/toolchain/gcc-arm-none-eabi-10.3-2021.10/bin/../lib/gcc/arm-none-eabi/10.3.1/../../../../arm-none-eabi/lib/thumb/v8-m.main+fp/hard/libc.a
376,0,376,376,0,0,0,376,`178,lib_a-strtoll.o (ex /home/jiayi/project/T5_TuyaOS-3.13.6/software/TuyaOS/vendor/T5/toolchain/gcc-arm-none-eabi-10.3-2021.10/bin/../lib/gcc/arm-none-eabi/10.3.1/../../../../arm-none-eabi/lib/thumb/v8-m.main+fp/hard/libc.a),/home/jiayi/project/T5_TuyaOS-3.13.6/software/TuyaOS/vendor/T5/toolchain/gcc-arm-none-eabi-10.3-2021.10/bin/../lib/gcc/arm-none-eabi/10.3.1/../../../../arm-none-eabi/lib/thumb/v8-m.main+fp/hard/libc.a
304,0,304,304,0,0,0,304,`130,lib_a-strtoul.o (ex /home/jiayi/project/T5_TuyaOS-3.13.6/software/TuyaOS/vendor/T5/toolchain/gcc-arm-none-eabi-10.3-2021.10/bin/../lib/gcc/arm-none-eabi/10.3.1/../../../../arm-none-eabi/lib/thumb/v8-m.main+fp/hard/libc.a),/home/jiayi/project/T5_TuyaOS-3.13.6/software/TuyaOS/vendor/T5/toolchain/gcc-arm-none-eabi-10.3-2021.10/bin/../lib/gcc/arm-none-eabi/10.3.1/../../../../arm-none-eabi/lib/thumb/v8-m.main+fp/hard/libc.a
5995,0,5995,5956,39,0,0,5995,`176b,lib_a-svfscanf.o (ex /home/jiayi/project/T5_TuyaOS-3.13.6/software/TuyaOS/vendor/T5/toolchain/gcc-arm-none-eabi-10.3-2021.10/bin/../lib/gcc/arm-none-eabi/10.3.1/../../../../arm-none-eabi/lib/thumb/v8-m.main+fp/hard/libc.a),/home/jiayi/project/T5_TuyaOS-3.13.6/software/TuyaOS/vendor/T5/toolchain/gcc-arm-none-eabi-10.3-2021.10/bin/../lib/gcc/arm-none-eabi/10.3.1/../../../../arm-none-eabi/lib/thumb/v8-m.main+fp/hard/libc.a
52,0,52,52,0,0,0,52,`34,lib_a-time.o (ex /home/jiayi/project/T5_TuyaOS-3.13.6/software/TuyaOS/vendor/T5/toolchain/gcc-arm-none-eabi-10.3-2021.10/bin/../lib/gcc/arm-none-eabi/10.3.1/../../../../arm-none-eabi/lib/thumb/v8-m.main+fp/hard/libc.a),/home/jiayi/project/T5_TuyaOS-3.13.6/software/TuyaOS/vendor/T5/toolchain/gcc-arm-none-eabi-10.3-2021.10/bin/../lib/gcc/arm-none-eabi/10.3.1/../../../../arm-none-eabi/lib/thumb/v8-m.main+fp/hard/libc.a
120,0,120,120,0,0,0,120,`78,lib_a-ungetc.o (ex /home/jiayi/project/T5_TuyaOS-3.13.6/software/TuyaOS/vendor/T5/toolchain/gcc-arm-none-eabi-10.3-2021.10/bin/../lib/gcc/arm-none-eabi/10.3.1/../../../../arm-none-eabi/lib/thumb/v8-m.main+fp/hard/libc.a),/home/jiayi/project/T5_TuyaOS-3.13.6/software/TuyaOS/vendor/T5/toolchain/gcc-arm-none-eabi-10.3-2021.10/bin/../lib/gcc/arm-none-eabi/10.3.1/../../../../arm-none-eabi/lib/thumb/v8-m.main+fp/hard/libc.a
7314,0,7314,7216,98,0,0,7314,`1c92,lib_a-vfprintf.o (ex /home/jiayi/project/T5_TuyaOS-3.13.6/software/TuyaOS/vendor/T5/toolchain/gcc-arm-none-eabi-10.3-2021.10/bin/../lib/gcc/arm-none-eabi/10.3.1/../../../../arm-none-eabi/lib/thumb/v8-m.main+fp/hard/libc.a),/home/jiayi/project/T5_TuyaOS-3.13.6/software/TuyaOS/vendor/T5/toolchain/gcc-arm-none-eabi-10.3-2021.10/bin/../lib/gcc/arm-none-eabi/10.3.1/../../../../arm-none-eabi/lib/thumb/v8-m.main+fp/hard/libc.a
44,0,44,44,0,0,0,44,`2c,lib_a-writer.o (ex /home/jiayi/project/T5_TuyaOS-3.13.6/software/TuyaOS/vendor/T5/toolchain/gcc-arm-none-eabi-10.3-2021.10/bin/../lib/gcc/arm-none-eabi/10.3.1/../../../../arm-none-eabi/lib/thumb/v8-m.main+fp/hard/libc.a),/home/jiayi/project/T5_TuyaOS-3.13.6/software/TuyaOS/vendor/T5/toolchain/gcc-arm-none-eabi-10.3-2021.10/bin/../lib/gcc/arm-none-eabi/10.3.1/../../../../arm-none-eabi/lib/thumb/v8-m.main+fp/hard/libc.a
212,0,212,212,0,0,0,212,`d4,lib_a-wsetup.o (ex /home/jiayi/project/T5_TuyaOS-3.13.6/software/TuyaOS/vendor/T5/toolchain/gcc-arm-none-eabi-10.3-2021.10/bin/../lib/gcc/arm-none-eabi/10.3.1/../../../../arm-none-eabi/lib/thumb/v8-m.main+fp/hard/libc.a),/home/jiayi/project/T5_TuyaOS-3.13.6/software/TuyaOS/vendor/T5/toolchain/gcc-arm-none-eabi-10.3-2021.10/bin/../lib/gcc/arm-none-eabi/10.3.1/../../../../arm-none-eabi/lib/thumb/v8-m.main+fp/hard/libc.a
224,4,220,220,0,4,0,224,`e0,lib_a-__call_atexit.o (ex /home/jiayi/project/T5_TuyaOS-3.13.6/software/TuyaOS/vendor/T5/toolchain/gcc-arm-none-eabi-10.3-2021.10/bin/../lib/gcc/arm-none-eabi/10.3.1/../../../../arm-none-eabi/lib/thumb/v8-m.main+fp/hard/libc.a),/home/jiayi/project/T5_TuyaOS-3.13.6/software/TuyaOS/vendor/T5/toolchain/gcc-arm-none-eabi-10.3-2021.10/bin/../lib/gcc/arm-none-eabi/10.3.1/../../../../arm-none-eabi/lib/thumb/v8-m.main+fp/hard/libc.a
12,0,12,12,0,0,0,12,`c,lib_a-atexit.o (ex /home/jiayi/project/T5_TuyaOS-3.13.6/software/TuyaOS/vendor/T5/toolchain/gcc-arm-none-eabi-10.3-2021.10/bin/../lib/gcc/arm-none-eabi/10.3.1/../../../../arm-none-eabi/lib/thumb/v8-m.main+fp/hard/libc.a),/home/jiayi/project/T5_TuyaOS-3.13.6/software/TuyaOS/vendor/T5/toolchain/gcc-arm-none-eabi-10.3-2021.10/bin/../lib/gcc/arm-none-eabi/10.3.1/../../../../arm-none-eabi/lib/thumb/v8-m.main+fp/hard/libc.a
110,0,110,64,46,0,0,110,`6e,lib_a-chk_fail.o (ex /home/jiayi/project/T5_TuyaOS-3.13.6/software/TuyaOS/vendor/T5/toolchain/gcc-arm-none-eabi-10.3-2021.10/bin/../lib/gcc/arm-none-eabi/10.3.1/../../../../arm-none-eabi/lib/thumb/v8-m.main+fp/hard/libc.a),/home/jiayi/project/T5_TuyaOS-3.13.6/software/TuyaOS/vendor/T5/toolchain/gcc-arm-none-eabi-10.3-2021.10/bin/../lib/gcc/arm-none-eabi/10.3.1/../../../../arm-none-eabi/lib/thumb/v8-m.main+fp/hard/libc.a
36,0,36,36,0,0,0,36,`24,lib_a-closer.o (ex /home/jiayi/project/T5_TuyaOS-3.13.6/software/TuyaOS/vendor/T5/toolchain/gcc-arm-none-eabi-10.3-2021.10/bin/../lib/gcc/arm-none-eabi/10.3.1/../../../../arm-none-eabi/lib/thumb/v8-m.main+fp/hard/libc.a),/home/jiayi/project/T5_TuyaOS-3.13.6/software/TuyaOS/vendor/T5/toolchain/gcc-arm-none-eabi-10.3-2021.10/bin/../lib/gcc/arm-none-eabi/10.3.1/../../../../arm-none-eabi/lib/thumb/v8-m.main+fp/hard/libc.a
4398,0,4398,4232,166,0,0,4398,`112e,lib_a-dtoa.o (ex /home/jiayi/project/T5_TuyaOS-3.13.6/software/TuyaOS/vendor/T5/toolchain/gcc-arm-none-eabi-10.3-2021.10/bin/../lib/gcc/arm-none-eabi/10.3.1/../../../../arm-none-eabi/lib/thumb/v8-m.main+fp/hard/libc.a),/home/jiayi/project/T5_TuyaOS-3.13.6/software/TuyaOS/vendor/T5/toolchain/gcc-arm-none-eabi-10.3-2021.10/bin/../lib/gcc/arm-none-eabi/10.3.1/../../../../arm-none-eabi/lib/thumb/v8-m.main+fp/hard/libc.a
24,0,24,24,0,0,0,24,`18,lib_a-envlock.o (ex /home/jiayi/project/T5_TuyaOS-3.13.6/software/TuyaOS/vendor/T5/toolchain/gcc-arm-none-eabi-10.3-2021.10/bin/../lib/gcc/arm-none-eabi/10.3.1/../../../../arm-none-eabi/lib/thumb/v8-m.main+fp/hard/libc.a),/home/jiayi/project/T5_TuyaOS-3.13.6/software/TuyaOS/vendor/T5/toolchain/gcc-arm-none-eabi-10.3-2021.10/bin/../lib/gcc/arm-none-eabi/10.3.1/../../../../arm-none-eabi/lib/thumb/v8-m.main+fp/hard/libc.a
44,0,44,44,0,0,0,44,`2c,lib_a-fini.o (ex /home/jiayi/project/T5_TuyaOS-3.13.6/software/TuyaOS/vendor/T5/toolchain/gcc-arm-none-eabi-10.3-2021.10/bin/../lib/gcc/arm-none-eabi/10.3.1/../../../../arm-none-eabi/lib/thumb/v8-m.main+fp/hard/libc.a),/home/jiayi/project/T5_TuyaOS-3.13.6/software/TuyaOS/vendor/T5/toolchain/gcc-arm-none-eabi-10.3-2021.10/bin/../lib/gcc/arm-none-eabi/10.3.1/../../../../arm-none-eabi/lib/thumb/v8-m.main+fp/hard/libc.a
2094,0,2094,1684,410,0,0,2094,`82e,lib_a-gdtoa-gethex.o (ex /home/jiayi/project/T5_TuyaOS-3.13.6/software/TuyaOS/vendor/T5/toolchain/gcc-arm-none-eabi-10.3-2021.10/bin/../lib/gcc/arm-none-eabi/10.3.1/../../../../arm-none-eabi/lib/thumb/v8-m.main+fp/hard/libc.a),/home/jiayi/project/T5_TuyaOS-3.13.6/software/TuyaOS/vendor/T5/toolchain/gcc-arm-none-eabi-10.3-2021.10/bin/../lib/gcc/arm-none-eabi/10.3.1/../../../../arm-none-eabi/lib/thumb/v8-m.main+fp/hard/libc.a
492,0,492,492,0,0,0,492,`1ec,lib_a-gdtoa-hexnan.o (ex /home/jiayi/project/T5_TuyaOS-3.13.6/software/TuyaOS/vendor/T5/toolchain/gcc-arm-none-eabi-10.3-2021.10/bin/../lib/gcc/arm-none-eabi/10.3.1/../../../../arm-none-eabi/lib/thumb/v8-m.main+fp/hard/libc.a),/home/jiayi/project/T5_TuyaOS-3.13.6/software/TuyaOS/vendor/T5/toolchain/gcc-arm-none-eabi-10.3-2021.10/bin/../lib/gcc/arm-none-eabi/10.3.1/../../../../arm-none-eabi/lib/thumb/v8-m.main+fp/hard/libc.a
44,0,44,44,0,0,0,44,`2c,lib_a-gettimeofdayr.o (ex /home/jiayi/project/T5_TuyaOS-3.13.6/software/TuyaOS/vendor/T5/toolchain/gcc-arm-none-eabi-10.3-2021.10/bin/../lib/gcc/arm-none-eabi/10.3.1/../../../../arm-none-eabi/lib/thumb/v8-m.main+fp/hard/libc.a),/home/jiayi/project/T5_TuyaOS-3.13.6/software/TuyaOS/vendor/T5/toolchain/gcc-arm-none-eabi-10.3-2021.10/bin/../lib/gcc/arm-none-eabi/10.3.1/../../../../arm-none-eabi/lib/thumb/v8-m.main+fp/hard/libc.a
36,0,36,36,0,0,0,36,`24,lib_a-isattyr.o (ex /home/jiayi/project/T5_TuyaOS-3.13.6/software/TuyaOS/vendor/T5/toolchain/gcc-arm-none-eabi-10.3-2021.10/bin/../lib/gcc/arm-none-eabi/10.3.1/../../../../arm-none-eabi/lib/thumb/v8-m.main+fp/hard/libc.a),/home/jiayi/project/T5_TuyaOS-3.13.6/software/TuyaOS/vendor/T5/toolchain/gcc-arm-none-eabi-10.3-2021.10/bin/../lib/gcc/arm-none-eabi/10.3.1/../../../../arm-none-eabi/lib/thumb/v8-m.main+fp/hard/libc.a
8,0,8,8,0,0,0,8,`8,lib_a-iswspace.o (ex /home/jiayi/project/T5_TuyaOS-3.13.6/software/TuyaOS/vendor/T5/toolchain/gcc-arm-none-eabi-10.3-2021.10/bin/../lib/gcc/arm-none-eabi/10.3.1/../../../../arm-none-eabi/lib/thumb/v8-m.main+fp/hard/libc.a),/home/jiayi/project/T5_TuyaOS-3.13.6/software/TuyaOS/vendor/T5/toolchain/gcc-arm-none-eabi-10.3-2021.10/bin/../lib/gcc/arm-none-eabi/10.3.1/../../../../arm-none-eabi/lib/thumb/v8-m.main+fp/hard/libc.a
24,0,24,24,0,0,0,24,`18,lib_a-iswspace_l.o (ex /home/jiayi/project/T5_TuyaOS-3.13.6/software/TuyaOS/vendor/T5/toolchain/gcc-arm-none-eabi-10.3-2021.10/bin/../lib/gcc/arm-none-eabi/10.3.1/../../../../arm-none-eabi/lib/thumb/v8-m.main+fp/hard/libc.a),/home/jiayi/project/T5_TuyaOS-3.13.6/software/TuyaOS/vendor/T5/toolchain/gcc-arm-none-eabi-10.3-2021.10/bin/../lib/gcc/arm-none-eabi/10.3.1/../../../../arm-none-eabi/lib/thumb/v8-m.main+fp/hard/libc.a
391,364,27,12,15,364,0,391,`187,lib_a-locale.o (ex /home/jiayi/project/T5_TuyaOS-3.13.6/software/TuyaOS/vendor/T5/toolchain/gcc-arm-none-eabi-10.3-2021.10/bin/../lib/gcc/arm-none-eabi/10.3.1/../../../../arm-none-eabi/lib/thumb/v8-m.main+fp/hard/libc.a),/home/jiayi/project/T5_TuyaOS-3.13.6/software/TuyaOS/vendor/T5/toolchain/gcc-arm-none-eabi-10.3-2021.10/bin/../lib/gcc/arm-none-eabi/10.3.1/../../../../arm-none-eabi/lib/thumb/v8-m.main+fp/hard/libc.a
8,0,8,8,0,0,0,8,`8,lib_a-localeconv.o (ex /home/jiayi/project/T5_TuyaOS-3.13.6/software/TuyaOS/vendor/T5/toolchain/gcc-arm-none-eabi-10.3-2021.10/bin/../lib/gcc/arm-none-eabi/10.3.1/../../../../arm-none-eabi/lib/thumb/v8-m.main+fp/hard/libc.a),/home/jiayi/project/T5_TuyaOS-3.13.6/software/TuyaOS/vendor/T5/toolchain/gcc-arm-none-eabi-10.3-2021.10/bin/../lib/gcc/arm-none-eabi/10.3.1/../../../../arm-none-eabi/lib/thumb/v8-m.main+fp/hard/libc.a
44,0,44,44,0,0,0,44,`2c,lib_a-lseekr.o (ex /home/jiayi/project/T5_TuyaOS-3.13.6/software/TuyaOS/vendor/T5/toolchain/gcc-arm-none-eabi-10.3-2021.10/bin/../lib/gcc/arm-none-eabi/10.3.1/../../../../arm-none-eabi/lib/thumb/v8-m.main+fp/hard/libc.a),/home/jiayi/project/T5_TuyaOS-3.13.6/software/TuyaOS/vendor/T5/toolchain/gcc-arm-none-eabi-10.3-2021.10/bin/../lib/gcc/arm-none-eabi/10.3.1/../../../../arm-none-eabi/lib/thumb/v8-m.main+fp/hard/libc.a
69,0,69,68,1,0,0,69,`45,lib_a-mbrtowc.o (ex /home/jiayi/project/T5_TuyaOS-3.13.6/software/TuyaOS/vendor/T5/toolchain/gcc-arm-none-eabi-10.3-2021.10/bin/../lib/gcc/arm-none-eabi/10.3.1/../../../../arm-none-eabi/lib/thumb/v8-m.main+fp/hard/libc.a),/home/jiayi/project/T5_TuyaOS-3.13.6/software/TuyaOS/vendor/T5/toolchain/gcc-arm-none-eabi-10.3-2021.10/bin/../lib/gcc/arm-none-eabi/10.3.1/../../../../arm-none-eabi/lib/thumb/v8-m.main+fp/hard/libc.a
44,0,44,44,0,0,0,44,`2c,lib_a-mbtowc_r.o (ex /home/jiayi/project/T5_TuyaOS-3.13.6/software/TuyaOS/vendor/T5/toolchain/gcc-arm-none-eabi-10.3-2021.10/bin/../lib/gcc/arm-none-eabi/10.3.1/../../../../arm-none-eabi/lib/thumb/v8-m.main+fp/hard/libc.a),/home/jiayi/project/T5_TuyaOS-3.13.6/software/TuyaOS/vendor/T5/toolchain/gcc-arm-none-eabi-10.3-2021.10/bin/../lib/gcc/arm-none-eabi/10.3.1/../../../../arm-none-eabi/lib/thumb/v8-m.main+fp/hard/libc.a
3055,0,3055,2656,399,0,0,3055,`bef,lib_a-mprec.o (ex /home/jiayi/project/T5_TuyaOS-3.13.6/software/TuyaOS/vendor/T5/toolchain/gcc-arm-none-eabi-10.3-2021.10/bin/../lib/gcc/arm-none-eabi/10.3.1/../../../../arm-none-eabi/lib/thumb/v8-m.main+fp/hard/libc.a),/home/jiayi/project/T5_TuyaOS-3.13.6/software/TuyaOS/vendor/T5/toolchain/gcc-arm-none-eabi-10.3-2021.10/bin/../lib/gcc/arm-none-eabi/10.3.1/../../../../arm-none-eabi/lib/thumb/v8-m.main+fp/hard/libc.a
44,0,44,44,0,0,0,44,`2c,lib_a-readr.o (ex /home/jiayi/project/T5_TuyaOS-3.13.6/software/TuyaOS/vendor/T5/toolchain/gcc-arm-none-eabi-10.3-2021.10/bin/../lib/gcc/arm-none-eabi/10.3.1/../../../../arm-none-eabi/lib/thumb/v8-m.main+fp/hard/libc.a),/home/jiayi/project/T5_TuyaOS-3.13.6/software/TuyaOS/vendor/T5/toolchain/gcc-arm-none-eabi-10.3-2021.10/bin/../lib/gcc/arm-none-eabi/10.3.1/../../../../arm-none-eabi/lib/thumb/v8-m.main+fp/hard/libc.a
112,0,112,112,0,0,0,112,`70,lib_a-s_frexp.o (ex /home/jiayi/project/T5_TuyaOS-3.13.6/software/TuyaOS/vendor/T5/toolchain/gcc-arm-none-eabi-10.3-2021.10/bin/../lib/gcc/arm-none-eabi/10.3.1/../../../../arm-none-eabi/lib/thumb/v8-m.main+fp/hard/libc.a),/home/jiayi/project/T5_TuyaOS-3.13.6/software/TuyaOS/vendor/T5/toolchain/gcc-arm-none-eabi-10.3-2021.10/bin/../lib/gcc/arm-none-eabi/10.3.1/../../../../arm-none-eabi/lib/thumb/v8-m.main+fp/hard/libc.a
144,0,144,144,0,0,0,144,`90,lib_a-sccl.o (ex /home/jiayi/project/T5_TuyaOS-3.13.6/software/TuyaOS/vendor/T5/toolchain/gcc-arm-none-eabi-10.3-2021.10/bin/../lib/gcc/arm-none-eabi/10.3.1/../../../../arm-none-eabi/lib/thumb/v8-m.main+fp/hard/libc.a),/home/jiayi/project/T5_TuyaOS-3.13.6/software/TuyaOS/vendor/T5/toolchain/gcc-arm-none-eabi-10.3-2021.10/bin/../lib/gcc/arm-none-eabi/10.3.1/../../../../arm-none-eabi/lib/thumb/v8-m.main+fp/hard/libc.a
380,0,380,380,0,0,0,380,`17c,lib_a-strtoull.o (ex /home/jiayi/project/T5_TuyaOS-3.13.6/software/TuyaOS/vendor/T5/toolchain/gcc-arm-none-eabi-10.3-2021.10/bin/../lib/gcc/arm-none-eabi/10.3.1/../../../../arm-none-eabi/lib/thumb/v8-m.main+fp/hard/libc.a),/home/jiayi/project/T5_TuyaOS-3.13.6/software/TuyaOS/vendor/T5/toolchain/gcc-arm-none-eabi-10.3-2021.10/bin/../lib/gcc/arm-none-eabi/10.3.1/../../../../arm-none-eabi/lib/thumb/v8-m.main+fp/hard/libc.a
372,0,372,372,0,0,0,372,`174,lib_a-svfiscanf.o (ex /home/jiayi/project/T5_TuyaOS-3.13.6/software/TuyaOS/vendor/T5/toolchain/gcc-arm-none-eabi-10.3-2021.10/bin/../lib/gcc/arm-none-eabi/10.3.1/../../../../arm-none-eabi/lib/thumb/v8-m.main+fp/hard/libc.a),/home/jiayi/project/T5_TuyaOS-3.13.6/software/TuyaOS/vendor/T5/toolchain/gcc-arm-none-eabi-10.3-2021.10/bin/../lib/gcc/arm-none-eabi/10.3.1/../../../../arm-none-eabi/lib/thumb/v8-m.main+fp/hard/libc.a
24,0,24,24,0,0,0,24,`18,lib_a-syswrite.o (ex /home/jiayi/project/T5_TuyaOS-3.13.6/software/TuyaOS/vendor/T5/toolchain/gcc-arm-none-eabi-10.3-2021.10/bin/../lib/gcc/arm-none-eabi/10.3.1/../../../../arm-none-eabi/lib/thumb/v8-m.main+fp/hard/libc.a),/home/jiayi/project/T5_TuyaOS-3.13.6/software/TuyaOS/vendor/T5/toolchain/gcc-arm-none-eabi-10.3-2021.10/bin/../lib/gcc/arm-none-eabi/10.3.1/../../../../arm-none-eabi/lib/thumb/v8-m.main+fp/hard/libc.a
140,0,140,140,0,0,0,140,`8c,lib_a-vfiprintf.o (ex /home/jiayi/project/T5_TuyaOS-3.13.6/software/TuyaOS/vendor/T5/toolchain/gcc-arm-none-eabi-10.3-2021.10/bin/../lib/gcc/arm-none-eabi/10.3.1/../../../../arm-none-eabi/lib/thumb/v8-m.main+fp/hard/libc.a),/home/jiayi/project/T5_TuyaOS-3.13.6/software/TuyaOS/vendor/T5/toolchain/gcc-arm-none-eabi-10.3-2021.10/bin/../lib/gcc/arm-none-eabi/10.3.1/../../../../arm-none-eabi/lib/thumb/v8-m.main+fp/hard/libc.a
28,0,28,28,0,0,0,28,`1c,lib_a-wctomb_r.o (ex /home/jiayi/project/T5_TuyaOS-3.13.6/software/TuyaOS/vendor/T5/toolchain/gcc-arm-none-eabi-10.3-2021.10/bin/../lib/gcc/arm-none-eabi/10.3.1/../../../../arm-none-eabi/lib/thumb/v8-m.main+fp/hard/libc.a),/home/jiayi/project/T5_TuyaOS-3.13.6/software/TuyaOS/vendor/T5/toolchain/gcc-arm-none-eabi-10.3-2021.10/bin/../lib/gcc/arm-none-eabi/10.3.1/../../../../arm-none-eabi/lib/thumb/v8-m.main+fp/hard/libc.a
144,0,144,144,0,0,0,144,`90,lib_a-__atexit.o (ex /home/jiayi/project/T5_TuyaOS-3.13.6/software/TuyaOS/vendor/T5/toolchain/gcc-arm-none-eabi-10.3-2021.10/bin/../lib/gcc/arm-none-eabi/10.3.1/../../../../arm-none-eabi/lib/thumb/v8-m.main+fp/hard/libc.a),/home/jiayi/project/T5_TuyaOS-3.13.6/software/TuyaOS/vendor/T5/toolchain/gcc-arm-none-eabi-10.3-2021.10/bin/../lib/gcc/arm-none-eabi/10.3.1/../../../../arm-none-eabi/lib/thumb/v8-m.main+fp/hard/libc.a
108,0,108,108,0,0,0,108,`6c,lib_a-callocr.o (ex /home/jiayi/project/T5_TuyaOS-3.13.6/software/TuyaOS/vendor/T5/toolchain/gcc-arm-none-eabi-10.3-2021.10/bin/../lib/gcc/arm-none-eabi/10.3.1/../../../../arm-none-eabi/lib/thumb/v8-m.main+fp/hard/libc.a),/home/jiayi/project/T5_TuyaOS-3.13.6/software/TuyaOS/vendor/T5/toolchain/gcc-arm-none-eabi-10.3-2021.10/bin/../lib/gcc/arm-none-eabi/10.3.1/../../../../arm-none-eabi/lib/thumb/v8-m.main+fp/hard/libc.a
264,0,264,264,0,0,0,264,`108,lib_a-fputwc.o (ex /home/jiayi/project/T5_TuyaOS-3.13.6/software/TuyaOS/vendor/T5/toolchain/gcc-arm-none-eabi-10.3-2021.10/bin/../lib/gcc/arm-none-eabi/10.3.1/../../../../arm-none-eabi/lib/thumb/v8-m.main+fp/hard/libc.a),/home/jiayi/project/T5_TuyaOS-3.13.6/software/TuyaOS/vendor/T5/toolchain/gcc-arm-none-eabi-10.3-2021.10/bin/../lib/gcc/arm-none-eabi/10.3.1/../../../../arm-none-eabi/lib/thumb/v8-m.main+fp/hard/libc.a
756,0,756,756,0,0,0,756,`2f4,lib_a-fvwrite.o (ex /home/jiayi/project/T5_TuyaOS-3.13.6/software/TuyaOS/vendor/T5/toolchain/gcc-arm-none-eabi-10.3-2021.10/bin/../lib/gcc/arm-none-eabi/10.3.1/../../../../arm-none-eabi/lib/thumb/v8-m.main+fp/hard/libc.a),/home/jiayi/project/T5_TuyaOS-3.13.6/software/TuyaOS/vendor/T5/toolchain/gcc-arm-none-eabi-10.3-2021.10/bin/../lib/gcc/arm-none-eabi/10.3.1/../../../../arm-none-eabi/lib/thumb/v8-m.main+fp/hard/libc.a
176,0,176,176,0,0,0,176,`b0,lib_a-wbuf.o (ex /home/jiayi/project/T5_TuyaOS-3.13.6/software/TuyaOS/vendor/T5/toolchain/gcc-arm-none-eabi-10.3-2021.10/bin/../lib/gcc/arm-none-eabi/10.3.1/../../../../arm-none-eabi/lib/thumb/v8-m.main+fp/hard/libc.a),/home/jiayi/project/T5_TuyaOS-3.13.6/software/TuyaOS/vendor/T5/toolchain/gcc-arm-none-eabi-10.3-2021.10/bin/../lib/gcc/arm-none-eabi/10.3.1/../../../../arm-none-eabi/lib/thumb/v8-m.main+fp/hard/libc.a
60,0,60,60,0,0,0,60,`3c,lib_a-wcrtomb.o (ex /home/jiayi/project/T5_TuyaOS-3.13.6/software/TuyaOS/vendor/T5/toolchain/gcc-arm-none-eabi-10.3-2021.10/bin/../lib/gcc/arm-none-eabi/10.3.1/../../../../arm-none-eabi/lib/thumb/v8-m.main+fp/hard/libc.a),/home/jiayi/project/T5_TuyaOS-3.13.6/software/TuyaOS/vendor/T5/toolchain/gcc-arm-none-eabi-10.3-2021.10/bin/../lib/gcc/arm-none-eabi/10.3.1/../../../../arm-none-eabi/lib/thumb/v8-m.main+fp/hard/libc.a
8,0,8,8,0,0,0,8,`8,lib_a-aeabi_memclr.o (ex /home/jiayi/project/T5_TuyaOS-3.13.6/software/TuyaOS/vendor/T5/toolchain/gcc-arm-none-eabi-10.3-2021.10/bin/../lib/gcc/arm-none-eabi/10.3.1/../../../../arm-none-eabi/lib/thumb/v8-m.main+fp/hard/libc.a),/home/jiayi/project/T5_TuyaOS-3.13.6/software/TuyaOS/vendor/T5/toolchain/gcc-arm-none-eabi-10.3-2021.10/bin/../lib/gcc/arm-none-eabi/10.3.1/../../../../arm-none-eabi/lib/thumb/v8-m.main+fp/hard/libc.a
257,0,257,0,257,0,0,257,`101,lib_a-ctype_.o (ex /home/jiayi/project/T5_TuyaOS-3.13.6/software/TuyaOS/vendor/T5/toolchain/gcc-arm-none-eabi-10.3-2021.10/bin/../lib/gcc/arm-none-eabi/10.3.1/../../../../arm-none-eabi/lib/thumb/v8-m.main+fp/hard/libc.a),/home/jiayi/project/T5_TuyaOS-3.13.6/software/TuyaOS/vendor/T5/toolchain/gcc-arm-none-eabi-10.3-2021.10/bin/../lib/gcc/arm-none-eabi/10.3.1/../../../../arm-none-eabi/lib/thumb/v8-m.main+fp/hard/libc.a
1072,1068,4,0,4,1068,0,1072,`430,lib_a-impure.o (ex /home/jiayi/project/T5_TuyaOS-3.13.6/software/TuyaOS/vendor/T5/toolchain/gcc-arm-none-eabi-10.3-2021.10/bin/../lib/gcc/arm-none-eabi/10.3.1/../../../../arm-none-eabi/lib/thumb/v8-m.main+fp/hard/libc.a),/home/jiayi/project/T5_TuyaOS-3.13.6/software/TuyaOS/vendor/T5/toolchain/gcc-arm-none-eabi-10.3-2021.10/bin/../lib/gcc/arm-none-eabi/10.3.1/../../../../arm-none-eabi/lib/thumb/v8-m.main+fp/hard/libc.a
19,2,17,0,17,2,0,19,`13,lib_a-lnumeric.o (ex /home/jiayi/project/T5_TuyaOS-3.13.6/software/TuyaOS/vendor/T5/toolchain/gcc-arm-none-eabi-10.3-2021.10/bin/../lib/gcc/arm-none-eabi/10.3.1/../../../../arm-none-eabi/lib/thumb/v8-m.main+fp/hard/libc.a),/home/jiayi/project/T5_TuyaOS-3.13.6/software/TuyaOS/vendor/T5/toolchain/gcc-arm-none-eabi-10.3-2021.10/bin/../lib/gcc/arm-none-eabi/10.3.1/../../../../arm-none-eabi/lib/thumb/v8-m.main+fp/hard/libc.a
4,8,0,0,0,4,4,8,`8,lib_a-environ.o (ex /home/jiayi/project/T5_TuyaOS-3.13.6/software/TuyaOS/vendor/T5/toolchain/gcc-arm-none-eabi-10.3-2021.10/bin/../lib/gcc/arm-none-eabi/10.3.1/../../../../arm-none-eabi/lib/thumb/v8-m.main+fp/hard/libc.a),/home/jiayi/project/T5_TuyaOS-3.13.6/software/TuyaOS/vendor/T5/toolchain/gcc-arm-none-eabi-10.3-2021.10/bin/../lib/gcc/arm-none-eabi/10.3.1/../../../../arm-none-eabi/lib/thumb/v8-m.main+fp/hard/libc.a
41949,1454,40507,38958,1549,1442,12,41961,`a3e9,/home/jiayi/project/T5_TuyaOS-3.13.6/software/TuyaOS/vendor/T5/toolchain/gcc-arm-none-eabi-10.3-2021.10/bin/../lib/gcc/arm-none-eabi/10.3.1/../../../../arm-none-eabi/lib/thumb/v8-m.main+fp/hard/libc.a,/home/jiayi/project/T5_TuyaOS-3.13.6/software/TuyaOS/vendor/T5/toolchain/gcc-arm-none-eabi-10.3-2021.10/bin/../lib/gcc/arm-none-eabi/10.3.1/../../../../arm-none-eabi/lib/thumb/v8-m.main+fp/hard/libc.a
2142,0,2142,2142,0,0,0,2142,`85e,tutu_basicop_armv5te_rvct.o (ex /home/jiayi/project/T5_TuyaOS-3.13.6/software/TuyaOS/libs/app_libs/libtutuClear.a),/home/jiayi/project/T5_TuyaOS-3.13.6/software/TuyaOS/libs/app_libs/libtutuClear.a
142,0,142,142,0,0,0,142,`8e,tutu_pflpop_armv7a_rvct.o (ex /home/jiayi/project/T5_TuyaOS-3.13.6/software/TuyaOS/libs/app_libs/libtutuClear.a),/home/jiayi/project/T5_TuyaOS-3.13.6/software/TuyaOS/libs/app_libs/libtutuClear.a
130,0,130,130,0,0,0,130,`82,tutu_preprop_armv7a_rvct.o (ex /home/jiayi/project/T5_TuyaOS-3.13.6/software/TuyaOS/libs/app_libs/libtutuClear.a),/home/jiayi/project/T5_TuyaOS-3.13.6/software/TuyaOS/libs/app_libs/libtutuClear.a
456,0,456,456,0,0,0,456,`1c8,tutu_comm_armv7a_rvct.o (ex /home/jiayi/project/T5_TuyaOS-3.13.6/software/TuyaOS/libs/app_libs/libtutuClear.a),/home/jiayi/project/T5_TuyaOS-3.13.6/software/TuyaOS/libs/app_libs/libtutuClear.a
880,492,388,388,0,492,0,880,`370,tutuClear.o (ex /home/jiayi/project/T5_TuyaOS-3.13.6/software/TuyaOS/libs/app_libs/libtutuClear.a),/home/jiayi/project/T5_TuyaOS-3.13.6/software/TuyaOS/libs/app_libs/libtutuClear.a
298,0,298,298,0,0,0,298,`12a,tutuLrn.o (ex /home/jiayi/project/T5_TuyaOS-3.13.6/software/TuyaOS/libs/app_libs/libtutuClear.a),/home/jiayi/project/T5_TuyaOS-3.13.6/software/TuyaOS/libs/app_libs/libtutuClear.a
946,0,946,946,0,0,0,946,`3b2,tutu_core.o (ex /home/jiayi/project/T5_TuyaOS-3.13.6/software/TuyaOS/libs/app_libs/libtutuClear.a),/home/jiayi/project/T5_TuyaOS-3.13.6/software/TuyaOS/libs/app_libs/libtutuClear.a
712,0,712,712,0,0,0,712,`2c8,tutu_ctrl.o (ex /home/jiayi/project/T5_TuyaOS-3.13.6/software/TuyaOS/libs/app_libs/libtutuClear.a),/home/jiayi/project/T5_TuyaOS-3.13.6/software/TuyaOS/libs/app_libs/libtutuClear.a
1772,0,1772,1762,10,0,0,1772,`6ec,tutu_init.o (ex /home/jiayi/project/T5_TuyaOS-3.13.6/software/TuyaOS/libs/app_libs/libtutuClear.a),/home/jiayi/project/T5_TuyaOS-3.13.6/software/TuyaOS/libs/app_libs/libtutuClear.a
288,0,288,288,0,0,0,288,`120,tutu_memctrl.o (ex /home/jiayi/project/T5_TuyaOS-3.13.6/software/TuyaOS/libs/app_libs/libtutuClear.a),/home/jiayi/project/T5_TuyaOS-3.13.6/software/TuyaOS/libs/app_libs/libtutuClear.a
1660,0,1660,1660,0,0,0,1660,`67c,tutu_pflpop.o (ex /home/jiayi/project/T5_TuyaOS-3.13.6/software/TuyaOS/libs/app_libs/libtutuClear.a),/home/jiayi/project/T5_TuyaOS-3.13.6/software/TuyaOS/libs/app_libs/libtutuClear.a
96,0,96,96,0,0,0,96,`60,tutu_preproc.o (ex /home/jiayi/project/T5_TuyaOS-3.13.6/software/TuyaOS/libs/app_libs/libtutuClear.a),/home/jiayi/project/T5_TuyaOS-3.13.6/software/TuyaOS/libs/app_libs/libtutuClear.a
642,0,642,642,0,0,0,642,`282,tutu_t2f.o (ex /home/jiayi/project/T5_TuyaOS-3.13.6/software/TuyaOS/libs/app_libs/libtutuClear.a),/home/jiayi/project/T5_TuyaOS-3.13.6/software/TuyaOS/libs/app_libs/libtutuClear.a
204280,0,204280,1672,202608,0,0,204280,`31df8,tutu_vtrgr.o (ex /home/jiayi/project/T5_TuyaOS-3.13.6/software/TuyaOS/libs/app_libs/libtutuClear.a),/home/jiayi/project/T5_TuyaOS-3.13.6/software/TuyaOS/libs/app_libs/libtutuClear.a
712,0,712,712,0,0,0,712,`2c8,tutu_basicop.o (ex /home/jiayi/project/T5_TuyaOS-3.13.6/software/TuyaOS/libs/app_libs/libtutuClear.a),/home/jiayi/project/T5_TuyaOS-3.13.6/software/TuyaOS/libs/app_libs/libtutuClear.a
1616,0,1616,1616,0,0,0,1616,`650,tutu_comm.o (ex /home/jiayi/project/T5_TuyaOS-3.13.6/software/TuyaOS/libs/app_libs/libtutuClear.a),/home/jiayi/project/T5_TuyaOS-3.13.6/software/TuyaOS/libs/app_libs/libtutuClear.a
36,0,36,36,0,0,0,36,`24,tutu_diagnostics.o (ex /home/jiayi/project/T5_TuyaOS-3.13.6/software/TuyaOS/libs/app_libs/libtutuClear.a),/home/jiayi/project/T5_TuyaOS-3.13.6/software/TuyaOS/libs/app_libs/libtutuClear.a
312,0,312,268,44,0,0,312,`138,tutu_fft_lib.o (ex /home/jiayi/project/T5_TuyaOS-3.13.6/software/TuyaOS/libs/app_libs/libtutuClear.a),/home/jiayi/project/T5_TuyaOS-3.13.6/software/TuyaOS/libs/app_libs/libtutuClear.a
4106,0,4106,0,4106,0,0,4106,`100a,tutu_constvar.o (ex /home/jiayi/project/T5_TuyaOS-3.13.6/software/TuyaOS/libs/app_libs/libtutuClear.a),/home/jiayi/project/T5_TuyaOS-3.13.6/software/TuyaOS/libs/app_libs/libtutuClear.a
221226,492,220734,13966,206768,492,0,221226,`3602a,/home/jiayi/project/T5_TuyaOS-3.13.6/software/TuyaOS/libs/app_libs/libtutuClear.a,/home/jiayi/project/T5_TuyaOS-3.13.6/software/TuyaOS/libs/app_libs/libtutuClear.a
2554,24,2554,1632,922,0,24,2578,`a12,trap_base_smp.c.obj (ex armino/cm33/libcm33.a),armino/cm33/libcm33.a
511,16,511,448,63,0,16,527,`20f,mpu.c.obj (ex armino/cm33/libcm33.a),armino/cm33/libcm33.a
511,0,511,268,243,0,0,511,`1ff,stack_base.c.obj (ex armino/cm33/libcm33.a),armino/cm33/libcm33.a
112,0,112,112,0,0,0,112,`70,arm.c.obj (ex armino/cm33/libcm33.a),armino/cm33/libcm33.a
252,256,252,252,0,0,256,508,`1fc,arch_interrupt.c.obj (ex armino/cm33/libcm33.a),armino/cm33/libcm33.a
112,0,112,112,0,0,0,112,`70,dwt.c.obj (ex armino/cm33/libcm33.a),armino/cm33/libcm33.a
4052,296,4052,2824,1228,0,296,4348,`10fc,armino/cm33/libcm33.a,armino/cm33/libcm33.a
171,4,171,144,27,0,4,175,`af,reset_reason.c.obj (ex armino/driver/libdriver.a),armino/driver/libdriver.a
56,13,56,56,0,0,13,69,`45,wdt_driver.c.obj (ex armino/driver/libdriver.a),armino/driver/libdriver.a
3001,246,2992,1492,1500,9,237,3238,`ca6,gpio_driver_base.c.obj (ex armino/driver/libdriver.a),armino/driver/libdriver.a
3047,4,3047,2028,1019,0,4,3051,`beb,bk_api_ipc.c.obj (ex armino/driver/libdriver.a),armino/driver/libdriver.a
466,24,466,436,30,0,24,490,`1ea,amp_res_lock.c.obj (ex armino/driver/libdriver.a),armino/driver/libdriver.a
1236,256,1236,926,310,0,256,1492,`5d4,spinlock.c.obj (ex armino/driver/libdriver.a),armino/driver/libdriver.a
292,0,292,292,0,0,0,292,`124,sys_int_driver.c.obj (ex armino/driver/libdriver.a),armino/driver/libdriver.a
330,0,330,330,0,0,0,330,`14a,sys_clock_driver.c.obj (ex armino/driver/libdriver.a),armino/driver/libdriver.a
668,0,668,156,512,0,0,668,`29c,interrupt_base.c.obj (ex armino/driver/libdriver.a),armino/driver/libdriver.a
40,0,40,40,0,0,0,40,`28,aon_pmu_driver.c.obj (ex armino/driver/libdriver.a),armino/driver/libdriver.a
1447,673,1447,1432,15,0,673,2120,`848,mailbox_channel.c.obj (ex armino/driver/libdriver.a),armino/driver/libdriver.a
1030,120,1030,962,68,0,120,1150,`47e,mb_ipc_cmd.c.obj (ex armino/driver/libdriver.a),armino/driver/libdriver.a
156,0,156,156,0,0,0,156,`9c,mb_chnl_buff.c.obj (ex armino/driver/libdriver.a),armino/driver/libdriver.a
1768,0,1768,1768,0,0,0,1768,`6e8,interrupt.c.obj (ex armino/driver/libdriver.a),armino/driver/libdriver.a
78,0,78,38,40,0,0,78,`4e,sys_driver_common.c.obj (ex armino/driver/libdriver.a),armino/driver/libdriver.a
256,111,256,256,0,0,111,367,`16f,mbox0_adapter.c.obj (ex armino/driver/libdriver.a),armino/driver/libdriver.a
428,25,428,404,24,0,25,453,`1c5,mbox0_drv.c.obj (ex armino/driver/libdriver.a),armino/driver/libdriver.a
70,0,70,70,0,0,0,70,`46,mbox0_cross_core.c.obj (ex armino/driver/libdriver.a),armino/driver/libdriver.a
252,17,252,252,0,0,17,269,`10d,flash_notify.c.obj (ex armino/driver/libdriver.a),armino/driver/libdriver.a
2399,10,2399,1214,1185,0,10,2409,`969,flash_client.c.obj (ex armino/driver/libdriver.a),armino/driver/libdriver.a
116,0,116,116,0,0,0,116,`74,driver.c.obj (ex armino/driver/libdriver.a),armino/driver/libdriver.a
106,0,106,106,0,0,0,106,`6a,sys_driver.c.obj (ex armino/driver/libdriver.a),armino/driver/libdriver.a
172,0,172,172,0,0,0,172,`ac,sys_ps_driver.c.obj (ex armino/driver/libdriver.a),armino/driver/libdriver.a
26,0,26,26,0,0,0,26,`1a,sys_psram_driver.c.obj (ex armino/driver/libdriver.a),armino/driver/libdriver.a
24,460,24,24,0,0,460,484,`1e4,drv_model.c.obj (ex armino/driver/libdriver.a),armino/driver/libdriver.a
360,33,360,360,0,0,33,393,`189,timer_driver.c.obj (ex armino/driver/libdriver.a),armino/driver/libdriver.a
3277,141,3229,2814,415,48,93,3370,`d2a,uart_driver.c.obj (ex armino/driver/libdriver.a),armino/driver/libdriver.a
4546,0,4546,4428,118,0,0,4546,`11c2,printf.c.obj (ex armino/driver/libdriver.a),armino/driver/libdriver.a
275,10,275,176,99,0,10,285,`11d,saradc_client.c.obj (ex armino/driver/libdriver.a),armino/driver/libdriver.a
64,4,64,64,0,0,4,68,`44,saradc_notify.c.obj (ex armino/driver/libdriver.a),armino/driver/libdriver.a
1362,28,1362,1192,170,0,28,1390,`56e,pwr_clk.c.obj (ex armino/driver/libdriver.a),armino/driver/libdriver.a
444,560,444,444,0,0,560,1004,`3ec,pm_ap_misc.c.obj (ex armino/driver/libdriver.a),armino/driver/libdriver.a
745,4,745,440,305,0,4,749,`2ed,pm_ap_core.c.obj (ex armino/driver/libdriver.a),armino/driver/libdriver.a
1779,45,1779,1460,319,0,45,1824,`720,h264_driver.c.obj (ex armino/driver/libdriver.a),armino/driver/libdriver.a
1449,13,1449,1032,417,0,13,1462,`5b6,rott_driver.c.obj (ex armino/driver/libdriver.a),armino/driver/libdriver.a
1080,81,1080,908,172,0,81,1161,`489,yuv_buf_driver.c.obj (ex armino/driver/libdriver.a),armino/driver/libdriver.a
3333,44,3329,2880,449,4,40,3373,`d2d,hw_scale_driver.c.obj (ex armino/driver/libdriver.a),armino/driver/libdriver.a
10,0,10,10,0,0,0,10,`a,sys_usb_driver.c.obj (ex armino/driver/libdriver.a),armino/driver/libdriver.a
3422,669,3422,3106,316,0,669,4091,`ffb,dma_driver.c.obj (ex armino/driver/libdriver.a),armino/driver/libdriver.a
3175,153,3175,2942,233,0,153,3328,`d00,i2c_driver.c.obj (ex armino/driver/libdriver.a),armino/driver/libdriver.a
2709,257,2709,2580,129,0,257,2966,`b96,pwm_driver.c.obj (ex armino/driver/libdriver.a),armino/driver/libdriver.a
7017,304,7017,6480,537,0,304,7321,`1c99,i2s_driver.c.obj (ex armino/driver/libdriver.a),armino/driver/libdriver.a
7617,304,7617,6664,953,0,304,7921,`1ef1,i2s_multi_driver.c.obj (ex armino/driver/libdriver.a),armino/driver/libdriver.a
2685,63,2685,2322,363,0,63,2748,`abc,lcd_driver.c.obj (ex armino/driver/libdriver.a),armino/driver/libdriver.a
1243,45,1243,982,261,0,45,1288,`508,jpeg_dec_driver.c.obj (ex armino/driver/libdriver.a),armino/driver/libdriver.a
690,25,690,566,124,0,25,715,`2cb,dma2d_driver.c.obj (ex armino/driver/libdriver.a),armino/driver/libdriver.a
156,13,156,156,0,0,13,169,`a9,trng_driver.c.obj (ex armino/driver/libdriver.a),armino/driver/libdriver.a
1003,146,907,760,147,96,50,1053,`41d,spi_driver.c.obj (ex armino/driver/libdriver.a),armino/driver/libdriver.a
32,64,32,32,0,0,64,96,`60,spi_statis.c.obj (ex armino/driver/libdriver.a),armino/driver/libdriver.a
912,25,888,820,68,24,1,913,`391,qspi_driver.c.obj (ex armino/driver/libdriver.a),armino/driver/libdriver.a
2829,30,2804,2232,572,25,5,2834,`b12,lcd_qspi_driver.c.obj (ex armino/driver/libdriver.a),armino/driver/libdriver.a
904,71,898,868,30,6,65,969,`3c9,jpeg_driver.c.obj (ex armino/driver/libdriver.a),armino/driver/libdriver.a
209,2,209,144,65,0,2,211,`d3,psram_driver.c.obj (ex armino/driver/libdriver.a),armino/driver/libdriver.a
104,8,104,104,0,0,8,112,`70,aon_rtc_driver_64bit.c.obj (ex armino/driver/libdriver.a),armino/driver/libdriver.a
884,30,884,584,300,0,30,914,`392,sdio_host_driver.c.obj (ex armino/driver/libdriver.a),armino/driver/libdriver.a
608,21,608,608,0,0,21,629,`275,aud_common_driver.c.obj (ex armino/driver/libdriver.a),armino/driver/libdriver.a
1215,0,1215,1022,193,0,0,1215,`4bf,aud_adc_driver.c.obj (ex armino/driver/libdriver.a),armino/driver/libdriver.a
884,0,884,684,200,0,0,884,`374,aud_dmic_driver.c.obj (ex armino/driver/libdriver.a),armino/driver/libdriver.a
1312,0,1312,1078,234,0,0,1312,`520,aud_dac_driver.c.obj (ex armino/driver/libdriver.a),armino/driver/libdriver.a
676,0,676,676,0,0,0,676,`2a4,audio_ring_buff.c.obj (ex armino/driver/libdriver.a),armino/driver/libdriver.a
4216,1753,3808,3340,468,408,1345,5561,`15b9,mb_ipc.c.obj (ex armino/driver/libdriver.a),armino/driver/libdriver.a
141,0,141,88,53,0,0,141,`8d,mb_ipc_heartbeat.c.obj (ex armino/driver/libdriver.a),armino/driver/libdriver.a
521,0,521,240,281,0,0,521,`209,gpio_driver.c.obj (ex armino/driver/libdriver.a),armino/driver/libdriver.a
550,8,550,412,138,0,8,558,`22e,pm_ap_demo.c.obj (ex armino/driver/libdriver.a),armino/driver/libdriver.a
718,0,718,718,0,0,0,718,`2ce,sys_audio_driver.c.obj (ex armino/driver/libdriver.a),armino/driver/libdriver.a
572,4,572,572,0,0,4,576,`240,sys_video_driver.c.obj (ex armino/driver/libdriver.a),armino/driver/libdriver.a
104,0,104,104,0,0,0,104,`68,sys_bt_driver.c.obj (ex armino/driver/libdriver.a),armino/driver/libdriver.a
718,0,718,678,40,0,0,718,`2ce,lcd_spi.c.obj (ex armino/driver/libdriver.a),armino/driver/libdriver.a
84185,6921,83565,70666,12899,620,6301,90486,`16176,armino/driver/libdriver.a,armino/driver/libdriver.a
1126,75,1125,1044,81,1,74,1200,`4b0,printf.c.obj (ex armino/bk_system/libbk_system.a),armino/bk_system/libbk_system.a
24,0,24,24,0,0,0,24,`18,reboot.c.obj (ex armino/bk_system/libbk_system.a),armino/bk_system/libbk_system.a
36,1,36,36,0,0,1,37,`25,printf_base.c.obj (ex armino/bk_system/libbk_system.a),armino/bk_system/libbk_system.a
54,0,54,54,0,0,0,54,`36,delay.c.obj (ex armino/bk_system/libbk_system.a),armino/bk_system/libbk_system.a
34,0,34,34,0,0,0,34,`22,tick.c.obj (ex armino/bk_system/libbk_system.a),armino/bk_system/libbk_system.a
1274,76,1273,1192,81,1,75,1349,`545,armino/bk_system/libbk_system.a,armino/bk_system/libbk_system.a
260,4,260,172,88,0,4,264,`108,components_init.c.obj (ex armino/bk_init/libbk_init.a),armino/bk_init/libbk_init.a
213,0,213,164,49,0,0,213,`d5,bk_init.c.obj (ex armino/bk_init/libbk_init.a),armino/bk_init/libbk_init.a
473,4,473,336,137,0,4,477,`1dd,armino/bk_init/libbk_init.a,armino/bk_init/libbk_init.a
2119,11,2117,1672,445,2,9,2128,`850,cli_main.c.obj (ex armino/bk_cli/libbk_cli.a),armino/bk_cli/libbk_cli.a
1096,16,1096,786,310,0,16,1112,`458,cli_pwr.c.obj (ex armino/bk_cli/libbk_cli.a),armino/bk_cli/libbk_cli.a
41,0,41,12,29,0,0,41,`29,cli_iperf.c.obj (ex armino/bk_cli/libbk_cli.a),armino/bk_cli/libbk_cli.a
1273,0,1273,752,521,0,0,1273,`4f9,cli_netif.c.obj (ex armino/bk_cli/libbk_cli.a),armino/bk_cli/libbk_cli.a
6274,120,6262,5108,1154,12,108,6382,`18ee,cli_i2s.c.obj (ex armino/bk_cli/libbk_cli.a),armino/bk_cli/libbk_cli.a
5707,9343,5604,5190,414,103,9240,14947,`3a63,shell_task.c.obj (ex armino/bk_cli/libbk_cli.a),armino/bk_cli/libbk_cli.a
1326,276,1050,1018,32,276,0,1326,`52e,shell_mailbox_cp1.c.obj (ex armino/bk_cli/libbk_cli.a),armino/bk_cli/libbk_cli.a
800,0,800,372,428,0,0,800,`320,cli_modem.c.obj (ex armino/bk_cli/libbk_cli.a),armino/bk_cli/libbk_cli.a
912,0,912,712,200,0,0,912,`390,cli_event.c.obj (ex armino/bk_cli/libbk_cli.a),armino/bk_cli/libbk_cli.a
19548,9766,19155,15622,3533,393,9373,28921,`70f9,armino/bk_cli/libbk_cli.a,armino/bk_cli/libbk_cli.a
1124,20,1124,724,400,0,20,1144,`478,tkl_sleep.c.obj (ex armino/tuyaos_adapter/libtuyaos_adapter.a),armino/tuyaos_adapter/libtuyaos_adapter.a
280,16,280,280,0,0,16,296,`128,tuya_tkl_ipc.c.obj (ex armino/tuyaos_adapter/libtuyaos_adapter.a),armino/tuyaos_adapter/libtuyaos_adapter.a
400,12,400,346,54,0,12,412,`19c,tkl_hci_1.c.obj (ex armino/tuyaos_adapter/libtuyaos_adapter.a),armino/tuyaos_adapter/libtuyaos_adapter.a
653,20,653,420,233,0,20,673,`2a1,tkl_wakeup.c.obj (ex armino/tuyaos_adapter/libtuyaos_adapter.a),armino/tuyaos_adapter/libtuyaos_adapter.a
1563,100,1563,1168,395,0,100,1663,`67f,tuya_mem_heap.c.obj (ex armino/tuyaos_adapter/libtuyaos_adapter.a),armino/tuyaos_adapter/libtuyaos_adapter.a
570,0,570,304,266,0,0,570,`23a,cli_tuya_test_1.c.obj (ex armino/tuyaos_adapter/libtuyaos_adapter.a),armino/tuyaos_adapter/libtuyaos_adapter.a
665,4,665,380,285,0,4,669,`29d,tkl_memory.c.obj (ex armino/tuyaos_adapter/libtuyaos_adapter.a),armino/tuyaos_adapter/libtuyaos_adapter.a
375,0,375,320,55,0,0,375,`177,tkl_mutex.c.obj (ex armino/tuyaos_adapter/libtuyaos_adapter.a),armino/tuyaos_adapter/libtuyaos_adapter.a
176,0,176,176,0,0,0,176,`b0,tkl_semaphore.c.obj (ex armino/tuyaos_adapter/libtuyaos_adapter.a),armino/tuyaos_adapter/libtuyaos_adapter.a
693,5,693,478,215,0,5,698,`2ba,tkl_system.c.obj (ex armino/tuyaos_adapter/libtuyaos_adapter.a),armino/tuyaos_adapter/libtuyaos_adapter.a
251,16,251,160,91,0,16,267,`10b,tkl_ipc.c.obj (ex armino/tuyaos_adapter/libtuyaos_adapter.a),armino/tuyaos_adapter/libtuyaos_adapter.a
6525,590,6221,4524,1697,304,286,6811,`1a9b,tkl_wifi.c.obj (ex armino/tuyaos_adapter/libtuyaos_adapter.a),armino/tuyaos_adapter/libtuyaos_adapter.a
454,4,454,426,28,0,4,458,`1ca,tkl_flash.c.obj (ex armino/tuyaos_adapter/libtuyaos_adapter.a),armino/tuyaos_adapter/libtuyaos_adapter.a
731,8,731,468,263,0,8,739,`2e3,test_lp.c.obj (ex armino/tuyaos_adapter/libtuyaos_adapter.a),armino/tuyaos_adapter/libtuyaos_adapter.a
1417,684,733,572,161,684,0,1417,`589,tkl_gpio.c.obj (ex armino/tuyaos_adapter/libtuyaos_adapter.a),armino/tuyaos_adapter/libtuyaos_adapter.a
2819,64,2795,2584,211,24,40,2859,`b2b,tkl_qspi.c.obj (ex armino/tuyaos_adapter/libtuyaos_adapter.a),armino/tuyaos_adapter/libtuyaos_adapter.a
244,2,242,160,82,2,0,244,`f4,tkl_uart.c.obj (ex armino/tuyaos_adapter/libtuyaos_adapter.a),armino/tuyaos_adapter/libtuyaos_adapter.a
1585,797,1585,1504,81,0,797,2382,`94e,tuya_dma.c.obj (ex armino/tuyaos_adapter/libtuyaos_adapter.a),armino/tuyaos_adapter/libtuyaos_adapter.a
28,0,28,28,0,0,0,28,`1c,tkl_output.c.obj (ex armino/tuyaos_adapter/libtuyaos_adapter.a),armino/tuyaos_adapter/libtuyaos_adapter.a
206,0,206,206,0,0,0,206,`ce,tkl_queue.c.obj (ex armino/tuyaos_adapter/libtuyaos_adapter.a),armino/tuyaos_adapter/libtuyaos_adapter.a
166,0,166,166,0,0,0,166,`a6,tkl_thread.c.obj (ex armino/tuyaos_adapter/libtuyaos_adapter.a),armino/tuyaos_adapter/libtuyaos_adapter.a
40,4,40,40,0,0,4,44,`2c,tkl_wired.c.obj (ex armino/tuyaos_adapter/libtuyaos_adapter.a),armino/tuyaos_adapter/libtuyaos_adapter.a
3275,51,3267,2352,915,8,43,3318,`cf6,tkl_audio.c.obj (ex armino/tuyaos_adapter/libtuyaos_adapter.a),armino/tuyaos_adapter/libtuyaos_adapter.a
258,0,258,258,0,0,0,258,`102,tkl_pinmux.c.obj (ex armino/tuyaos_adapter/libtuyaos_adapter.a),armino/tuyaos_adapter/libtuyaos_adapter.a
1582,8,1582,1472,110,0,8,1590,`636,tkl_rgb.c.obj (ex armino/tuyaos_adapter/libtuyaos_adapter.a),armino/tuyaos_adapter/libtuyaos_adapter.a
1506,8,1506,1372,134,0,8,1514,`5ea,tkl_8080.c.obj (ex armino/tuyaos_adapter/libtuyaos_adapter.a),armino/tuyaos_adapter/libtuyaos_adapter.a
4737,321,4633,4190,443,104,217,4954,`135a,tkl_spi.c.obj (ex armino/tuyaos_adapter/libtuyaos_adapter.a),armino/tuyaos_adapter/libtuyaos_adapter.a
1976,44,1960,1792,168,16,28,2004,`7d4,tkl_i2c.c.obj (ex armino/tuyaos_adapter/libtuyaos_adapter.a),armino/tuyaos_adapter/libtuyaos_adapter.a
682,8,682,574,108,0,8,690,`2b2,tkl_dma2d.c.obj (ex armino/tuyaos_adapter/libtuyaos_adapter.a),armino/tuyaos_adapter/libtuyaos_adapter.a
4762,192,4570,3666,904,192,0,4762,`129a,tkl_dvp.c.obj (ex armino/tuyaos_adapter/libtuyaos_adapter.a),armino/tuyaos_adapter/libtuyaos_adapter.a
78,6,72,72,0,6,0,78,`4e,tkl_sdio.c.obj (ex armino/tuyaos_adapter/libtuyaos_adapter.a),armino/tuyaos_adapter/libtuyaos_adapter.a
4,0,4,4,0,0,0,4,`4,bk_adapter.c.obj (ex armino/tuyaos_adapter/libtuyaos_adapter.a),armino/tuyaos_adapter/libtuyaos_adapter.a
898,0,898,508,390,0,0,898,`382,tkl_mftest.c.obj (ex armino/tuyaos_adapter/libtuyaos_adapter.a),armino/tuyaos_adapter/libtuyaos_adapter.a
1040,63,1040,920,120,0,63,1103,`44f,mt_audio.c.obj (ex armino/tuyaos_adapter/libtuyaos_adapter.a),armino/tuyaos_adapter/libtuyaos_adapter.a
1867,4,1867,1318,549,0,4,1871,`74f,tkl_fs.c.obj (ex armino/tuyaos_adapter/libtuyaos_adapter.a),armino/tuyaos_adapter/libtuyaos_adapter.a
1750,1168,1746,1346,400,4,1164,2914,`b62,tkl_ota.c.obj (ex armino/tuyaos_adapter/libtuyaos_adapter.a),armino/tuyaos_adapter/libtuyaos_adapter.a
68,0,68,16,52,0,0,68,`44,tkl_init_common.c.obj (ex armino/tuyaos_adapter/libtuyaos_adapter.a),armino/tuyaos_adapter/libtuyaos_adapter.a
460,0,460,460,0,0,0,460,`1cc,tuya_ringbuf.c.obj (ex armino/tuyaos_adapter/libtuyaos_adapter.a),armino/tuyaos_adapter/libtuyaos_adapter.a
172,0,172,172,0,0,0,172,`ac,tuya_smartpointer.c.obj (ex armino/tuyaos_adapter/libtuyaos_adapter.a),armino/tuyaos_adapter/libtuyaos_adapter.a
462,0,462,462,0,0,0,462,`1ce,tuya_queue.c.obj (ex armino/tuyaos_adapter/libtuyaos_adapter.a),armino/tuyaos_adapter/libtuyaos_adapter.a
44,0,44,44,0,0,0,44,`2c,tuya_list.c.obj (ex armino/tuyaos_adapter/libtuyaos_adapter.a),armino/tuyaos_adapter/libtuyaos_adapter.a
146,0,146,146,0,0,0,146,`92,tuya_tools.c.obj (ex armino/tuyaos_adapter/libtuyaos_adapter.a),armino/tuyaos_adapter/libtuyaos_adapter.a
2210,16,2210,1828,382,0,16,2226,`8b2,tkl_network.c.obj (ex armino/tuyaos_adapter/libtuyaos_adapter.a),armino/tuyaos_adapter/libtuyaos_adapter.a
77,0,77,40,37,0,0,77,`4d,tkl_watchdog.c.obj (ex armino/tuyaos_adapter/libtuyaos_adapter.a),armino/tuyaos_adapter/libtuyaos_adapter.a
24,0,24,24,0,0,0,24,`18,tkl_rtc.c.obj (ex armino/tuyaos_adapter/libtuyaos_adapter.a),armino/tuyaos_adapter/libtuyaos_adapter.a
340,0,340,340,0,0,0,340,`154,encrypt.c.obj (ex armino/tuyaos_adapter/libtuyaos_adapter.a),armino/tuyaos_adapter/libtuyaos_adapter.a
312,0,312,0,312,0,0,312,`138,tkl_init_system.c.obj (ex armino/tuyaos_adapter/libtuyaos_adapter.a),armino/tuyaos_adapter/libtuyaos_adapter.a
160,0,160,0,160,0,0,160,`a0,tkl_init_network.c.obj (ex armino/tuyaos_adapter/libtuyaos_adapter.a),armino/tuyaos_adapter/libtuyaos_adapter.a
120,0,120,0,120,0,0,120,`78,tkl_init_wifi.c.obj (ex armino/tuyaos_adapter/libtuyaos_adapter.a),armino/tuyaos_adapter/libtuyaos_adapter.a
36,0,36,0,36,0,0,36,`24,tkl_init_wired.c.obj (ex armino/tuyaos_adapter/libtuyaos_adapter.a),armino/tuyaos_adapter/libtuyaos_adapter.a
0,4,0,0,0,0,4,4,`4,tkl_cellular.c.obj (ex armino/tuyaos_adapter/libtuyaos_adapter.a),armino/tuyaos_adapter/libtuyaos_adapter.a
50011,4239,48667,38810,9857,1344,2895,52906,`ceaa,armino/tuyaos_adapter/libtuyaos_adapter.a,armino/tuyaos_adapter/libtuyaos_adapter.a
117,85,32,32,0,85,0,117,`75,mpu_cfg.c.obj (ex armino/bk7258_ap/libbk7258_ap.a),armino/bk7258_ap/libbk7258_ap.a
1624,0,1624,1624,0,0,0,1624,`658,sys_hal.c.obj (ex armino/bk7258_ap/libbk7258_ap.a),armino/bk7258_ap/libbk7258_ap.a
254,0,254,158,96,0,0,254,`fe,aon_pmu_hal.c.obj (ex armino/bk7258_ap/libbk7258_ap.a),armino/bk7258_ap/libbk7258_ap.a
108,0,108,108,0,0,0,108,`6c,timer_hal.c.obj (ex armino/bk7258_ap/libbk7258_ap.a),armino/bk7258_ap/libbk7258_ap.a
594,4,594,540,54,0,4,598,`256,sys_pm_hal.c.obj (ex armino/bk7258_ap/libbk7258_ap.a),armino/bk7258_ap/libbk7258_ap.a
784,1,784,784,0,0,1,785,`311,i2s_hal.c.obj (ex armino/bk7258_ap/libbk7258_ap.a),armino/bk7258_ap/libbk7258_ap.a
606,0,606,606,0,0,0,606,`25e,i2s_multi_hal.c.obj (ex armino/bk7258_ap/libbk7258_ap.a),armino/bk7258_ap/libbk7258_ap.a
160,0,160,32,128,0,0,160,`a0,jpeg_ll.c.obj (ex armino/bk7258_ap/libbk7258_ap.a),armino/bk7258_ap/libbk7258_ap.a
4247,90,4162,3884,278,85,5,4252,`109c,armino/bk7258_ap/libbk7258_ap.a,armino/bk7258_ap/libbk7258_ap.a
150,0,150,150,0,0,0,150,`96,wdt_hal.c.obj (ex armino/common/libcommon.a),armino/common/libcommon.a
2936,4,2936,1552,1384,0,4,2940,`b7c,gpio_hal.c.obj (ex armino/common/libcommon.a),armino/common/libcommon.a
1186,0,1186,1090,96,0,0,1186,`4a2,mbox0_hal.c.obj (ex armino/common/libcommon.a),armino/common/libcommon.a
874,0,874,874,0,0,0,874,`36a,lcd_disp_hal.c.obj (ex armino/common/libcommon.a),armino/common/libcommon.a
160,0,160,160,0,0,0,160,`a0,timer_hal.c.obj (ex armino/common/libcommon.a),armino/common/libcommon.a
498,0,498,460,38,0,0,498,`1f2,dma_hal.c.obj (ex armino/common/libcommon.a),armino/common/libcommon.a
1056,0,1056,746,310,0,0,1056,`420,spi_hal.c.obj (ex armino/common/libcommon.a),armino/common/libcommon.a
572,0,572,572,0,0,0,572,`23c,i2c_hal.c.obj (ex armino/common/libcommon.a),armino/common/libcommon.a
326,0,326,326,0,0,0,326,`146,uart_hal.c.obj (ex armino/common/libcommon.a),armino/common/libcommon.a
2254,0,2254,2248,6,0,0,2254,`8ce,pwm_hal_v1px.c.obj (ex armino/common/libcommon.a),armino/common/libcommon.a
80,0,80,80,0,0,0,80,`50,trng_hal.c.obj (ex armino/common/libcommon.a),armino/common/libcommon.a
697,0,697,658,39,0,0,697,`2b9,qspi_hal.c.obj (ex armino/common/libcommon.a),armino/common/libcommon.a
308,0,308,308,0,0,0,308,`134,jpeg_hal.c.obj (ex armino/common/libcommon.a),armino/common/libcommon.a
518,0,518,518,0,0,0,518,`206,yuv_buf_hal.c.obj (ex armino/common/libcommon.a),armino/common/libcommon.a
664,0,664,664,0,0,0,664,`298,h264_hal.c.obj (ex armino/common/libcommon.a),armino/common/libcommon.a
6,0,6,6,0,0,0,6,`6,psram_hal.c.obj (ex armino/common/libcommon.a),armino/common/libcommon.a
24,0,24,24,0,0,0,24,`18,aud_hal.c.obj (ex armino/common/libcommon.a),armino/common/libcommon.a
64,0,64,64,0,0,0,64,`40,sdio_host_hal.c.obj (ex armino/common/libcommon.a),armino/common/libcommon.a
792,0,792,792,0,0,0,792,`318,dma2d_hal.c.obj (ex armino/common/libcommon.a),armino/common/libcommon.a
3340,224,3276,3112,164,64,160,3500,`dac,jpeg_dec_hal.c.obj (ex armino/common/libcommon.a),armino/common/libcommon.a
248,0,248,248,0,0,0,248,`f8,scale0_hal.c.obj (ex armino/common/libcommon.a),armino/common/libcommon.a
248,0,248,248,0,0,0,248,`f8,scale1_hal.c.obj (ex armino/common/libcommon.a),armino/common/libcommon.a
17001,228,16937,14900,2037,64,164,17165,`430d,armino/common/libcommon.a,armino/common/libcommon.a
241,32,241,236,5,0,32,273,`111,system_main.c.obj (ex armino/bk_startup/libbk_startup.a),armino/bk_startup/libbk_startup.a
10,0,10,10,0,0,0,10,`a,rtos_init.c.obj (ex armino/bk_startup/libbk_startup.a),armino/bk_startup/libbk_startup.a
251,32,251,246,5,0,32,283,`11b,armino/bk_startup/libbk_startup.a,armino/bk_startup/libbk_startup.a
2436,17,2436,1958,478,0,17,2453,`995,event.c.obj (ex armino/bk_event/libbk_event.a),armino/bk_event/libbk_event.a
2436,17,2436,1958,478,0,17,2453,`995,armino/bk_event/libbk_event.a,armino/bk_event/libbk_event.a
2377,33,2376,2176,200,1,32,2409,`969,audio_dbgtool_intf.c.obj (ex armino/bk_aud_param_ctrl/libbk_aud_param_ctrl.a),armino/bk_aud_param_ctrl/libbk_aud_param_ctrl.a
1208,40,1208,904,304,0,40,1248,`4e0,audio_param_ctrl.c.obj (ex armino/bk_aud_param_ctrl/libbk_aud_param_ctrl.a),armino/bk_aud_param_ctrl/libbk_aud_param_ctrl.a
3585,73,3584,3080,504,1,72,3657,`e49,armino/bk_aud_param_ctrl/libbk_aud_param_ctrl.a,armino/bk_aud_param_ctrl/libbk_aud_param_ctrl.a
4329,20,4329,3286,1043,0,20,4349,`10fd,aec_v3_algorithm.c.obj (ex armino/aec_v3_algorithm/libaec_v3_algorithm.a),armino/aec_v3_algorithm/libaec_v3_algorithm.a
4329,20,4329,3286,1043,0,20,4349,`10fd,armino/aec_v3_algorithm/libaec_v3_algorithm.a,armino/aec_v3_algorithm/libaec_v3_algorithm.a
4162,52,4162,3000,1162,0,52,4214,`1076,onboard_speaker_stream.c.obj (ex armino/onboard_speaker_stream/libonboard_speaker_stream.a),armino/onboard_speaker_stream/libonboard_speaker_stream.a
4162,52,4162,3000,1162,0,52,4214,`1076,armino/onboard_speaker_stream/libonboard_speaker_stream.a,armino/onboard_speaker_stream/libonboard_speaker_stream.a
3204,48,3204,2022,1182,0,48,3252,`cb4,onboard_mic_stream.c.obj (ex armino/onboard_mic_stream/libonboard_mic_stream.a),armino/onboard_mic_stream/libonboard_mic_stream.a
3204,48,3204,2022,1182,0,48,3252,`cb4,armino/onboard_mic_stream/libonboard_mic_stream.a,armino/onboard_mic_stream/libonboard_mic_stream.a
3608,56,3608,2556,1052,0,56,3664,`e50,onboard_dual_dmic_mic_stream.c.obj (ex armino/onboard_dual_dmic_mic_stream/libonboard_dual_dmic_mic_stream.a),armino/onboard_dual_dmic_mic_stream/libonboard_dual_dmic_mic_stream.a
3608,56,3608,2556,1052,0,56,3664,`e50,armino/onboard_dual_dmic_mic_stream/libonboard_dual_dmic_mic_stream.a,armino/onboard_dual_dmic_mic_stream/libonboard_dual_dmic_mic_stream.a
1554,795,792,792,0,762,33,1587,`633,pm.c.obj (ex armino/bk_pm/libbk_pm.a),armino/bk_pm/libbk_pm.a
48,0,48,48,0,0,0,48,`30,pm_misc.c.obj (ex armino/bk_pm/libbk_pm.a),armino/bk_pm/libbk_pm.a
1602,795,840,840,0,762,33,1635,`663,armino/bk_pm/libbk_pm.a,armino/bk_pm/libbk_pm.a
2971,12,2971,1776,1195,0,12,2983,`ba7,voice_cli.c.obj (ex armino/bk_voice_service/libbk_voice_service.a),armino/bk_voice_service/libbk_voice_service.a
8064,0,8064,4450,3614,0,0,8064,`1f80,bk_voice_service.c.obj (ex armino/bk_voice_service/libbk_voice_service.a),armino/bk_voice_service/libbk_voice_service.a
1434,44,1434,908,526,0,44,1478,`5c6,bk_voice_read_service.c.obj (ex armino/bk_voice_service/libbk_voice_service.a),armino/bk_voice_service/libbk_voice_service.a
2293,44,2293,1556,737,0,44,2337,`921,bk_voice_write_service.c.obj (ex armino/bk_voice_service/libbk_voice_service.a),armino/bk_voice_service/libbk_voice_service.a
14762,100,14762,8690,6072,0,100,14862,`3a0e,armino/bk_voice_service/libbk_voice_service.a,armino/bk_voice_service/libbk_voice_service.a
213,0,213,108,105,0,0,213,`d5,ap_main.c.obj (ex armino/ap/libap.a),armino/ap/libap.a
213,0,213,108,105,0,0,213,`d5,armino/ap/libap.a,armino/ap/libap.a
13828,0,13828,12158,1670,0,0,13828,`3604,aec.c.obj (ex /home/jiayi/project/T5_TuyaOS-3.13.6/software/TuyaOS/vendor/T5/t5_os/ap/components/bk_libs/bk7258_ap/libs/libaec_v3.a),/home/jiayi/project/T5_TuyaOS-3.13.6/software/TuyaOS/vendor/T5/t5_os/ap/components/bk_libs/bk7258_ap/libs/libaec_v3.a
6038,0,6038,1098,4940,0,0,6038,`1796,aec_fft.c.obj (ex /home/jiayi/project/T5_TuyaOS-3.13.6/software/TuyaOS/vendor/T5/t5_os/ap/components/bk_libs/bk7258_ap/libs/libaec_v3.a),/home/jiayi/project/T5_TuyaOS-3.13.6/software/TuyaOS/vendor/T5/t5_os/ap/components/bk_libs/bk7258_ap/libs/libaec_v3.a
16122,0,16122,15944,178,0,0,16122,`3efa,gtcrn.c.obj (ex /home/jiayi/project/T5_TuyaOS-3.13.6/software/TuyaOS/vendor/T5/t5_os/ap/components/bk_libs/bk7258_ap/libs/libaec_v3.a),/home/jiayi/project/T5_TuyaOS-3.13.6/software/TuyaOS/vendor/T5/t5_os/ap/components/bk_libs/bk7258_ap/libs/libaec_v3.a
4538,0,4538,4538,0,0,0,4538,`11ba,rfft.S.obj (ex /home/jiayi/project/T5_TuyaOS-3.13.6/software/TuyaOS/vendor/T5/t5_os/ap/components/bk_libs/bk7258_ap/libs/libaec_v3.a),/home/jiayi/project/T5_TuyaOS-3.13.6/software/TuyaOS/vendor/T5/t5_os/ap/components/bk_libs/bk7258_ap/libs/libaec_v3.a
900,0,900,900,0,0,0,900,`384,asm_pt_cv0.S.obj (ex /home/jiayi/project/T5_TuyaOS-3.13.6/software/TuyaOS/vendor/T5/t5_os/ap/components/bk_libs/bk7258_ap/libs/libaec_v3.a),/home/jiayi/project/T5_TuyaOS-3.13.6/software/TuyaOS/vendor/T5/t5_os/ap/components/bk_libs/bk7258_ap/libs/libaec_v3.a
258,0,258,258,0,0,0,258,`102,asm_pt_cv1.S.obj (ex /home/jiayi/project/T5_TuyaOS-3.13.6/software/TuyaOS/vendor/T5/t5_os/ap/components/bk_libs/bk7258_ap/libs/libaec_v3.a),/home/jiayi/project/T5_TuyaOS-3.13.6/software/TuyaOS/vendor/T5/t5_os/ap/components/bk_libs/bk7258_ap/libs/libaec_v3.a
170,0,170,170,0,0,0,170,`aa,asm_pt_cv2.S.obj (ex /home/jiayi/project/T5_TuyaOS-3.13.6/software/TuyaOS/vendor/T5/t5_os/ap/components/bk_libs/bk7258_ap/libs/libaec_v3.a),/home/jiayi/project/T5_TuyaOS-3.13.6/software/TuyaOS/vendor/T5/t5_os/ap/components/bk_libs/bk7258_ap/libs/libaec_v3.a
116,0,116,116,0,0,0,116,`74,asm_pt2_cv.S.obj (ex /home/jiayi/project/T5_TuyaOS-3.13.6/software/TuyaOS/vendor/T5/t5_os/ap/components/bk_libs/bk7258_ap/libs/libaec_v3.a),/home/jiayi/project/T5_TuyaOS-3.13.6/software/TuyaOS/vendor/T5/t5_os/ap/components/bk_libs/bk7258_ap/libs/libaec_v3.a
236,0,236,236,0,0,0,236,`ec,asm_dpt_cv3.S.obj (ex /home/jiayi/project/T5_TuyaOS-3.13.6/software/TuyaOS/vendor/T5/t5_os/ap/components/bk_libs/bk7258_ap/libs/libaec_v3.a),/home/jiayi/project/T5_TuyaOS-3.13.6/software/TuyaOS/vendor/T5/t5_os/ap/components/bk_libs/bk7258_ap/libs/libaec_v3.a
218,0,218,218,0,0,0,218,`da,asm_dpt_cv4.S.obj (ex /home/jiayi/project/T5_TuyaOS-3.13.6/software/TuyaOS/vendor/T5/t5_os/ap/components/bk_libs/bk7258_ap/libs/libaec_v3.a),/home/jiayi/project/T5_TuyaOS-3.13.6/software/TuyaOS/vendor/T5/t5_os/ap/components/bk_libs/bk7258_ap/libs/libaec_v3.a
164,0,164,164,0,0,0,164,`a4,asm_dpg_fc.S.obj (ex /home/jiayi/project/T5_TuyaOS-3.13.6/software/TuyaOS/vendor/T5/t5_os/ap/components/bk_libs/bk7258_ap/libs/libaec_v3.a),/home/jiayi/project/T5_TuyaOS-3.13.6/software/TuyaOS/vendor/T5/t5_os/ap/components/bk_libs/bk7258_ap/libs/libaec_v3.a
342,0,342,342,0,0,0,342,`156,asm_inter_gru.S.obj (ex /home/jiayi/project/T5_TuyaOS-3.13.6/software/TuyaOS/vendor/T5/t5_os/ap/components/bk_libs/bk7258_ap/libs/libaec_v3.a),/home/jiayi/project/T5_TuyaOS-3.13.6/software/TuyaOS/vendor/T5/t5_os/ap/components/bk_libs/bk7258_ap/libs/libaec_v3.a
268,0,268,268,0,0,0,268,`10c,asm_intra_gru.S.obj (ex /home/jiayi/project/T5_TuyaOS-3.13.6/software/TuyaOS/vendor/T5/t5_os/ap/components/bk_libs/bk7258_ap/libs/libaec_v3.a),/home/jiayi/project/T5_TuyaOS-3.13.6/software/TuyaOS/vendor/T5/t5_os/ap/components/bk_libs/bk7258_ap/libs/libaec_v3.a
318,0,318,318,0,0,0,318,`13e,asm_dp2_cv.S.obj (ex /home/jiayi/project/T5_TuyaOS-3.13.6/software/TuyaOS/vendor/T5/t5_os/ap/components/bk_libs/bk7258_ap/libs/libaec_v3.a),/home/jiayi/project/T5_TuyaOS-3.13.6/software/TuyaOS/vendor/T5/t5_os/ap/components/bk_libs/bk7258_ap/libs/libaec_v3.a
320,0,320,320,0,0,0,320,`140,asm_dp3_cv.S.obj (ex /home/jiayi/project/T5_TuyaOS-3.13.6/software/TuyaOS/vendor/T5/t5_os/ap/components/bk_libs/bk7258_ap/libs/libaec_v3.a),/home/jiayi/project/T5_TuyaOS-3.13.6/software/TuyaOS/vendor/T5/t5_os/ap/components/bk_libs/bk7258_ap/libs/libaec_v3.a
320,0,320,320,0,0,0,320,`140,asm_dp4_cv.S.obj (ex /home/jiayi/project/T5_TuyaOS-3.13.6/software/TuyaOS/vendor/T5/t5_os/ap/components/bk_libs/bk7258_ap/libs/libaec_v3.a),/home/jiayi/project/T5_TuyaOS-3.13.6/software/TuyaOS/vendor/T5/t5_os/ap/components/bk_libs/bk7258_ap/libs/libaec_v3.a
100,0,100,100,0,0,0,100,`64,asm_buf_mv.S.obj (ex /home/jiayi/project/T5_TuyaOS-3.13.6/software/TuyaOS/vendor/T5/t5_os/ap/components/bk_libs/bk7258_ap/libs/libaec_v3.a),/home/jiayi/project/T5_TuyaOS-3.13.6/software/TuyaOS/vendor/T5/t5_os/ap/components/bk_libs/bk7258_ap/libs/libaec_v3.a
64,0,64,64,0,0,0,64,`40,asm_tra_act.S.obj (ex /home/jiayi/project/T5_TuyaOS-3.13.6/software/TuyaOS/vendor/T5/t5_os/ap/components/bk_libs/bk7258_ap/libs/libaec_v3.a),/home/jiayi/project/T5_TuyaOS-3.13.6/software/TuyaOS/vendor/T5/t5_os/ap/components/bk_libs/bk7258_ap/libs/libaec_v3.a
88,0,88,88,0,0,0,88,`58,asm_tra_out.S.obj (ex /home/jiayi/project/T5_TuyaOS-3.13.6/software/TuyaOS/vendor/T5/t5_os/ap/components/bk_libs/bk7258_ap/libs/libaec_v3.a),/home/jiayi/project/T5_TuyaOS-3.13.6/software/TuyaOS/vendor/T5/t5_os/ap/components/bk_libs/bk7258_ap/libs/libaec_v3.a
8672,0,8672,0,8672,0,0,8672,`21e0,aec_data.c.obj (ex /home/jiayi/project/T5_TuyaOS-3.13.6/software/TuyaOS/vendor/T5/t5_os/ap/components/bk_libs/bk7258_ap/libs/libaec_v3.a),/home/jiayi/project/T5_TuyaOS-3.13.6/software/TuyaOS/vendor/T5/t5_os/ap/components/bk_libs/bk7258_ap/libs/libaec_v3.a
50912,0,50912,0,50912,0,0,50912,`c6e0,gtcrn_data.c.obj (ex /home/jiayi/project/T5_TuyaOS-3.13.6/software/TuyaOS/vendor/T5/t5_os/ap/components/bk_libs/bk7258_ap/libs/libaec_v3.a),/home/jiayi/project/T5_TuyaOS-3.13.6/software/TuyaOS/vendor/T5/t5_os/ap/components/bk_libs/bk7258_ap/libs/libaec_v3.a
103992,0,103992,37620,66372,0,0,103992,`19638,/home/jiayi/project/T5_TuyaOS-3.13.6/software/TuyaOS/vendor/T5/t5_os/ap/components/bk_libs/bk7258_ap/libs/libaec_v3.a,/home/jiayi/project/T5_TuyaOS-3.13.6/software/TuyaOS/vendor/T5/t5_os/ap/components/bk_libs/bk7258_ap/libs/libaec_v3.a
3409,9,3409,3180,229,0,9,3418,`d5a,rtos_pub_smp.c.obj (ex armino/bk_rtos/libbk_rtos.a),armino/bk_rtos/libbk_rtos.a
1287,0,1287,592,695,0,0,1287,`507,rtos_debug.c.obj (ex armino/bk_rtos/libbk_rtos.a),armino/bk_rtos/libbk_rtos.a
974,0,974,758,216,0,0,974,`3ce,mem_arch.c.obj (ex armino/bk_rtos/libbk_rtos.a),armino/bk_rtos/libbk_rtos.a
132,0,132,122,10,0,0,132,`84,str_arch.c.obj (ex armino/bk_rtos/libbk_rtos.a),armino/bk_rtos/libbk_rtos.a
253,0,253,166,87,0,0,253,`fd,platform_stub.c.obj (ex armino/bk_rtos/libbk_rtos.a),armino/bk_rtos/libbk_rtos.a
453,4,453,414,39,0,4,457,`1c9,pthread_local_storage.c.obj (ex armino/bk_rtos/libbk_rtos.a),armino/bk_rtos/libbk_rtos.a
6508,13,6508,5232,1276,0,13,6521,`1979,armino/bk_rtos/libbk_rtos.a,armino/bk_rtos/libbk_rtos.a
521,84,437,352,85,84,0,521,`209,video_osi_wrapper.c.obj (ex armino/media_service/libmedia_service.a),armino/media_service/libmedia_service.a
342,52,290,226,64,52,0,342,`156,audio_osi_wrapper.c.obj (ex armino/media_service/libmedia_service.a),armino/media_service/libmedia_service.a
541,24,541,364,177,0,24,565,`235,media_service.c.obj (ex armino/media_service/libmedia_service.a),armino/media_service/libmedia_service.a
1404,160,1268,942,326,136,24,1428,`594,armino/media_service/libmedia_service.a,armino/media_service/libmedia_service.a
1043,0,1043,924,119,0,0,1043,`413,event_groups.c.obj (ex armino/os_source/libos_source.a),armino/os_source/libos_source.a
138,0,138,138,0,0,0,138,`8a,list.c.obj (ex armino/os_source/libos_source.a),armino/os_source/libos_source.a
3190,0,3190,2864,326,0,0,3190,`c76,queue.c.obj (ex armino/os_source/libos_source.a),armino/os_source/libos_source.a
8945,412,8941,8258,683,4,408,9353,`2489,tasks.c.obj (ex armino/os_source/libos_source.a),armino/os_source/libos_source.a
1556,404,1556,1382,174,0,404,1960,`7a8,timers.c.obj (ex armino/os_source/libos_source.a),armino/os_source/libos_source.a
576,8,576,474,102,0,8,584,`248,heap_6.c.obj (ex armino/os_source/libos_source.a),armino/os_source/libos_source.a
1359,53,1358,1236,122,1,52,1411,`583,port.c.obj (ex armino/os_source/libos_source.a),armino/os_source/libos_source.a
216,0,216,216,0,0,0,216,`d8,portasm.c.obj (ex armino/os_source/libos_source.a),armino/os_source/libos_source.a
17023,877,17018,15492,1526,5,872,17895,`45e7,armino/os_source/libos_source.a,armino/os_source/libos_source.a
4655,648,4655,2362,2293,0,648,5303,`14b7,cm_backtrace.c.obj (ex armino/coredump/libcoredump.a),armino/coredump/libcoredump.a
4655,648,4655,2362,2293,0,648,5303,`14b7,armino/coredump/libcoredump.a,armino/coredump/libcoredump.a
2369,8,2369,1632,737,0,8,2377,`949,lcd_display_service.c.obj (ex armino/display_service/libdisplay_service.a),armino/display_service/libdisplay_service.a
712,17,712,392,320,0,17,729,`2d9,lcd_qspi_display_service.c.obj (ex armino/display_service/libdisplay_service.a),armino/display_service/libdisplay_service.a
1859,24,1835,1520,315,24,0,1859,`743,lcd_spi_display_service.c.obj (ex armino/display_service/libdisplay_service.a),armino/display_service/libdisplay_service.a
4940,49,4916,3544,1372,24,25,4965,`1365,armino/display_service/libdisplay_service.a,armino/display_service/libdisplay_service.a
1145,160,1145,864,281,0,160,1305,`519,bk_modem_main.c.obj (ex armino/bk_modem/libbk_modem.a),armino/bk_modem/libbk_modem.a
252,1,251,164,87,1,0,252,`fc,bk_modem_usbh_if.c.obj (ex armino/bk_modem/libbk_modem.a),armino/bk_modem/libbk_modem.a
2641,48,2641,1754,887,0,48,2689,`a81,bk_modem_uart.c.obj (ex armino/bk_modem/libbk_modem.a),armino/bk_modem/libbk_modem.a
4097,294,4093,2508,1585,4,290,4387,`1123,bk_modem_at_cmd.c.obj (ex armino/bk_modem/libbk_modem.a),armino/bk_modem/libbk_modem.a
3088,6,3088,2082,1006,0,6,3094,`c16,bk_modem_dte.c.obj (ex armino/bk_modem/libbk_modem.a),armino/bk_modem/libbk_modem.a
1837,4,1837,1024,813,0,4,1841,`731,bk_modem_netif.c.obj (ex armino/bk_modem/libbk_modem.a),armino/bk_modem/libbk_modem.a
277,0,277,270,7,0,0,277,`115,bk_modem_dce.c.obj (ex armino/bk_modem/libbk_modem.a),armino/bk_modem/libbk_modem.a
13337,513,13332,8666,4666,5,508,13845,`3615,armino/bk_modem/libbk_modem.a,armino/bk_modem/libbk_modem.a
804,8,803,684,119,1,7,811,`32b,usb_driver.c.obj (ex armino/bk_usb/libbk_usb.a),armino/bk_usb/libbk_usb.a
3063,1124,3055,2102,953,8,1116,4179,`1053,usbh_core.c.obj (ex armino/bk_usb/libbk_usb.a),armino/bk_usb/libbk_usb.a
4429,729,4429,4368,61,0,729,5158,`1426,usb_hc_beken_musb.c.obj (ex armino/bk_usb/libbk_usb.a),armino/bk_usb/libbk_usb.a
4270,73,4270,3398,872,0,73,4343,`10f7,usbh_hub.c.obj (ex armino/bk_usb/libbk_usb.a),armino/bk_usb/libbk_usb.a
1644,132,1644,1562,82,0,132,1776,`6f0,usbh_video.c.obj (ex armino/bk_usb/libbk_usb.a),armino/bk_usb/libbk_usb.a
1942,1900,1942,1794,148,0,1900,3842,`f02,usbh_audio.c.obj (ex armino/bk_usb/libbk_usb.a),armino/bk_usb/libbk_usb.a
1034,41,1034,856,178,0,41,1075,`433,usbh_msc.c.obj (ex armino/bk_usb/libbk_usb.a),armino/bk_usb/libbk_usb.a
1241,4,1241,936,305,0,4,1245,`4dd,usbh_cdc_acm.c.obj (ex armino/bk_usb/libbk_usb.a),armino/bk_usb/libbk_usb.a
1147,321,1147,1030,117,0,321,1468,`5bc,usbh_ch34x.c.obj (ex armino/bk_usb/libbk_usb.a),armino/bk_usb/libbk_usb.a
887,65,887,748,139,0,65,952,`3b8,bk_cherry_usb_cdc_acm_api.c.obj (ex armino/bk_usb/libbk_usb.a),armino/bk_usb/libbk_usb.a
1569,537,1569,1060,509,0,537,2106,`83a,bk_usb_cdc_modem.c.obj (ex armino/bk_usb/libbk_usb.a),armino/bk_usb/libbk_usb.a
140,0,140,140,0,0,0,140,`8c,usb_osal_adaptor.c.obj (ex armino/bk_usb/libbk_usb.a),armino/bk_usb/libbk_usb.a
4500,516,4500,3508,992,0,516,5016,`1398,bk_usbh_hub_multiple_classes_api.c.obj (ex armino/bk_usb/libbk_usb.a),armino/bk_usb/libbk_usb.a
26670,5450,26661,22186,4475,9,5441,32111,`7d6f,armino/bk_usb/libbk_usb.a,armino/bk_usb/libbk_usb.a
284,0,284,28,256,0,0,284,`11c,avdk_crc.c.obj (ex armino/avdk_utils/libavdk_utils.a),armino/avdk_utils/libavdk_utils.a
284,0,284,28,256,0,0,284,`11c,armino/avdk_utils/libavdk_utils.a,armino/avdk_utils/libavdk_utils.a
2770,8,2770,2044,726,0,8,2778,`ada,media_cli.c.obj (ex armino/multimedia/libmultimedia.a),armino/multimedia/libmultimedia.a
858,4,858,532,326,0,4,862,`35e,camera_handle_list.c.obj (ex armino/multimedia/libmultimedia.a),armino/multimedia/libmultimedia.a
1530,4,1530,1054,476,0,4,1534,`5fe,media_app.c.obj (ex armino/multimedia/libmultimedia.a),armino/multimedia/libmultimedia.a
4256,4,4256,3248,1008,0,4,4260,`10a4,frame_buffer.c.obj (ex armino/multimedia/libmultimedia.a),armino/multimedia/libmultimedia.a
269,4,269,218,51,0,4,273,`111,camera_act.c.obj (ex armino/multimedia/libmultimedia.a),armino/multimedia/libmultimedia.a
400,0,400,212,188,0,0,400,`190,net_camera.c.obj (ex armino/multimedia/libmultimedia.a),armino/multimedia/libmultimedia.a
210,24,186,186,0,24,0,210,`d2,dvp.c.obj (ex armino/multimedia/libmultimedia.a),armino/multimedia/libmultimedia.a
333,24,309,262,47,24,0,333,`14d,uvc.c.obj (ex armino/multimedia/libmultimedia.a),armino/multimedia/libmultimedia.a
985,4,985,668,317,0,4,989,`3dd,transfer_act.c.obj (ex armino/multimedia/libmultimedia.a),armino/multimedia/libmultimedia.a
2674,73,2674,1628,1046,0,73,2747,`abb,img_service.c.obj (ex armino/multimedia/libmultimedia.a),armino/multimedia/libmultimedia.a
582,12,582,410,172,0,12,594,`252,bk_rotate.c.obj (ex armino/multimedia/libmultimedia.a),armino/multimedia/libmultimedia.a
4807,32,4807,3454,1353,0,32,4839,`12e7,yuv_rotate_pipeline.c.obj (ex armino/multimedia/libmultimedia.a),armino/multimedia/libmultimedia.a
219,16,219,136,83,0,16,235,`eb,bk_decode.c.obj (ex armino/multimedia/libmultimedia.a),armino/multimedia/libmultimedia.a
1453,123,1453,1080,373,0,123,1576,`628,bk_scale.c.obj (ex armino/multimedia/libmultimedia.a),armino/multimedia/libmultimedia.a
6259,32,6259,5066,1193,0,32,6291,`1893,jpeg_decode_pipeline.c.obj (ex armino/multimedia/libmultimedia.a),armino/multimedia/libmultimedia.a
978,7,977,612,365,1,6,984,`3d8,uvc_pipeline_act.c.obj (ex armino/multimedia/libmultimedia.a),armino/multimedia/libmultimedia.a
411,0,411,340,71,0,0,411,`19b,jpeg_decode_list.c.obj (ex armino/multimedia/libmultimedia.a),armino/multimedia/libmultimedia.a
1260,4,1260,836,424,0,4,1264,`4f0,jpeg_get_pipeline.c.obj (ex armino/multimedia/libmultimedia.a),armino/multimedia/libmultimedia.a
5143,8,5143,3928,1215,0,8,5151,`141f,h264_encode_pipeline.c.obj (ex armino/multimedia/libmultimedia.a),armino/multimedia/libmultimedia.a
1522,8,1522,1118,404,0,8,1530,`5fa,sw_rotate.c.obj (ex armino/multimedia/libmultimedia.a),armino/multimedia/libmultimedia.a
14665,13192,1593,952,641,13072,120,14785,`39c1,sw_decode_cp2.c.obj (ex armino/multimedia/libmultimedia.a),armino/multimedia/libmultimedia.a
14598,13192,1526,940,586,13072,120,14718,`397e,sw_decode.c.obj (ex armino/multimedia/libmultimedia.a),armino/multimedia/libmultimedia.a
0,8,0,0,0,0,8,8,`8,media_mem_share.c.obj (ex armino/multimedia/libmultimedia.a),armino/multimedia/libmultimedia.a
66182,26783,39989,28924,11065,26193,590,66772,`104d4,armino/multimedia/libmultimedia.a,armino/multimedia/libmultimedia.a
2163,396,1767,1670,97,396,0,2163,`873,bluetooth.c.obj (ex armino/bk_bluetooth/libbk_bluetooth.a),armino/bk_bluetooth/libbk_bluetooth.a
427,9,427,224,203,0,9,436,`1b4,bt_main.c.obj (ex armino/bk_bluetooth/libbk_bluetooth.a),armino/bk_bluetooth/libbk_bluetooth.a
1952,20,1952,1216,736,0,20,1972,`7b4,bt_ipc_core.c.obj (ex armino/bk_bluetooth/libbk_bluetooth.a),armino/bk_bluetooth/libbk_bluetooth.a
121,0,121,96,25,0,0,121,`79,hal_hci_core.c.obj (ex armino/bk_bluetooth/libbk_bluetooth.a),armino/bk_bluetooth/libbk_bluetooth.a
40,8,40,40,0,0,8,48,`30,bt_feature_config.c.obj (ex armino/bk_bluetooth/libbk_bluetooth.a),armino/bk_bluetooth/libbk_bluetooth.a
4703,433,4307,3246,1061,396,37,4740,`1284,armino/bk_bluetooth/libbk_bluetooth.a,armino/bk_bluetooth/libbk_bluetooth.a
729,65,729,660,69,0,65,794,`31a,bk_netif.c.obj (ex armino/bk_netif/libbk_netif.a),armino/bk_netif/libbk_netif.a
729,65,729,660,69,0,65,794,`31a,armino/bk_netif/libbk_netif.a,armino/bk_netif/libbk_netif.a
4,0,4,4,0,0,0,4,`4,lite-log.c.obj (ex armino/http/libhttp.a),armino/http/libhttp.a
4,0,4,4,0,0,0,4,`4,armino/http/libhttp.a,armino/http/libhttp.a
4,0,4,4,0,0,0,4,`4,bk_feature.c.obj (ex armino/bk_common/libbk_common.a),armino/bk_common/libbk_common.a
4,0,4,4,0,0,0,4,`4,armino/bk_common/libbk_common.a,armino/bk_common/libbk_common.a
1704,128,1576,1454,122,128,0,1704,`6a8,bk_vfs.c.obj (ex armino/bk_vfs/libbk_vfs.a),armino/bk_vfs/libbk_vfs.a
120,640,120,120,0,0,640,760,`2f8,bk_fdtable.c.obj (ex armino/bk_vfs/libbk_vfs.a),armino/bk_vfs/libbk_vfs.a
64,80,64,64,0,0,80,144,`90,bk_filesystem.c.obj (ex armino/bk_vfs/libbk_vfs.a),armino/bk_vfs/libbk_vfs.a
206,4,206,180,26,0,4,210,`d2,bk_file_utils.c.obj (ex armino/bk_vfs/libbk_vfs.a),armino/bk_vfs/libbk_vfs.a
2094,852,1966,1818,148,128,724,2818,`b02,armino/bk_vfs/libbk_vfs.a,armino/bk_vfs/libbk_vfs.a
1721,0,1721,1334,387,0,0,1721,`6b9,media_utils.c.obj (ex armino/media_utils/libmedia_utils.a),armino/media_utils/libmedia_utils.a
1078,32,1078,928,150,0,32,1110,`456,psram_mem_slab.c.obj (ex armino/media_utils/libmedia_utils.a),armino/media_utils/libmedia_utils.a
2799,32,2799,2262,537,0,32,2831,`b0f,armino/media_utils/libmedia_utils.a,armino/media_utils/libmedia_utils.a
14,0,14,14,0,0,0,14,`e,bk_peripheral.c.obj (ex armino/bk_peripheral/libbk_peripheral.a),armino/bk_peripheral/libbk_peripheral.a
56,44,12,12,0,44,0,56,`38,lcd_panel_devices.c.obj (ex armino/bk_peripheral/libbk_peripheral.a),armino/bk_peripheral/libbk_peripheral.a
1325,0,1325,1270,55,0,0,1325,`52d,lcd_st7701s_ly.c.obj (ex armino/bk_peripheral/libbk_peripheral.a),armino/bk_peripheral/libbk_peripheral.a
1586,0,1586,1534,52,0,0,1586,`632,lcd_st7701s.c.obj (ex armino/bk_peripheral/libbk_peripheral.a),armino/bk_peripheral/libbk_peripheral.a
1503,0,1503,1450,53,0,0,1503,`5df,lcd_st7701sn.c.obj (ex armino/bk_peripheral/libbk_peripheral.a),armino/bk_peripheral/libbk_peripheral.a
1496,0,1496,1446,50,0,0,1496,`5d8,lcd_aml01.c.obj (ex armino/bk_peripheral/libbk_peripheral.a),armino/bk_peripheral/libbk_peripheral.a
4966,0,4966,4898,68,0,0,4966,`1366,lcd_nt35510_mcu.c.obj (ex armino/bk_peripheral/libbk_peripheral.a),armino/bk_peripheral/libbk_peripheral.a
681,1,680,424,256,1,0,681,`2a9,lcd_st7796s.c.obj (ex armino/bk_peripheral/libbk_peripheral.a),armino/bk_peripheral/libbk_peripheral.a
180,24,156,156,0,24,0,180,`b4,dvp_sensor_devices.c.obj (ex armino/bk_peripheral/libbk_peripheral.a),armino/bk_peripheral/libbk_peripheral.a
1083,1,1083,424,659,0,1,1084,`43c,dvp_gc0308.c.obj (ex armino/bk_peripheral/libbk_peripheral.a),armino/bk_peripheral/libbk_peripheral.a
2004,1,2004,934,1070,0,1,2005,`7d5,dvp_gc0328c.c.obj (ex armino/bk_peripheral/libbk_peripheral.a),armino/bk_peripheral/libbk_peripheral.a
3141,1,3141,1052,2089,0,1,3142,`c46,dvp_gc2145.c.obj (ex armino/bk_peripheral/libbk_peripheral.a),armino/bk_peripheral/libbk_peripheral.a
2885,1,2885,478,2407,0,1,2886,`b46,dvp_hm1055.c.obj (ex armino/bk_peripheral/libbk_peripheral.a),armino/bk_peripheral/libbk_peripheral.a
1217,1,1217,446,771,0,1,1218,`4c2,dvp_ov2640.c.obj (ex armino/bk_peripheral/libbk_peripheral.a),armino/bk_peripheral/libbk_peripheral.a
1054,1,1054,232,822,0,1,1055,`41f,dvp_sc101.c.obj (ex armino/bk_peripheral/libbk_peripheral.a),armino/bk_peripheral/libbk_peripheral.a
52,0,52,0,52,0,0,52,`34,lcd_h050iwv.c.obj (ex armino/bk_peripheral/libbk_peripheral.a),armino/bk_peripheral/libbk_peripheral.a
51,0,51,0,51,0,0,51,`33,lcd_hx8282.c.obj (ex armino/bk_peripheral/libbk_peripheral.a),armino/bk_peripheral/libbk_peripheral.a
52,0,52,0,52,0,0,52,`34,lcd_md0430r.c.obj (ex armino/bk_peripheral/libbk_peripheral.a),armino/bk_peripheral/libbk_peripheral.a
52,0,52,0,52,0,0,52,`34,lcd_md0700r.c.obj (ex armino/bk_peripheral/libbk_peripheral.a),armino/bk_peripheral/libbk_peripheral.a
51,0,51,0,51,0,0,51,`33,lcd_st7282.c.obj (ex armino/bk_peripheral/libbk_peripheral.a),armino/bk_peripheral/libbk_peripheral.a
23449,75,23380,14770,8610,69,6,23455,`5b9f,armino/bk_peripheral/libbk_peripheral.a,armino/bk_peripheral/libbk_peripheral.a
6362,14,6362,5162,1200,0,14,6376,`18e8,bk_dvp.c.obj (ex armino/bk_dvp/libbk_dvp.a),armino/bk_dvp/libbk_dvp.a
230,0,230,230,0,0,0,230,`e6,video_common_driver.c.obj (ex armino/bk_dvp/libbk_dvp.a),armino/bk_dvp/libbk_dvp.a
6592,14,6592,5392,1200,0,14,6606,`19ce,armino/bk_dvp/libbk_dvp.a,armino/bk_dvp/libbk_dvp.a
9124,34,9124,6526,2598,0,34,9158,`23c6,bk_uvc.c.obj (ex armino/bk_uvc/libbk_uvc.a),armino/bk_uvc/libbk_uvc.a
1374,32,1374,1032,342,0,32,1406,`57e,uvc_urb_list.c.obj (ex armino/bk_uvc/libbk_uvc.a),armino/bk_uvc/libbk_uvc.a
654,0,654,536,118,0,0,654,`28e,uvc_stream_list.c.obj (ex armino/bk_uvc/libbk_uvc.a),armino/bk_uvc/libbk_uvc.a
11152,66,11152,8094,3058,0,66,11218,`2bd2,armino/bk_uvc/libbk_uvc.a,armino/bk_uvc/libbk_uvc.a
910,17,910,626,284,0,17,927,`39f,rwble_hl.c.obj (ex /home/jiayi/project/T5_TuyaOS-3.13.6/software/TuyaOS/vendor/T5/t5_os/ap/components/bk_libs/bk7258_ap/libs/libbluetooth_host_ble_ap.a),/home/jiayi/project/T5_TuyaOS-3.13.6/software/TuyaOS/vendor/T5/t5_os/ap/components/bk_libs/bk7258_ap/libs/libbluetooth_host_ble_ap.a
32,4,28,28,0,4,0,32,`20,hci_driver.c.obj (ex /home/jiayi/project/T5_TuyaOS-3.13.6/software/TuyaOS/vendor/T5/t5_os/ap/components/bk_libs/bk7258_ap/libs/libbluetooth_host_ble_ap.a),/home/jiayi/project/T5_TuyaOS-3.13.6/software/TuyaOS/vendor/T5/t5_os/ap/components/bk_libs/bk7258_ap/libs/libbluetooth_host_ble_ap.a
179,0,179,162,17,0,0,179,`b3,kernel_msg.c.obj (ex /home/jiayi/project/T5_TuyaOS-3.13.6/software/TuyaOS/vendor/T5/t5_os/ap/components/bk_libs/bk7258_ap/libs/libbluetooth_host_ble_ap.a),/home/jiayi/project/T5_TuyaOS-3.13.6/software/TuyaOS/vendor/T5/t5_os/ap/components/bk_libs/bk7258_ap/libs/libbluetooth_host_ble_ap.a
440,12,440,318,122,0,12,452,`1c4,timer.c.obj (ex /home/jiayi/project/T5_TuyaOS-3.13.6/software/TuyaOS/vendor/T5/t5_os/ap/components/bk_libs/bk7258_ap/libs/libbluetooth_host_ble_ap.a),/home/jiayi/project/T5_TuyaOS-3.13.6/software/TuyaOS/vendor/T5/t5_os/ap/components/bk_libs/bk7258_ap/libs/libbluetooth_host_ble_ap.a
438,8,438,320,118,0,8,446,`1be,bluetooth_osi_wrapper.c.obj (ex /home/jiayi/project/T5_TuyaOS-3.13.6/software/TuyaOS/vendor/T5/t5_os/ap/components/bk_libs/bk7258_ap/libs/libbluetooth_host_ble_ap.a),/home/jiayi/project/T5_TuyaOS-3.13.6/software/TuyaOS/vendor/T5/t5_os/ap/components/bk_libs/bk7258_ap/libs/libbluetooth_host_ble_ap.a
371,0,371,280,91,0,0,371,`173,common_list.c.obj (ex /home/jiayi/project/T5_TuyaOS-3.13.6/software/TuyaOS/vendor/T5/t5_os/ap/components/bk_libs/bk7258_ap/libs/libbluetooth_host_ble_ap.a),/home/jiayi/project/T5_TuyaOS-3.13.6/software/TuyaOS/vendor/T5/t5_os/ap/components/bk_libs/bk7258_ap/libs/libbluetooth_host_ble_ap.a
241,27,241,196,45,0,27,268,`10c,hci.c.obj (ex /home/jiayi/project/T5_TuyaOS-3.13.6/software/TuyaOS/vendor/T5/t5_os/ap/components/bk_libs/bk7258_ap/libs/libbluetooth_host_ble_ap.a),/home/jiayi/project/T5_TuyaOS-3.13.6/software/TuyaOS/vendor/T5/t5_os/ap/components/bk_libs/bk7258_ap/libs/libbluetooth_host_ble_ap.a
1645,24,1645,1564,81,0,24,1669,`685,hci_tl.c.obj (ex /home/jiayi/project/T5_TuyaOS-3.13.6/software/TuyaOS/vendor/T5/t5_os/ap/components/bk_libs/bk7258_ap/libs/libbluetooth_host_ble_ap.a),/home/jiayi/project/T5_TuyaOS-3.13.6/software/TuyaOS/vendor/T5/t5_os/ap/components/bk_libs/bk7258_ap/libs/libbluetooth_host_ble_ap.a
862,48,862,800,62,0,48,910,`38e,h4tl.c.obj (ex /home/jiayi/project/T5_TuyaOS-3.13.6/software/TuyaOS/vendor/T5/t5_os/ap/components/bk_libs/bk7258_ap/libs/libbluetooth_host_ble_ap.a),/home/jiayi/project/T5_TuyaOS-3.13.6/software/TuyaOS/vendor/T5/t5_os/ap/components/bk_libs/bk7258_ap/libs/libbluetooth_host_ble_ap.a
339,4,339,220,119,0,4,343,`157,uart_host_only.c.obj (ex /home/jiayi/project/T5_TuyaOS-3.13.6/software/TuyaOS/vendor/T5/t5_os/ap/components/bk_libs/bk7258_ap/libs/libbluetooth_host_ble_ap.a),/home/jiayi/project/T5_TuyaOS-3.13.6/software/TuyaOS/vendor/T5/t5_os/ap/components/bk_libs/bk7258_ap/libs/libbluetooth_host_ble_ap.a
238,12661,238,238,0,0,12661,12899,`3263,rwip.c.obj (ex /home/jiayi/project/T5_TuyaOS-3.13.6/software/TuyaOS/vendor/T5/t5_os/ap/components/bk_libs/bk7258_ap/libs/libbluetooth_host_ble_ap.a),/home/jiayi/project/T5_TuyaOS-3.13.6/software/TuyaOS/vendor/T5/t5_os/ap/components/bk_libs/bk7258_ap/libs/libbluetooth_host_ble_ap.a
152,28,152,152,0,0,28,180,`b4,rwip_driver.c.obj (ex /home/jiayi/project/T5_TuyaOS-3.13.6/software/TuyaOS/vendor/T5/t5_os/ap/components/bk_libs/bk7258_ap/libs/libbluetooth_host_ble_ap.a),/home/jiayi/project/T5_TuyaOS-3.13.6/software/TuyaOS/vendor/T5/t5_os/ap/components/bk_libs/bk7258_ap/libs/libbluetooth_host_ble_ap.a
2792,2308,2792,2380,412,0,2308,5100,`13ec,app_ble.c.obj (ex /home/jiayi/project/T5_TuyaOS-3.13.6/software/TuyaOS/vendor/T5/t5_os/ap/components/bk_libs/bk7258_ap/libs/libbluetooth_host_ble_ap.a),/home/jiayi/project/T5_TuyaOS-3.13.6/software/TuyaOS/vendor/T5/t5_os/ap/components/bk_libs/bk7258_ap/libs/libbluetooth_host_ble_ap.a
9643,19,9643,7198,2445,0,19,9662,`25be,app_task.c.obj (ex /home/jiayi/project/T5_TuyaOS-3.13.6/software/TuyaOS/vendor/T5/t5_os/ap/components/bk_libs/bk7258_ap/libs/libbluetooth_host_ble_ap.a),/home/jiayi/project/T5_TuyaOS-3.13.6/software/TuyaOS/vendor/T5/t5_os/ap/components/bk_libs/bk7258_ap/libs/libbluetooth_host_ble_ap.a
3378,8,3378,2954,424,0,8,3386,`d3a,gapc_task.c.obj (ex /home/jiayi/project/T5_TuyaOS-3.13.6/software/TuyaOS/vendor/T5/t5_os/ap/components/bk_libs/bk7258_ap/libs/libbluetooth_host_ble_ap.a),/home/jiayi/project/T5_TuyaOS-3.13.6/software/TuyaOS/vendor/T5/t5_os/ap/components/bk_libs/bk7258_ap/libs/libbluetooth_host_ble_ap.a
1201,0,1201,1158,43,0,0,1201,`4b1,gapm_init.c.obj (ex /home/jiayi/project/T5_TuyaOS-3.13.6/software/TuyaOS/vendor/T5/t5_os/ap/components/bk_libs/bk7258_ap/libs/libbluetooth_host_ble_ap.a),/home/jiayi/project/T5_TuyaOS-3.13.6/software/TuyaOS/vendor/T5/t5_os/ap/components/bk_libs/bk7258_ap/libs/libbluetooth_host_ble_ap.a
3103,8,3103,2736,367,0,8,3111,`c27,gattc_task.c.obj (ex /home/jiayi/project/T5_TuyaOS-3.13.6/software/TuyaOS/vendor/T5/t5_os/ap/components/bk_libs/bk7258_ap/libs/libbluetooth_host_ble_ap.a),/home/jiayi/project/T5_TuyaOS-3.13.6/software/TuyaOS/vendor/T5/t5_os/ap/components/bk_libs/bk7258_ap/libs/libbluetooth_host_ble_ap.a
1167,0,1167,1014,153,0,0,1167,`48f,gapm_addr.c.obj (ex /home/jiayi/project/T5_TuyaOS-3.13.6/software/TuyaOS/vendor/T5/t5_os/ap/components/bk_libs/bk7258_ap/libs/libbluetooth_host_ble_ap.a),/home/jiayi/project/T5_TuyaOS-3.13.6/software/TuyaOS/vendor/T5/t5_os/ap/components/bk_libs/bk7258_ap/libs/libbluetooth_host_ble_ap.a
373,23,373,262,111,0,23,396,`18c,app_ble_init.c.obj (ex /home/jiayi/project/T5_TuyaOS-3.13.6/software/TuyaOS/vendor/T5/t5_os/ap/components/bk_libs/bk7258_ap/libs/libbluetooth_host_ble_ap.a),/home/jiayi/project/T5_TuyaOS-3.13.6/software/TuyaOS/vendor/T5/t5_os/ap/components/bk_libs/bk7258_ap/libs/libbluetooth_host_ble_ap.a
500,20,500,500,0,0,20,520,`208,app_sdp.c.obj (ex /home/jiayi/project/T5_TuyaOS-3.13.6/software/TuyaOS/vendor/T5/t5_os/ap/components/bk_libs/bk7258_ap/libs/libbluetooth_host_ble_ap.a),/home/jiayi/project/T5_TuyaOS-3.13.6/software/TuyaOS/vendor/T5/t5_os/ap/components/bk_libs/bk7258_ap/libs/libbluetooth_host_ble_ap.a
706,864,706,706,0,0,864,1570,`622,prf.c.obj (ex /home/jiayi/project/T5_TuyaOS-3.13.6/software/TuyaOS/vendor/T5/t5_os/ap/components/bk_libs/bk7258_ap/libs/libbluetooth_host_ble_ap.a),/home/jiayi/project/T5_TuyaOS-3.13.6/software/TuyaOS/vendor/T5/t5_os/ap/components/bk_libs/bk7258_ap/libs/libbluetooth_host_ble_ap.a
369,0,369,276,93,0,0,369,`171,comm.c.obj (ex /home/jiayi/project/T5_TuyaOS-3.13.6/software/TuyaOS/vendor/T5/t5_os/ap/components/bk_libs/bk7258_ap/libs/libbluetooth_host_ble_ap.a),/home/jiayi/project/T5_TuyaOS-3.13.6/software/TuyaOS/vendor/T5/t5_os/ap/components/bk_libs/bk7258_ap/libs/libbluetooth_host_ble_ap.a
1094,0,1094,1030,64,0,0,1094,`446,comm_task.c.obj (ex /home/jiayi/project/T5_TuyaOS-3.13.6/software/TuyaOS/vendor/T5/t5_os/ap/components/bk_libs/bk7258_ap/libs/libbluetooth_host_ble_ap.a),/home/jiayi/project/T5_TuyaOS-3.13.6/software/TuyaOS/vendor/T5/t5_os/ap/components/bk_libs/bk7258_ap/libs/libbluetooth_host_ble_ap.a
2498,2032,2498,2150,348,0,2032,4530,`11b2,sdp_common.c.obj (ex /home/jiayi/project/T5_TuyaOS-3.13.6/software/TuyaOS/vendor/T5/t5_os/ap/components/bk_libs/bk7258_ap/libs/libbluetooth_host_ble_ap.a),/home/jiayi/project/T5_TuyaOS-3.13.6/software/TuyaOS/vendor/T5/t5_os/ap/components/bk_libs/bk7258_ap/libs/libbluetooth_host_ble_ap.a
1406,0,1406,928,478,0,0,1406,`57e,sdp_comm_task.c.obj (ex /home/jiayi/project/T5_TuyaOS-3.13.6/software/TuyaOS/vendor/T5/t5_os/ap/components/bk_libs/bk7258_ap/libs/libbluetooth_host_ble_ap.a),/home/jiayi/project/T5_TuyaOS-3.13.6/software/TuyaOS/vendor/T5/t5_os/ap/components/bk_libs/bk7258_ap/libs/libbluetooth_host_ble_ap.a
32,0,32,32,0,0,0,32,`20,ble_ui.c.obj (ex /home/jiayi/project/T5_TuyaOS-3.13.6/software/TuyaOS/vendor/T5/t5_os/ap/components/bk_libs/bk7258_ap/libs/libbluetooth_host_ble_ap.a),/home/jiayi/project/T5_TuyaOS-3.13.6/software/TuyaOS/vendor/T5/t5_os/ap/components/bk_libs/bk7258_ap/libs/libbluetooth_host_ble_ap.a
1822,32,1822,1706,116,0,32,1854,`73e,gapc.c.obj (ex /home/jiayi/project/T5_TuyaOS-3.13.6/software/TuyaOS/vendor/T5/t5_os/ap/components/bk_libs/bk7258_ap/libs/libbluetooth_host_ble_ap.a),/home/jiayi/project/T5_TuyaOS-3.13.6/software/TuyaOS/vendor/T5/t5_os/ap/components/bk_libs/bk7258_ap/libs/libbluetooth_host_ble_ap.a
13292,0,13292,11988,1304,0,0,13292,`33ec,gapc_smp.c.obj (ex /home/jiayi/project/T5_TuyaOS-3.13.6/software/TuyaOS/vendor/T5/t5_os/ap/components/bk_libs/bk7258_ap/libs/libbluetooth_host_ble_ap.a),/home/jiayi/project/T5_TuyaOS-3.13.6/software/TuyaOS/vendor/T5/t5_os/ap/components/bk_libs/bk7258_ap/libs/libbluetooth_host_ble_ap.a
2245,8,2245,2064,181,0,8,2253,`8cd,l2cc_task.c.obj (ex /home/jiayi/project/T5_TuyaOS-3.13.6/software/TuyaOS/vendor/T5/t5_os/ap/components/bk_libs/bk7258_ap/libs/libbluetooth_host_ble_ap.a),/home/jiayi/project/T5_TuyaOS-3.13.6/software/TuyaOS/vendor/T5/t5_os/ap/components/bk_libs/bk7258_ap/libs/libbluetooth_host_ble_ap.a
1504,120,1504,1212,292,0,120,1624,`658,gapm.c.obj (ex /home/jiayi/project/T5_TuyaOS-3.13.6/software/TuyaOS/vendor/T5/t5_os/ap/components/bk_libs/bk7258_ap/libs/libbluetooth_host_ble_ap.a),/home/jiayi/project/T5_TuyaOS-3.13.6/software/TuyaOS/vendor/T5/t5_os/ap/components/bk_libs/bk7258_ap/libs/libbluetooth_host_ble_ap.a
1634,0,1634,1438,196,0,0,1634,`662,gapm_actv.c.obj (ex /home/jiayi/project/T5_TuyaOS-3.13.6/software/TuyaOS/vendor/T5/t5_os/ap/components/bk_libs/bk7258_ap/libs/libbluetooth_host_ble_ap.a),/home/jiayi/project/T5_TuyaOS-3.13.6/software/TuyaOS/vendor/T5/t5_os/ap/components/bk_libs/bk7258_ap/libs/libbluetooth_host_ble_ap.a
2446,0,2446,2252,194,0,0,2446,`98e,gapm_adv.c.obj (ex /home/jiayi/project/T5_TuyaOS-3.13.6/software/TuyaOS/vendor/T5/t5_os/ap/components/bk_libs/bk7258_ap/libs/libbluetooth_host_ble_ap.a),/home/jiayi/project/T5_TuyaOS-3.13.6/software/TuyaOS/vendor/T5/t5_os/ap/components/bk_libs/bk7258_ap/libs/libbluetooth_host_ble_ap.a
1602,0,1602,1596,6,0,0,1602,`642,gapm_scan.c.obj (ex /home/jiayi/project/T5_TuyaOS-3.13.6/software/TuyaOS/vendor/T5/t5_os/ap/components/bk_libs/bk7258_ap/libs/libbluetooth_host_ble_ap.a),/home/jiayi/project/T5_TuyaOS-3.13.6/software/TuyaOS/vendor/T5/t5_os/ap/components/bk_libs/bk7258_ap/libs/libbluetooth_host_ble_ap.a
1277,0,1277,1198,79,0,0,1277,`4fd,gapm_smp.c.obj (ex /home/jiayi/project/T5_TuyaOS-3.13.6/software/TuyaOS/vendor/T5/t5_os/ap/components/bk_libs/bk7258_ap/libs/libbluetooth_host_ble_ap.a),/home/jiayi/project/T5_TuyaOS-3.13.6/software/TuyaOS/vendor/T5/t5_os/ap/components/bk_libs/bk7258_ap/libs/libbluetooth_host_ble_ap.a
1053,1,1053,242,811,0,1,1054,`41e,gapm_task.c.obj (ex /home/jiayi/project/T5_TuyaOS-3.13.6/software/TuyaOS/vendor/T5/t5_os/ap/components/bk_libs/bk7258_ap/libs/libbluetooth_host_ble_ap.a),/home/jiayi/project/T5_TuyaOS-3.13.6/software/TuyaOS/vendor/T5/t5_os/ap/components/bk_libs/bk7258_ap/libs/libbluetooth_host_ble_ap.a
1602,0,1602,1570,32,0,0,1602,`642,attm.c.obj (ex /home/jiayi/project/T5_TuyaOS-3.13.6/software/TuyaOS/vendor/T5/t5_os/ap/components/bk_libs/bk7258_ap/libs/libbluetooth_host_ble_ap.a),/home/jiayi/project/T5_TuyaOS-3.13.6/software/TuyaOS/vendor/T5/t5_os/ap/components/bk_libs/bk7258_ap/libs/libbluetooth_host_ble_ap.a
3048,0,3048,2986,62,0,0,3048,`be8,attm_db.c.obj (ex /home/jiayi/project/T5_TuyaOS-3.13.6/software/TuyaOS/vendor/T5/t5_os/ap/components/bk_libs/bk7258_ap/libs/libbluetooth_host_ble_ap.a),/home/jiayi/project/T5_TuyaOS-3.13.6/software/TuyaOS/vendor/T5/t5_os/ap/components/bk_libs/bk7258_ap/libs/libbluetooth_host_ble_ap.a
1664,32,1664,1536,128,0,32,1696,`6a0,gattc.c.obj (ex /home/jiayi/project/T5_TuyaOS-3.13.6/software/TuyaOS/vendor/T5/t5_os/ap/components/bk_libs/bk7258_ap/libs/libbluetooth_host_ble_ap.a),/home/jiayi/project/T5_TuyaOS-3.13.6/software/TuyaOS/vendor/T5/t5_os/ap/components/bk_libs/bk7258_ap/libs/libbluetooth_host_ble_ap.a
724,0,724,724,0,0,0,724,`2d4,gattc_svc.c.obj (ex /home/jiayi/project/T5_TuyaOS-3.13.6/software/TuyaOS/vendor/T5/t5_os/ap/components/bk_libs/bk7258_ap/libs/libbluetooth_host_ble_ap.a),/home/jiayi/project/T5_TuyaOS-3.13.6/software/TuyaOS/vendor/T5/t5_os/ap/components/bk_libs/bk7258_ap/libs/libbluetooth_host_ble_ap.a
322,56,322,194,128,0,56,378,`17a,gattm.c.obj (ex /home/jiayi/project/T5_TuyaOS-3.13.6/software/TuyaOS/vendor/T5/t5_os/ap/components/bk_libs/bk7258_ap/libs/libbluetooth_host_ble_ap.a),/home/jiayi/project/T5_TuyaOS-3.13.6/software/TuyaOS/vendor/T5/t5_os/ap/components/bk_libs/bk7258_ap/libs/libbluetooth_host_ble_ap.a
166,1,166,138,28,0,1,167,`a7,gattm_task.c.obj (ex /home/jiayi/project/T5_TuyaOS-3.13.6/software/TuyaOS/vendor/T5/t5_os/ap/components/bk_libs/bk7258_ap/libs/libbluetooth_host_ble_ap.a),/home/jiayi/project/T5_TuyaOS-3.13.6/software/TuyaOS/vendor/T5/t5_os/ap/components/bk_libs/bk7258_ap/libs/libbluetooth_host_ble_ap.a
234,12,234,234,0,0,12,246,`f6,l2cm.c.obj (ex /home/jiayi/project/T5_TuyaOS-3.13.6/software/TuyaOS/vendor/T5/t5_os/ap/components/bk_libs/bk7258_ap/libs/libbluetooth_host_ble_ap.a),/home/jiayi/project/T5_TuyaOS-3.13.6/software/TuyaOS/vendor/T5/t5_os/ap/components/bk_libs/bk7258_ap/libs/libbluetooth_host_ble_ap.a
96,48,96,96,0,0,48,144,`90,kernel.c.obj (ex /home/jiayi/project/T5_TuyaOS-3.13.6/software/TuyaOS/vendor/T5/t5_os/ap/components/bk_libs/bk7258_ap/libs/libbluetooth_host_ble_ap.a),/home/jiayi/project/T5_TuyaOS-3.13.6/software/TuyaOS/vendor/T5/t5_os/ap/components/bk_libs/bk7258_ap/libs/libbluetooth_host_ble_ap.a
332,36,332,248,84,0,36,368,`170,kernel_event.c.obj (ex /home/jiayi/project/T5_TuyaOS-3.13.6/software/TuyaOS/vendor/T5/t5_os/ap/components/bk_libs/bk7258_ap/libs/libbluetooth_host_ble_ap.a),/home/jiayi/project/T5_TuyaOS-3.13.6/software/TuyaOS/vendor/T5/t5_os/ap/components/bk_libs/bk7258_ap/libs/libbluetooth_host_ble_ap.a
990,0,990,904,86,0,0,990,`3de,kernel_mem.c.obj (ex /home/jiayi/project/T5_TuyaOS-3.13.6/software/TuyaOS/vendor/T5/t5_os/ap/components/bk_libs/bk7258_ap/libs/libbluetooth_host_ble_ap.a),/home/jiayi/project/T5_TuyaOS-3.13.6/software/TuyaOS/vendor/T5/t5_os/ap/components/bk_libs/bk7258_ap/libs/libbluetooth_host_ble_ap.a
870,168,870,750,120,0,168,1038,`40e,kernel_task.c.obj (ex /home/jiayi/project/T5_TuyaOS-3.13.6/software/TuyaOS/vendor/T5/t5_os/ap/components/bk_libs/bk7258_ap/libs/libbluetooth_host_ble_ap.a),/home/jiayi/project/T5_TuyaOS-3.13.6/software/TuyaOS/vendor/T5/t5_os/ap/components/bk_libs/bk7258_ap/libs/libbluetooth_host_ble_ap.a
247,0,247,230,17,0,0,247,`f7,kernel_timer.c.obj (ex /home/jiayi/project/T5_TuyaOS-3.13.6/software/TuyaOS/vendor/T5/t5_os/ap/components/bk_libs/bk7258_ap/libs/libbluetooth_host_ble_ap.a),/home/jiayi/project/T5_TuyaOS-3.13.6/software/TuyaOS/vendor/T5/t5_os/ap/components/bk_libs/bk7258_ap/libs/libbluetooth_host_ble_ap.a
288,24,288,260,28,0,24,312,`138,common_djob.c.obj (ex /home/jiayi/project/T5_TuyaOS-3.13.6/software/TuyaOS/vendor/T5/t5_os/ap/components/bk_libs/bk7258_ap/libs/libbluetooth_host_ble_ap.a),/home/jiayi/project/T5_TuyaOS-3.13.6/software/TuyaOS/vendor/T5/t5_os/ap/components/bk_libs/bk7258_ap/libs/libbluetooth_host_ble_ap.a
721,20,721,684,37,0,20,741,`2e5,common_time.c.obj (ex /home/jiayi/project/T5_TuyaOS-3.13.6/software/TuyaOS/vendor/T5/t5_os/ap/components/bk_libs/bk7258_ap/libs/libbluetooth_host_ble_ap.a),/home/jiayi/project/T5_TuyaOS-3.13.6/software/TuyaOS/vendor/T5/t5_os/ap/components/bk_libs/bk7258_ap/libs/libbluetooth_host_ble_ap.a
1283,6,1277,1218,59,6,0,1283,`503,common_utils.c.obj (ex /home/jiayi/project/T5_TuyaOS-3.13.6/software/TuyaOS/vendor/T5/t5_os/ap/components/bk_libs/bk7258_ap/libs/libbluetooth_host_ble_ap.a),/home/jiayi/project/T5_TuyaOS-3.13.6/software/TuyaOS/vendor/T5/t5_os/ap/components/bk_libs/bk7258_ap/libs/libbluetooth_host_ble_ap.a
380,12,380,380,0,0,12,392,`188,ble_aes.c.obj (ex /home/jiayi/project/T5_TuyaOS-3.13.6/software/TuyaOS/vendor/T5/t5_os/ap/components/bk_libs/bk7258_ap/libs/libbluetooth_host_ble_ap.a),/home/jiayi/project/T5_TuyaOS-3.13.6/software/TuyaOS/vendor/T5/t5_os/ap/components/bk_libs/bk7258_ap/libs/libbluetooth_host_ble_ap.a
134,0,134,134,0,0,0,134,`86,ble_aes_c1.c.obj (ex /home/jiayi/project/T5_TuyaOS-3.13.6/software/TuyaOS/vendor/T5/t5_os/ap/components/bk_libs/bk7258_ap/libs/libbluetooth_host_ble_ap.a),/home/jiayi/project/T5_TuyaOS-3.13.6/software/TuyaOS/vendor/T5/t5_os/ap/components/bk_libs/bk7258_ap/libs/libbluetooth_host_ble_ap.a
484,0,484,452,32,0,0,484,`1e4,ble_aes_cmac.c.obj (ex /home/jiayi/project/T5_TuyaOS-3.13.6/software/TuyaOS/vendor/T5/t5_os/ap/components/bk_libs/bk7258_ap/libs/libbluetooth_host_ble_ap.a),/home/jiayi/project/T5_TuyaOS-3.13.6/software/TuyaOS/vendor/T5/t5_os/ap/components/bk_libs/bk7258_ap/libs/libbluetooth_host_ble_ap.a
96,0,96,96,0,0,0,96,`60,ble_aes_f4.c.obj (ex /home/jiayi/project/T5_TuyaOS-3.13.6/software/TuyaOS/vendor/T5/t5_os/ap/components/bk_libs/bk7258_ap/libs/libbluetooth_host_ble_ap.a),/home/jiayi/project/T5_TuyaOS-3.13.6/software/TuyaOS/vendor/T5/t5_os/ap/components/bk_libs/bk7258_ap/libs/libbluetooth_host_ble_ap.a
355,0,355,334,21,0,0,355,`163,ble_aes_f5.c.obj (ex /home/jiayi/project/T5_TuyaOS-3.13.6/software/TuyaOS/vendor/T5/t5_os/ap/components/bk_libs/bk7258_ap/libs/libbluetooth_host_ble_ap.a),/home/jiayi/project/T5_TuyaOS-3.13.6/software/TuyaOS/vendor/T5/t5_os/ap/components/bk_libs/bk7258_ap/libs/libbluetooth_host_ble_ap.a
168,0,168,168,0,0,0,168,`a8,ble_aes_f6.c.obj (ex /home/jiayi/project/T5_TuyaOS-3.13.6/software/TuyaOS/vendor/T5/t5_os/ap/components/bk_libs/bk7258_ap/libs/libbluetooth_host_ble_ap.a),/home/jiayi/project/T5_TuyaOS-3.13.6/software/TuyaOS/vendor/T5/t5_os/ap/components/bk_libs/bk7258_ap/libs/libbluetooth_host_ble_ap.a
112,0,112,112,0,0,0,112,`70,ble_aes_g2.c.obj (ex /home/jiayi/project/T5_TuyaOS-3.13.6/software/TuyaOS/vendor/T5/t5_os/ap/components/bk_libs/bk7258_ap/libs/libbluetooth_host_ble_ap.a),/home/jiayi/project/T5_TuyaOS-3.13.6/software/TuyaOS/vendor/T5/t5_os/ap/components/bk_libs/bk7258_ap/libs/libbluetooth_host_ble_ap.a
248,0,248,248,0,0,0,248,`f8,ble_aes_rpa.c.obj (ex /home/jiayi/project/T5_TuyaOS-3.13.6/software/TuyaOS/vendor/T5/t5_os/ap/components/bk_libs/bk7258_ap/libs/libbluetooth_host_ble_ap.a),/home/jiayi/project/T5_TuyaOS-3.13.6/software/TuyaOS/vendor/T5/t5_os/ap/components/bk_libs/bk7258_ap/libs/libbluetooth_host_ble_ap.a
2336,0,2336,760,1576,0,0,2336,`920,hci_msg.c.obj (ex /home/jiayi/project/T5_TuyaOS-3.13.6/software/TuyaOS/vendor/T5/t5_os/ap/components/bk_libs/bk7258_ap/libs/libbluetooth_host_ble_ap.a),/home/jiayi/project/T5_TuyaOS-3.13.6/software/TuyaOS/vendor/T5/t5_os/ap/components/bk_libs/bk7258_ap/libs/libbluetooth_host_ble_ap.a
356,0,356,212,144,0,0,356,`164,app_comm.c.obj (ex /home/jiayi/project/T5_TuyaOS-3.13.6/software/TuyaOS/vendor/T5/t5_os/ap/components/bk_libs/bk7258_ap/libs/libbluetooth_host_ble_ap.a),/home/jiayi/project/T5_TuyaOS-3.13.6/software/TuyaOS/vendor/T5/t5_os/ap/components/bk_libs/bk7258_ap/libs/libbluetooth_host_ble_ap.a
2026,0,2026,1788,238,0,0,2026,`7ea,app_sec.c.obj (ex /home/jiayi/project/T5_TuyaOS-3.13.6/software/TuyaOS/vendor/T5/t5_os/ap/components/bk_libs/bk7258_ap/libs/libbluetooth_host_ble_ap.a),/home/jiayi/project/T5_TuyaOS-3.13.6/software/TuyaOS/vendor/T5/t5_os/ap/components/bk_libs/bk7258_ap/libs/libbluetooth_host_ble_ap.a
244,0,244,244,0,0,0,244,`f4,prf_utils.c.obj (ex /home/jiayi/project/T5_TuyaOS-3.13.6/software/TuyaOS/vendor/T5/t5_os/ap/components/bk_libs/bk7258_ap/libs/libbluetooth_host_ble_ap.a),/home/jiayi/project/T5_TuyaOS-3.13.6/software/TuyaOS/vendor/T5/t5_os/ap/components/bk_libs/bk7258_ap/libs/libbluetooth_host_ble_ap.a
1910,0,1910,1686,224,0,0,1910,`776,gapc_hci.c.obj (ex /home/jiayi/project/T5_TuyaOS-3.13.6/software/TuyaOS/vendor/T5/t5_os/ap/components/bk_libs/bk7258_ap/libs/libbluetooth_host_ble_ap.a),/home/jiayi/project/T5_TuyaOS-3.13.6/software/TuyaOS/vendor/T5/t5_os/ap/components/bk_libs/bk7258_ap/libs/libbluetooth_host_ble_ap.a
325,0,325,322,3,0,0,325,`145,gapc_sig.c.obj (ex /home/jiayi/project/T5_TuyaOS-3.13.6/software/TuyaOS/vendor/T5/t5_os/ap/components/bk_libs/bk7258_ap/libs/libbluetooth_host_ble_ap.a),/home/jiayi/project/T5_TuyaOS-3.13.6/software/TuyaOS/vendor/T5/t5_os/ap/components/bk_libs/bk7258_ap/libs/libbluetooth_host_ble_ap.a
1467,0,1467,1348,119,0,0,1467,`5bb,l2cc_sig.c.obj (ex /home/jiayi/project/T5_TuyaOS-3.13.6/software/TuyaOS/vendor/T5/t5_os/ap/components/bk_libs/bk7258_ap/libs/libbluetooth_host_ble_ap.a),/home/jiayi/project/T5_TuyaOS-3.13.6/software/TuyaOS/vendor/T5/t5_os/ap/components/bk_libs/bk7258_ap/libs/libbluetooth_host_ble_ap.a
3891,0,3891,3644,247,0,0,3891,`f33,gapm_cfg.c.obj (ex /home/jiayi/project/T5_TuyaOS-3.13.6/software/TuyaOS/vendor/T5/t5_os/ap/components/bk_libs/bk7258_ap/libs/libbluetooth_host_ble_ap.a),/home/jiayi/project/T5_TuyaOS-3.13.6/software/TuyaOS/vendor/T5/t5_os/ap/components/bk_libs/bk7258_ap/libs/libbluetooth_host_ble_ap.a
1065,0,1065,1006,59,0,0,1065,`429,gapm_list.c.obj (ex /home/jiayi/project/T5_TuyaOS-3.13.6/software/TuyaOS/vendor/T5/t5_os/ap/components/bk_libs/bk7258_ap/libs/libbluetooth_host_ble_ap.a),/home/jiayi/project/T5_TuyaOS-3.13.6/software/TuyaOS/vendor/T5/t5_os/ap/components/bk_libs/bk7258_ap/libs/libbluetooth_host_ble_ap.a
3016,0,3016,2854,162,0,0,3016,`bc8,attc.c.obj (ex /home/jiayi/project/T5_TuyaOS-3.13.6/software/TuyaOS/vendor/T5/t5_os/ap/components/bk_libs/bk7258_ap/libs/libbluetooth_host_ble_ap.a),/home/jiayi/project/T5_TuyaOS-3.13.6/software/TuyaOS/vendor/T5/t5_os/ap/components/bk_libs/bk7258_ap/libs/libbluetooth_host_ble_ap.a
5200,0,5200,4958,242,0,0,5200,`1450,atts.c.obj (ex /home/jiayi/project/T5_TuyaOS-3.13.6/software/TuyaOS/vendor/T5/t5_os/ap/components/bk_libs/bk7258_ap/libs/libbluetooth_host_ble_ap.a),/home/jiayi/project/T5_TuyaOS-3.13.6/software/TuyaOS/vendor/T5/t5_os/ap/components/bk_libs/bk7258_ap/libs/libbluetooth_host_ble_ap.a
1141,0,1141,1112,29,0,0,1141,`475,gattc_rc.c.obj (ex /home/jiayi/project/T5_TuyaOS-3.13.6/software/TuyaOS/vendor/T5/t5_os/ap/components/bk_libs/bk7258_ap/libs/libbluetooth_host_ble_ap.a),/home/jiayi/project/T5_TuyaOS-3.13.6/software/TuyaOS/vendor/T5/t5_os/ap/components/bk_libs/bk7258_ap/libs/libbluetooth_host_ble_ap.a
1379,0,1379,1368,11,0,0,1379,`563,gattc_sdp.c.obj (ex /home/jiayi/project/T5_TuyaOS-3.13.6/software/TuyaOS/vendor/T5/t5_os/ap/components/bk_libs/bk7258_ap/libs/libbluetooth_host_ble_ap.a),/home/jiayi/project/T5_TuyaOS-3.13.6/software/TuyaOS/vendor/T5/t5_os/ap/components/bk_libs/bk7258_ap/libs/libbluetooth_host_ble_ap.a
1535,32,1535,1430,105,0,32,1567,`61f,l2cc.c.obj (ex /home/jiayi/project/T5_TuyaOS-3.13.6/software/TuyaOS/vendor/T5/t5_os/ap/components/bk_libs/bk7258_ap/libs/libbluetooth_host_ble_ap.a),/home/jiayi/project/T5_TuyaOS-3.13.6/software/TuyaOS/vendor/T5/t5_os/ap/components/bk_libs/bk7258_ap/libs/libbluetooth_host_ble_ap.a
626,0,626,626,0,0,0,626,`272,l2cc_lecb.c.obj (ex /home/jiayi/project/T5_TuyaOS-3.13.6/software/TuyaOS/vendor/T5/t5_os/ap/components/bk_libs/bk7258_ap/libs/libbluetooth_host_ble_ap.a),/home/jiayi/project/T5_TuyaOS-3.13.6/software/TuyaOS/vendor/T5/t5_os/ap/components/bk_libs/bk7258_ap/libs/libbluetooth_host_ble_ap.a
2709,0,2709,2364,345,0,0,2709,`a95,l2cc_pdu.c.obj (ex /home/jiayi/project/T5_TuyaOS-3.13.6/software/TuyaOS/vendor/T5/t5_os/ap/components/bk_libs/bk7258_ap/libs/libbluetooth_host_ble_ap.a),/home/jiayi/project/T5_TuyaOS-3.13.6/software/TuyaOS/vendor/T5/t5_os/ap/components/bk_libs/bk7258_ap/libs/libbluetooth_host_ble_ap.a
58,0,58,58,0,0,0,58,`3a,kernel_queue.c.obj (ex /home/jiayi/project/T5_TuyaOS-3.13.6/software/TuyaOS/vendor/T5/t5_os/ap/components/bk_libs/bk7258_ap/libs/libbluetooth_host_ble_ap.a),/home/jiayi/project/T5_TuyaOS-3.13.6/software/TuyaOS/vendor/T5/t5_os/ap/components/bk_libs/bk7258_ap/libs/libbluetooth_host_ble_ap.a
104832,18723,104822,91400,13422,10,18713,123545,`1e299,/home/jiayi/project/T5_TuyaOS-3.13.6/software/TuyaOS/vendor/T5/t5_os/ap/components/bk_libs/bk7258_ap/libs/libbluetooth_host_ble_ap.a,/home/jiayi/project/T5_TuyaOS-3.13.6/software/TuyaOS/vendor/T5/t5_os/ap/components/bk_libs/bk7258_ap/libs/libbluetooth_host_ble_ap.a
20,4,20,20,0,0,4,24,`18,audio_osi.c.obj (ex /home/jiayi/project/T5_TuyaOS-3.13.6/software/TuyaOS/vendor/T5/t5_os/ap/components/bk_libs/bk7258_ap/libs/libaudio_osi.a),/home/jiayi/project/T5_TuyaOS-3.13.6/software/TuyaOS/vendor/T5/t5_os/ap/components/bk_libs/bk7258_ap/libs/libaudio_osi.a
20,4,20,20,0,0,4,24,`18,/home/jiayi/project/T5_TuyaOS-3.13.6/software/TuyaOS/vendor/T5/t5_os/ap/components/bk_libs/bk7258_ap/libs/libaudio_osi.a,/home/jiayi/project/T5_TuyaOS-3.13.6/software/TuyaOS/vendor/T5/t5_os/ap/components/bk_libs/bk7258_ap/libs/libaudio_osi.a
32,4,32,32,0,0,4,36,`24,video_osi.c.obj (ex /home/jiayi/project/T5_TuyaOS-3.13.6/software/TuyaOS/vendor/T5/t5_os/ap/components/bk_libs/bk7258_ap/libs/libvideo_osi.a),/home/jiayi/project/T5_TuyaOS-3.13.6/software/TuyaOS/vendor/T5/t5_os/ap/components/bk_libs/bk7258_ap/libs/libvideo_osi.a
32,4,32,32,0,0,4,36,`24,/home/jiayi/project/T5_TuyaOS-3.13.6/software/TuyaOS/vendor/T5/t5_os/ap/components/bk_libs/bk7258_ap/libs/libvideo_osi.a,/home/jiayi/project/T5_TuyaOS-3.13.6/software/TuyaOS/vendor/T5/t5_os/ap/components/bk_libs/bk7258_ap/libs/libvideo_osi.a
400,0,400,400,0,0,0,400,`190,lib_a-s_cbrt.o (ex /home/jiayi/project/T5_TuyaOS-3.13.6/software/TuyaOS/vendor/T5/toolchain/gcc-arm-none-eabi-10.3-2021.10/bin/../lib/gcc/arm-none-eabi/10.3.1/../../../../arm-none-eabi/lib/thumb/v8-m.main+fp/hard/libm.a),/home/jiayi/project/T5_TuyaOS-3.13.6/software/TuyaOS/vendor/T5/toolchain/gcc-arm-none-eabi-10.3-2021.10/bin/../lib/gcc/arm-none-eabi/10.3.1/../../../../arm-none-eabi/lib/thumb/v8-m.main+fp/hard/libm.a
168,0,168,168,0,0,0,168,`a8,lib_a-s_cos.o (ex /home/jiayi/project/T5_TuyaOS-3.13.6/software/TuyaOS/vendor/T5/toolchain/gcc-arm-none-eabi-10.3-2021.10/bin/../lib/gcc/arm-none-eabi/10.3.1/../../../../arm-none-eabi/lib/thumb/v8-m.main+fp/hard/libm.a),/home/jiayi/project/T5_TuyaOS-3.13.6/software/TuyaOS/vendor/T5/toolchain/gcc-arm-none-eabi-10.3-2021.10/bin/../lib/gcc/arm-none-eabi/10.3.1/../../../../arm-none-eabi/lib/thumb/v8-m.main+fp/hard/libm.a
264,0,264,264,0,0,0,264,`108,lib_a-s_floor.o (ex /home/jiayi/project/T5_TuyaOS-3.13.6/software/TuyaOS/vendor/T5/toolchain/gcc-arm-none-eabi-10.3-2021.10/bin/../lib/gcc/arm-none-eabi/10.3.1/../../../../arm-none-eabi/lib/thumb/v8-m.main+fp/hard/libm.a),/home/jiayi/project/T5_TuyaOS-3.13.6/software/TuyaOS/vendor/T5/toolchain/gcc-arm-none-eabi-10.3-2021.10/bin/../lib/gcc/arm-none-eabi/10.3.1/../../../../arm-none-eabi/lib/thumb/v8-m.main+fp/hard/libm.a
168,0,168,168,0,0,0,168,`a8,lib_a-s_sin.o (ex /home/jiayi/project/T5_TuyaOS-3.13.6/software/TuyaOS/vendor/T5/toolchain/gcc-arm-none-eabi-10.3-2021.10/bin/../lib/gcc/arm-none-eabi/10.3.1/../../../../arm-none-eabi/lib/thumb/v8-m.main+fp/hard/libm.a),/home/jiayi/project/T5_TuyaOS-3.13.6/software/TuyaOS/vendor/T5/toolchain/gcc-arm-none-eabi-10.3-2021.10/bin/../lib/gcc/arm-none-eabi/10.3.1/../../../../arm-none-eabi/lib/thumb/v8-m.main+fp/hard/libm.a
84,0,84,84,0,0,0,84,`54,lib_a-sf_tan.o (ex /home/jiayi/project/T5_TuyaOS-3.13.6/software/TuyaOS/vendor/T5/toolchain/gcc-arm-none-eabi-10.3-2021.10/bin/../lib/gcc/arm-none-eabi/10.3.1/../../../../arm-none-eabi/lib/thumb/v8-m.main+fp/hard/libm.a),/home/jiayi/project/T5_TuyaOS-3.13.6/software/TuyaOS/vendor/T5/toolchain/gcc-arm-none-eabi-10.3-2021.10/bin/../lib/gcc/arm-none-eabi/10.3.1/../../../../arm-none-eabi/lib/thumb/v8-m.main+fp/hard/libm.a
160,0,160,160,0,0,0,160,`a0,lib_a-w_exp.o (ex /home/jiayi/project/T5_TuyaOS-3.13.6/software/TuyaOS/vendor/T5/toolchain/gcc-arm-none-eabi-10.3-2021.10/bin/../lib/gcc/arm-none-eabi/10.3.1/../../../../arm-none-eabi/lib/thumb/v8-m.main+fp/hard/libm.a),/home/jiayi/project/T5_TuyaOS-3.13.6/software/TuyaOS/vendor/T5/toolchain/gcc-arm-none-eabi-10.3-2021.10/bin/../lib/gcc/arm-none-eabi/10.3.1/../../../../arm-none-eabi/lib/thumb/v8-m.main+fp/hard/libm.a
133,0,133,132,1,0,0,133,`85,lib_a-w_log.o (ex /home/jiayi/project/T5_TuyaOS-3.13.6/software/TuyaOS/vendor/T5/toolchain/gcc-arm-none-eabi-10.3-2021.10/bin/../lib/gcc/arm-none-eabi/10.3.1/../../../../arm-none-eabi/lib/thumb/v8-m.main+fp/hard/libm.a),/home/jiayi/project/T5_TuyaOS-3.13.6/software/TuyaOS/vendor/T5/toolchain/gcc-arm-none-eabi-10.3-2021.10/bin/../lib/gcc/arm-none-eabi/10.3.1/../../../../arm-none-eabi/lib/thumb/v8-m.main+fp/hard/libm.a
240,0,240,240,0,0,0,240,`f0,lib_a-w_pow.o (ex /home/jiayi/project/T5_TuyaOS-3.13.6/software/TuyaOS/vendor/T5/toolchain/gcc-arm-none-eabi-10.3-2021.10/bin/../lib/gcc/arm-none-eabi/10.3.1/../../../../arm-none-eabi/lib/thumb/v8-m.main+fp/hard/libm.a),/home/jiayi/project/T5_TuyaOS-3.13.6/software/TuyaOS/vendor/T5/toolchain/gcc-arm-none-eabi-10.3-2021.10/bin/../lib/gcc/arm-none-eabi/10.3.1/../../../../arm-none-eabi/lib/thumb/v8-m.main+fp/hard/libm.a
104,0,104,104,0,0,0,104,`68,lib_a-w_sqrt.o (ex /home/jiayi/project/T5_TuyaOS-3.13.6/software/TuyaOS/vendor/T5/toolchain/gcc-arm-none-eabi-10.3-2021.10/bin/../lib/gcc/arm-none-eabi/10.3.1/../../../../arm-none-eabi/lib/thumb/v8-m.main+fp/hard/libm.a),/home/jiayi/project/T5_TuyaOS-3.13.6/software/TuyaOS/vendor/T5/toolchain/gcc-arm-none-eabi-10.3-2021.10/bin/../lib/gcc/arm-none-eabi/10.3.1/../../../../arm-none-eabi/lib/thumb/v8-m.main+fp/hard/libm.a
97,0,97,96,1,0,0,97,`61,lib_a-wf_log10.o (ex /home/jiayi/project/T5_TuyaOS-3.13.6/software/TuyaOS/vendor/T5/toolchain/gcc-arm-none-eabi-10.3-2021.10/bin/../lib/gcc/arm-none-eabi/10.3.1/../../../../arm-none-eabi/lib/thumb/v8-m.main+fp/hard/libm.a),/home/jiayi/project/T5_TuyaOS-3.13.6/software/TuyaOS/vendor/T5/toolchain/gcc-arm-none-eabi-10.3-2021.10/bin/../lib/gcc/arm-none-eabi/10.3.1/../../../../arm-none-eabi/lib/thumb/v8-m.main+fp/hard/libm.a
188,0,188,188,0,0,0,188,`bc,lib_a-wf_pow.o (ex /home/jiayi/project/T5_TuyaOS-3.13.6/software/TuyaOS/vendor/T5/toolchain/gcc-arm-none-eabi-10.3-2021.10/bin/../lib/gcc/arm-none-eabi/10.3.1/../../../../arm-none-eabi/lib/thumb/v8-m.main+fp/hard/libm.a),/home/jiayi/project/T5_TuyaOS-3.13.6/software/TuyaOS/vendor/T5/toolchain/gcc-arm-none-eabi-10.3-2021.10/bin/../lib/gcc/arm-none-eabi/10.3.1/../../../../arm-none-eabi/lib/thumb/v8-m.main+fp/hard/libm.a
68,0,68,68,0,0,0,68,`44,lib_a-wf_sqrt.o (ex /home/jiayi/project/T5_TuyaOS-3.13.6/software/TuyaOS/vendor/T5/toolchain/gcc-arm-none-eabi-10.3-2021.10/bin/../lib/gcc/arm-none-eabi/10.3.1/../../../../arm-none-eabi/lib/thumb/v8-m.main+fp/hard/libm.a),/home/jiayi/project/T5_TuyaOS-3.13.6/software/TuyaOS/vendor/T5/toolchain/gcc-arm-none-eabi-10.3-2021.10/bin/../lib/gcc/arm-none-eabi/10.3.1/../../../../arm-none-eabi/lib/thumb/v8-m.main+fp/hard/libm.a
1032,0,1032,984,48,0,0,1032,`408,lib_a-e_exp.o (ex /home/jiayi/project/T5_TuyaOS-3.13.6/software/TuyaOS/vendor/T5/toolchain/gcc-arm-none-eabi-10.3-2021.10/bin/../lib/gcc/arm-none-eabi/10.3.1/../../../../arm-none-eabi/lib/thumb/v8-m.main+fp/hard/libm.a),/home/jiayi/project/T5_TuyaOS-3.13.6/software/TuyaOS/vendor/T5/toolchain/gcc-arm-none-eabi-10.3-2021.10/bin/../lib/gcc/arm-none-eabi/10.3.1/../../../../arm-none-eabi/lib/thumb/v8-m.main+fp/hard/libm.a
1072,0,1072,1072,0,0,0,1072,`430,lib_a-e_log.o (ex /home/jiayi/project/T5_TuyaOS-3.13.6/software/TuyaOS/vendor/T5/toolchain/gcc-arm-none-eabi-10.3-2021.10/bin/../lib/gcc/arm-none-eabi/10.3.1/../../../../arm-none-eabi/lib/thumb/v8-m.main+fp/hard/libm.a),/home/jiayi/project/T5_TuyaOS-3.13.6/software/TuyaOS/vendor/T5/toolchain/gcc-arm-none-eabi-10.3-2021.10/bin/../lib/gcc/arm-none-eabi/10.3.1/../../../../arm-none-eabi/lib/thumb/v8-m.main+fp/hard/libm.a
2892,0,2892,2892,0,0,0,2892,`b4c,lib_a-e_pow.o (ex /home/jiayi/project/T5_TuyaOS-3.13.6/software/TuyaOS/vendor/T5/toolchain/gcc-arm-none-eabi-10.3-2021.10/bin/../lib/gcc/arm-none-eabi/10.3.1/../../../../arm-none-eabi/lib/thumb/v8-m.main+fp/hard/libm.a),/home/jiayi/project/T5_TuyaOS-3.13.6/software/TuyaOS/vendor/T5/toolchain/gcc-arm-none-eabi-10.3-2021.10/bin/../lib/gcc/arm-none-eabi/10.3.1/../../../../arm-none-eabi/lib/thumb/v8-m.main+fp/hard/libm.a
1492,0,1492,1100,392,0,0,1492,`5d4,lib_a-e_rem_pio2.o (ex /home/jiayi/project/T5_TuyaOS-3.13.6/software/TuyaOS/vendor/T5/toolchain/gcc-arm-none-eabi-10.3-2021.10/bin/../lib/gcc/arm-none-eabi/10.3.1/../../../../arm-none-eabi/lib/thumb/v8-m.main+fp/hard/libm.a),/home/jiayi/project/T5_TuyaOS-3.13.6/software/TuyaOS/vendor/T5/toolchain/gcc-arm-none-eabi-10.3-2021.10/bin/../lib/gcc/arm-none-eabi/10.3.1/../../../../arm-none-eabi/lib/thumb/v8-m.main+fp/hard/libm.a
388,0,388,388,0,0,0,388,`184,lib_a-e_sqrt.o (ex /home/jiayi/project/T5_TuyaOS-3.13.6/software/TuyaOS/vendor/T5/toolchain/gcc-arm-none-eabi-10.3-2021.10/bin/../lib/gcc/arm-none-eabi/10.3.1/../../../../arm-none-eabi/lib/thumb/v8-m.main+fp/hard/libm.a),/home/jiayi/project/T5_TuyaOS-3.13.6/software/TuyaOS/vendor/T5/toolchain/gcc-arm-none-eabi-10.3-2021.10/bin/../lib/gcc/arm-none-eabi/10.3.1/../../../../arm-none-eabi/lib/thumb/v8-m.main+fp/hard/libm.a
512,0,512,512,0,0,0,512,`200,lib_a-ef_log.o (ex /home/jiayi/project/T5_TuyaOS-3.13.6/software/TuyaOS/vendor/T5/toolchain/gcc-arm-none-eabi-10.3-2021.10/bin/../lib/gcc/arm-none-eabi/10.3.1/../../../../arm-none-eabi/lib/thumb/v8-m.main+fp/hard/libm.a),/home/jiayi/project/T5_TuyaOS-3.13.6/software/TuyaOS/vendor/T5/toolchain/gcc-arm-none-eabi-10.3-2021.10/bin/../lib/gcc/arm-none-eabi/10.3.1/../../../../arm-none-eabi/lib/thumb/v8-m.main+fp/hard/libm.a
192,0,192,192,0,0,0,192,`c0,lib_a-ef_log10.o (ex /home/jiayi/project/T5_TuyaOS-3.13.6/software/TuyaOS/vendor/T5/toolchain/gcc-arm-none-eabi-10.3-2021.10/bin/../lib/gcc/arm-none-eabi/10.3.1/../../../../arm-none-eabi/lib/thumb/v8-m.main+fp/hard/libm.a),/home/jiayi/project/T5_TuyaOS-3.13.6/software/TuyaOS/vendor/T5/toolchain/gcc-arm-none-eabi-10.3-2021.10/bin/../lib/gcc/arm-none-eabi/10.3.1/../../../../arm-none-eabi/lib/thumb/v8-m.main+fp/hard/libm.a
1556,0,1556,1556,0,0,0,1556,`614,lib_a-ef_pow.o (ex /home/jiayi/project/T5_TuyaOS-3.13.6/software/TuyaOS/vendor/T5/toolchain/gcc-arm-none-eabi-10.3-2021.10/bin/../lib/gcc/arm-none-eabi/10.3.1/../../../../arm-none-eabi/lib/thumb/v8-m.main+fp/hard/libm.a),/home/jiayi/project/T5_TuyaOS-3.13.6/software/TuyaOS/vendor/T5/toolchain/gcc-arm-none-eabi-10.3-2021.10/bin/../lib/gcc/arm-none-eabi/10.3.1/../../../../arm-none-eabi/lib/thumb/v8-m.main+fp/hard/libm.a
1540,0,1540,620,920,0,0,1540,`604,lib_a-ef_rem_pio2.o (ex /home/jiayi/project/T5_TuyaOS-3.13.6/software/TuyaOS/vendor/T5/toolchain/gcc-arm-none-eabi-10.3-2021.10/bin/../lib/gcc/arm-none-eabi/10.3.1/../../../../arm-none-eabi/lib/thumb/v8-m.main+fp/hard/libm.a),/home/jiayi/project/T5_TuyaOS-3.13.6/software/TuyaOS/vendor/T5/toolchain/gcc-arm-none-eabi-10.3-2021.10/bin/../lib/gcc/arm-none-eabi/10.3.1/../../../../arm-none-eabi/lib/thumb/v8-m.main+fp/hard/libm.a
8,0,8,8,0,0,0,8,`8,lib_a-ef_sqrt.o (ex /home/jiayi/project/T5_TuyaOS-3.13.6/software/TuyaOS/vendor/T5/toolchain/gcc-arm-none-eabi-10.3-2021.10/bin/../lib/gcc/arm-none-eabi/10.3.1/../../../../arm-none-eabi/lib/thumb/v8-m.main+fp/hard/libm.a),/home/jiayi/project/T5_TuyaOS-3.13.6/software/TuyaOS/vendor/T5/toolchain/gcc-arm-none-eabi-10.3-2021.10/bin/../lib/gcc/arm-none-eabi/10.3.1/../../../../arm-none-eabi/lib/thumb/v8-m.main+fp/hard/libm.a
636,0,636,636,0,0,0,636,`27c,lib_a-k_cos.o (ex /home/jiayi/project/T5_TuyaOS-3.13.6/software/TuyaOS/vendor/T5/toolchain/gcc-arm-none-eabi-10.3-2021.10/bin/../lib/gcc/arm-none-eabi/10.3.1/../../../../arm-none-eabi/lib/thumb/v8-m.main+fp/hard/libm.a),/home/jiayi/project/T5_TuyaOS-3.13.6/software/TuyaOS/vendor/T5/toolchain/gcc-arm-none-eabi-10.3-2021.10/bin/../lib/gcc/arm-none-eabi/10.3.1/../../../../arm-none-eabi/lib/thumb/v8-m.main+fp/hard/libm.a
2196,0,2196,2116,80,0,0,2196,`894,lib_a-k_rem_pio2.o (ex /home/jiayi/project/T5_TuyaOS-3.13.6/software/TuyaOS/vendor/T5/toolchain/gcc-arm-none-eabi-10.3-2021.10/bin/../lib/gcc/arm-none-eabi/10.3.1/../../../../arm-none-eabi/lib/thumb/v8-m.main+fp/hard/libm.a),/home/jiayi/project/T5_TuyaOS-3.13.6/software/TuyaOS/vendor/T5/toolchain/gcc-arm-none-eabi-10.3-2021.10/bin/../lib/gcc/arm-none-eabi/10.3.1/../../../../arm-none-eabi/lib/thumb/v8-m.main+fp/hard/libm.a
396,0,396,396,0,0,0,396,`18c,lib_a-k_sin.o (ex /home/jiayi/project/T5_TuyaOS-3.13.6/software/TuyaOS/vendor/T5/toolchain/gcc-arm-none-eabi-10.3-2021.10/bin/../lib/gcc/arm-none-eabi/10.3.1/../../../../arm-none-eabi/lib/thumb/v8-m.main+fp/hard/libm.a),/home/jiayi/project/T5_TuyaOS-3.13.6/software/TuyaOS/vendor/T5/toolchain/gcc-arm-none-eabi-10.3-2021.10/bin/../lib/gcc/arm-none-eabi/10.3.1/../../../../arm-none-eabi/lib/thumb/v8-m.main+fp/hard/libm.a
1716,0,1716,1660,56,0,0,1716,`6b4,lib_a-kf_rem_pio2.o (ex /home/jiayi/project/T5_TuyaOS-3.13.6/software/TuyaOS/vendor/T5/toolchain/gcc-arm-none-eabi-10.3-2021.10/bin/../lib/gcc/arm-none-eabi/10.3.1/../../../../arm-none-eabi/lib/thumb/v8-m.main+fp/hard/libm.a),/home/jiayi/project/T5_TuyaOS-3.13.6/software/TuyaOS/vendor/T5/toolchain/gcc-arm-none-eabi-10.3-2021.10/bin/../lib/gcc/arm-none-eabi/10.3.1/../../../../arm-none-eabi/lib/thumb/v8-m.main+fp/hard/libm.a
448,0,448,448,0,0,0,448,`1c0,lib_a-kf_tan.o (ex /home/jiayi/project/T5_TuyaOS-3.13.6/software/TuyaOS/vendor/T5/toolchain/gcc-arm-none-eabi-10.3-2021.10/bin/../lib/gcc/arm-none-eabi/10.3.1/../../../../arm-none-eabi/lib/thumb/v8-m.main+fp/hard/libm.a),/home/jiayi/project/T5_TuyaOS-3.13.6/software/TuyaOS/vendor/T5/toolchain/gcc-arm-none-eabi-10.3-2021.10/bin/../lib/gcc/arm-none-eabi/10.3.1/../../../../arm-none-eabi/lib/thumb/v8-m.main+fp/hard/libm.a
112,0,112,112,0,0,0,112,`70,lib_a-math_err.o (ex /home/jiayi/project/T5_TuyaOS-3.13.6/software/TuyaOS/vendor/T5/toolchain/gcc-arm-none-eabi-10.3-2021.10/bin/../lib/gcc/arm-none-eabi/10.3.1/../../../../arm-none-eabi/lib/thumb/v8-m.main+fp/hard/libm.a),/home/jiayi/project/T5_TuyaOS-3.13.6/software/TuyaOS/vendor/T5/toolchain/gcc-arm-none-eabi-10.3-2021.10/bin/../lib/gcc/arm-none-eabi/10.3.1/../../../../arm-none-eabi/lib/thumb/v8-m.main+fp/hard/libm.a
80,0,80,80,0,0,0,80,`50,lib_a-math_errf.o (ex /home/jiayi/project/T5_TuyaOS-3.13.6/software/TuyaOS/vendor/T5/toolchain/gcc-arm-none-eabi-10.3-2021.10/bin/../lib/gcc/arm-none-eabi/10.3.1/../../../../arm-none-eabi/lib/thumb/v8-m.main+fp/hard/libm.a),/home/jiayi/project/T5_TuyaOS-3.13.6/software/TuyaOS/vendor/T5/toolchain/gcc-arm-none-eabi-10.3-2021.10/bin/../lib/gcc/arm-none-eabi/10.3.1/../../../../arm-none-eabi/lib/thumb/v8-m.main+fp/hard/libm.a
20,0,20,20,0,0,0,20,`14,lib_a-s_fabs.o (ex /home/jiayi/project/T5_TuyaOS-3.13.6/software/TuyaOS/vendor/T5/toolchain/gcc-arm-none-eabi-10.3-2021.10/bin/../lib/gcc/arm-none-eabi/10.3.1/../../../../arm-none-eabi/lib/thumb/v8-m.main+fp/hard/libm.a),/home/jiayi/project/T5_TuyaOS-3.13.6/software/TuyaOS/vendor/T5/toolchain/gcc-arm-none-eabi-10.3-2021.10/bin/../lib/gcc/arm-none-eabi/10.3.1/../../../../arm-none-eabi/lib/thumb/v8-m.main+fp/hard/libm.a
28,0,28,28,0,0,0,28,`1c,lib_a-s_finite.o (ex /home/jiayi/project/T5_TuyaOS-3.13.6/software/TuyaOS/vendor/T5/toolchain/gcc-arm-none-eabi-10.3-2021.10/bin/../lib/gcc/arm-none-eabi/10.3.1/../../../../arm-none-eabi/lib/thumb/v8-m.main+fp/hard/libm.a),/home/jiayi/project/T5_TuyaOS-3.13.6/software/TuyaOS/vendor/T5/toolchain/gcc-arm-none-eabi-10.3-2021.10/bin/../lib/gcc/arm-none-eabi/10.3.1/../../../../arm-none-eabi/lib/thumb/v8-m.main+fp/hard/libm.a
16,0,16,16,0,0,0,16,`10,lib_a-s_nan.o (ex /home/jiayi/project/T5_TuyaOS-3.13.6/software/TuyaOS/vendor/T5/toolchain/gcc-arm-none-eabi-10.3-2021.10/bin/../lib/gcc/arm-none-eabi/10.3.1/../../../../arm-none-eabi/lib/thumb/v8-m.main+fp/hard/libm.a),/home/jiayi/project/T5_TuyaOS-3.13.6/software/TuyaOS/vendor/T5/toolchain/gcc-arm-none-eabi-10.3-2021.10/bin/../lib/gcc/arm-none-eabi/10.3.1/../../../../arm-none-eabi/lib/thumb/v8-m.main+fp/hard/libm.a
296,0,296,296,0,0,0,296,`128,lib_a-s_scalbn.o (ex /home/jiayi/project/T5_TuyaOS-3.13.6/software/TuyaOS/vendor/T5/toolchain/gcc-arm-none-eabi-10.3-2021.10/bin/../lib/gcc/arm-none-eabi/10.3.1/../../../../arm-none-eabi/lib/thumb/v8-m.main+fp/hard/libm.a),/home/jiayi/project/T5_TuyaOS-3.13.6/software/TuyaOS/vendor/T5/toolchain/gcc-arm-none-eabi-10.3-2021.10/bin/../lib/gcc/arm-none-eabi/10.3.1/../../../../arm-none-eabi/lib/thumb/v8-m.main+fp/hard/libm.a
16,0,16,16,0,0,0,16,`10,lib_a-sf_fabs.o (ex /home/jiayi/project/T5_TuyaOS-3.13.6/software/TuyaOS/vendor/T5/toolchain/gcc-arm-none-eabi-10.3-2021.10/bin/../lib/gcc/arm-none-eabi/10.3.1/../../../../arm-none-eabi/lib/thumb/v8-m.main+fp/hard/libm.a),/home/jiayi/project/T5_TuyaOS-3.13.6/software/TuyaOS/vendor/T5/toolchain/gcc-arm-none-eabi-10.3-2021.10/bin/../lib/gcc/arm-none-eabi/10.3.1/../../../../arm-none-eabi/lib/thumb/v8-m.main+fp/hard/libm.a
28,0,28,28,0,0,0,28,`1c,lib_a-sf_finite.o (ex /home/jiayi/project/T5_TuyaOS-3.13.6/software/TuyaOS/vendor/T5/toolchain/gcc-arm-none-eabi-10.3-2021.10/bin/../lib/gcc/arm-none-eabi/10.3.1/../../../../arm-none-eabi/lib/thumb/v8-m.main+fp/hard/libm.a),/home/jiayi/project/T5_TuyaOS-3.13.6/software/TuyaOS/vendor/T5/toolchain/gcc-arm-none-eabi-10.3-2021.10/bin/../lib/gcc/arm-none-eabi/10.3.1/../../../../arm-none-eabi/lib/thumb/v8-m.main+fp/hard/libm.a
8,0,8,8,0,0,0,8,`8,lib_a-sf_floor.o (ex /home/jiayi/project/T5_TuyaOS-3.13.6/software/TuyaOS/vendor/T5/toolchain/gcc-arm-none-eabi-10.3-2021.10/bin/../lib/gcc/arm-none-eabi/10.3.1/../../../../arm-none-eabi/lib/thumb/v8-m.main+fp/hard/libm.a),/home/jiayi/project/T5_TuyaOS-3.13.6/software/TuyaOS/vendor/T5/toolchain/gcc-arm-none-eabi-10.3-2021.10/bin/../lib/gcc/arm-none-eabi/10.3.1/../../../../arm-none-eabi/lib/thumb/v8-m.main+fp/hard/libm.a
12,0,12,12,0,0,0,12,`c,lib_a-sf_nan.o (ex /home/jiayi/project/T5_TuyaOS-3.13.6/software/TuyaOS/vendor/T5/toolchain/gcc-arm-none-eabi-10.3-2021.10/bin/../lib/gcc/arm-none-eabi/10.3.1/../../../../arm-none-eabi/lib/thumb/v8-m.main+fp/hard/libm.a),/home/jiayi/project/T5_TuyaOS-3.13.6/software/TuyaOS/vendor/T5/toolchain/gcc-arm-none-eabi-10.3-2021.10/bin/../lib/gcc/arm-none-eabi/10.3.1/../../../../arm-none-eabi/lib/thumb/v8-m.main+fp/hard/libm.a
224,0,224,224,0,0,0,224,`e0,lib_a-sf_scalbn.o (ex /home/jiayi/project/T5_TuyaOS-3.13.6/software/TuyaOS/vendor/T5/toolchain/gcc-arm-none-eabi-10.3-2021.10/bin/../lib/gcc/arm-none-eabi/10.3.1/../../../../arm-none-eabi/lib/thumb/v8-m.main+fp/hard/libm.a),/home/jiayi/project/T5_TuyaOS-3.13.6/software/TuyaOS/vendor/T5/toolchain/gcc-arm-none-eabi-10.3-2021.10/bin/../lib/gcc/arm-none-eabi/10.3.1/../../../../arm-none-eabi/lib/thumb/v8-m.main+fp/hard/libm.a
18990,0,18990,17492,1498,0,0,18990,`4a2e,/home/jiayi/project/T5_TuyaOS-3.13.6/software/TuyaOS/vendor/T5/toolchain/gcc-arm-none-eabi-10.3-2021.10/bin/../lib/gcc/arm-none-eabi/10.3.1/../../../../arm-none-eabi/lib/thumb/v8-m.main+fp/hard/libm.a,/home/jiayi/project/T5_TuyaOS-3.13.6/software/TuyaOS/vendor/T5/toolchain/gcc-arm-none-eabi-10.3-2021.10/bin/../lib/gcc/arm-none-eabi/10.3.1/../../../../arm-none-eabi/lib/thumb/v8-m.main+fp/hard/libm.a
16,0,16,16,0,0,0,16,`10,close.o (ex /home/jiayi/project/T5_TuyaOS-3.13.6/software/TuyaOS/vendor/T5/toolchain/gcc-arm-none-eabi-10.3-2021.10/bin/../lib/gcc/arm-none-eabi/10.3.1/../../../../arm-none-eabi/lib/thumb/v8-m.main+fp/hard/libnosys.a),/home/jiayi/project/T5_TuyaOS-3.13.6/software/TuyaOS/vendor/T5/toolchain/gcc-arm-none-eabi-10.3-2021.10/bin/../lib/gcc/arm-none-eabi/10.3.1/../../../../arm-none-eabi/lib/thumb/v8-m.main+fp/hard/libnosys.a
16,0,16,16,0,0,0,16,`10,fstat.o (ex /home/jiayi/project/T5_TuyaOS-3.13.6/software/TuyaOS/vendor/T5/toolchain/gcc-arm-none-eabi-10.3-2021.10/bin/../lib/gcc/arm-none-eabi/10.3.1/../../../../arm-none-eabi/lib/thumb/v8-m.main+fp/hard/libnosys.a),/home/jiayi/project/T5_TuyaOS-3.13.6/software/TuyaOS/vendor/T5/toolchain/gcc-arm-none-eabi-10.3-2021.10/bin/../lib/gcc/arm-none-eabi/10.3.1/../../../../arm-none-eabi/lib/thumb/v8-m.main+fp/hard/libnosys.a
16,0,16,16,0,0,0,16,`10,getpid.o (ex /home/jiayi/project/T5_TuyaOS-3.13.6/software/TuyaOS/vendor/T5/toolchain/gcc-arm-none-eabi-10.3-2021.10/bin/../lib/gcc/arm-none-eabi/10.3.1/../../../../arm-none-eabi/lib/thumb/v8-m.main+fp/hard/libnosys.a),/home/jiayi/project/T5_TuyaOS-3.13.6/software/TuyaOS/vendor/T5/toolchain/gcc-arm-none-eabi-10.3-2021.10/bin/../lib/gcc/arm-none-eabi/10.3.1/../../../../arm-none-eabi/lib/thumb/v8-m.main+fp/hard/libnosys.a
16,0,16,16,0,0,0,16,`10,gettod.o (ex /home/jiayi/project/T5_TuyaOS-3.13.6/software/TuyaOS/vendor/T5/toolchain/gcc-arm-none-eabi-10.3-2021.10/bin/../lib/gcc/arm-none-eabi/10.3.1/../../../../arm-none-eabi/lib/thumb/v8-m.main+fp/hard/libnosys.a),/home/jiayi/project/T5_TuyaOS-3.13.6/software/TuyaOS/vendor/T5/toolchain/gcc-arm-none-eabi-10.3-2021.10/bin/../lib/gcc/arm-none-eabi/10.3.1/../../../../arm-none-eabi/lib/thumb/v8-m.main+fp/hard/libnosys.a
16,0,16,16,0,0,0,16,`10,isatty.o (ex /home/jiayi/project/T5_TuyaOS-3.13.6/software/TuyaOS/vendor/T5/toolchain/gcc-arm-none-eabi-10.3-2021.10/bin/../lib/gcc/arm-none-eabi/10.3.1/../../../../arm-none-eabi/lib/thumb/v8-m.main+fp/hard/libnosys.a),/home/jiayi/project/T5_TuyaOS-3.13.6/software/TuyaOS/vendor/T5/toolchain/gcc-arm-none-eabi-10.3-2021.10/bin/../lib/gcc/arm-none-eabi/10.3.1/../../../../arm-none-eabi/lib/thumb/v8-m.main+fp/hard/libnosys.a
16,0,16,16,0,0,0,16,`10,kill.o (ex /home/jiayi/project/T5_TuyaOS-3.13.6/software/TuyaOS/vendor/T5/toolchain/gcc-arm-none-eabi-10.3-2021.10/bin/../lib/gcc/arm-none-eabi/10.3.1/../../../../arm-none-eabi/lib/thumb/v8-m.main+fp/hard/libnosys.a),/home/jiayi/project/T5_TuyaOS-3.13.6/software/TuyaOS/vendor/T5/toolchain/gcc-arm-none-eabi-10.3-2021.10/bin/../lib/gcc/arm-none-eabi/10.3.1/../../../../arm-none-eabi/lib/thumb/v8-m.main+fp/hard/libnosys.a
16,0,16,16,0,0,0,16,`10,lseek.o (ex /home/jiayi/project/T5_TuyaOS-3.13.6/software/TuyaOS/vendor/T5/toolchain/gcc-arm-none-eabi-10.3-2021.10/bin/../lib/gcc/arm-none-eabi/10.3.1/../../../../arm-none-eabi/lib/thumb/v8-m.main+fp/hard/libnosys.a),/home/jiayi/project/T5_TuyaOS-3.13.6/software/TuyaOS/vendor/T5/toolchain/gcc-arm-none-eabi-10.3-2021.10/bin/../lib/gcc/arm-none-eabi/10.3.1/../../../../arm-none-eabi/lib/thumb/v8-m.main+fp/hard/libnosys.a
16,0,16,16,0,0,0,16,`10,read.o (ex /home/jiayi/project/T5_TuyaOS-3.13.6/software/TuyaOS/vendor/T5/toolchain/gcc-arm-none-eabi-10.3-2021.10/bin/../lib/gcc/arm-none-eabi/10.3.1/../../../../arm-none-eabi/lib/thumb/v8-m.main+fp/hard/libnosys.a),/home/jiayi/project/T5_TuyaOS-3.13.6/software/TuyaOS/vendor/T5/toolchain/gcc-arm-none-eabi-10.3-2021.10/bin/../lib/gcc/arm-none-eabi/10.3.1/../../../../arm-none-eabi/lib/thumb/v8-m.main+fp/hard/libnosys.a
16,0,16,16,0,0,0,16,`10,write.o (ex /home/jiayi/project/T5_TuyaOS-3.13.6/software/TuyaOS/vendor/T5/toolchain/gcc-arm-none-eabi-10.3-2021.10/bin/../lib/gcc/arm-none-eabi/10.3.1/../../../../arm-none-eabi/lib/thumb/v8-m.main+fp/hard/libnosys.a),/home/jiayi/project/T5_TuyaOS-3.13.6/software/TuyaOS/vendor/T5/toolchain/gcc-arm-none-eabi-10.3-2021.10/bin/../lib/gcc/arm-none-eabi/10.3.1/../../../../arm-none-eabi/lib/thumb/v8-m.main+fp/hard/libnosys.a
4,0,4,4,0,0,0,4,`4,_exit.o (ex /home/jiayi/project/T5_TuyaOS-3.13.6/software/TuyaOS/vendor/T5/toolchain/gcc-arm-none-eabi-10.3-2021.10/bin/../lib/gcc/arm-none-eabi/10.3.1/../../../../arm-none-eabi/lib/thumb/v8-m.main+fp/hard/libnosys.a),/home/jiayi/project/T5_TuyaOS-3.13.6/software/TuyaOS/vendor/T5/toolchain/gcc-arm-none-eabi-10.3-2021.10/bin/../lib/gcc/arm-none-eabi/10.3.1/../../../../arm-none-eabi/lib/thumb/v8-m.main+fp/hard/libnosys.a
148,0,148,148,0,0,0,148,`94,/home/jiayi/project/T5_TuyaOS-3.13.6/software/TuyaOS/vendor/T5/toolchain/gcc-arm-none-eabi-10.3-2021.10/bin/../lib/gcc/arm-none-eabi/10.3.1/../../../../arm-none-eabi/lib/thumb/v8-m.main+fp/hard/libnosys.a,/home/jiayi/project/T5_TuyaOS-3.13.6/software/TuyaOS/vendor/T5/toolchain/gcc-arm-none-eabi-10.3-2021.10/bin/../lib/gcc/arm-none-eabi/10.3.1/../../../../arm-none-eabi/lib/thumb/v8-m.main+fp/hard/libnosys.a
5922,0,5922,4402,1520,0,0,5922,`1722,audio_element.c.obj (ex armino/audio_pipeline/libaudio_pipeline.a),armino/audio_pipeline/libaudio_pipeline.a
1294,0,1294,1030,264,0,0,1294,`50e,audio_event_iface.c.obj (ex armino/audio_pipeline/libaudio_pipeline.a),armino/audio_pipeline/libaudio_pipeline.a
2015,4,2015,1624,391,0,4,2019,`7e3,audio_pipeline.c.obj (ex armino/audio_pipeline/libaudio_pipeline.a),armino/audio_pipeline/libaudio_pipeline.a
1044,0,1044,934,110,0,0,1044,`414,ringbuf.c.obj (ex armino/audio_pipeline/libaudio_pipeline.a),armino/audio_pipeline/libaudio_pipeline.a
1449,0,1449,1326,123,0,0,1449,`5a9,framebuf.c.obj (ex armino/audio_pipeline/libaudio_pipeline.a),armino/audio_pipeline/libaudio_pipeline.a
355,0,355,236,119,0,0,355,`163,audio_mem.c.obj (ex armino/audio_pipeline/libaudio_pipeline.a),armino/audio_pipeline/libaudio_pipeline.a
4,0,4,4,0,0,0,4,`4,audio_thread.c.obj (ex armino/audio_pipeline/libaudio_pipeline.a),armino/audio_pipeline/libaudio_pipeline.a
1228,0,1228,936,292,0,0,1228,`4cc,audio_port.c.obj (ex armino/audio_pipeline/libaudio_pipeline.a),armino/audio_pipeline/libaudio_pipeline.a
447,0,447,342,105,0,0,447,`1bf,cb_port.c.obj (ex armino/audio_pipeline/libaudio_pipeline.a),armino/audio_pipeline/libaudio_pipeline.a
564,0,564,460,104,0,0,564,`234,rb_port.c.obj (ex armino/audio_pipeline/libaudio_pipeline.a),armino/audio_pipeline/libaudio_pipeline.a
858,0,858,632,226,0,0,858,`35a,fb_port.c.obj (ex armino/audio_pipeline/libaudio_pipeline.a),armino/audio_pipeline/libaudio_pipeline.a
15180,4,15180,11926,3254,0,4,15184,`3b50,armino/audio_pipeline/libaudio_pipeline.a,armino/audio_pipeline/libaudio_pipeline.a
832,0,832,446,386,0,0,832,`340,count_util.c.obj (ex armino/audio_utils/libaudio_utils.a),armino/audio_utils/libaudio_utils.a
832,0,832,446,386,0,0,832,`340,armino/audio_utils/libaudio_utils.a,armino/audio_utils/libaudio_utils.a
576,0,576,418,158,0,0,576,`240,g711_decoder.c.obj (ex armino/g711_decoder/libg711_decoder.a),armino/g711_decoder/libg711_decoder.a
576,0,576,418,158,0,0,576,`240,armino/g711_decoder/libg711_decoder.a,armino/g711_decoder/libg711_decoder.a
568,0,568,410,158,0,0,568,`238,g711_encoder.c.obj (ex armino/g711_encoder/libg711_encoder.a),armino/g711_encoder/libg711_encoder.a
568,0,568,410,158,0,0,568,`238,armino/g711_encoder/libg711_encoder.a,armino/g711_encoder/libg711_encoder.a
518,88,518,380,138,0,88,606,`25e,raw_stream.c.obj (ex armino/raw_stream/libraw_stream.a),armino/raw_stream/libraw_stream.a
518,88,518,380,138,0,88,606,`25e,armino/raw_stream/libraw_stream.a,armino/raw_stream/libraw_stream.a
5176,44,5176,3176,2000,0,44,5220,`1464,uac_mic_stream.c.obj (ex armino/uac_mic_stream/libuac_mic_stream.a),armino/uac_mic_stream/libuac_mic_stream.a
5176,44,5176,3176,2000,0,44,5220,`1464,armino/uac_mic_stream/libuac_mic_stream.a,armino/uac_mic_stream/libuac_mic_stream.a
5675,44,5675,3572,2103,0,44,5719,`1657,uac_speaker_stream.c.obj (ex armino/uac_speaker_stream/libuac_speaker_stream.a),armino/uac_speaker_stream/libuac_speaker_stream.a
5675,44,5675,3572,2103,0,44,5719,`1657,armino/uac_speaker_stream/libuac_speaker_stream.a,armino/uac_speaker_stream/libuac_speaker_stream.a
4853,0,4853,4044,809,0,0,4853,`12f5,jdev.c.obj (ex /home/jiayi/project/T5_TuyaOS-3.13.6/software/TuyaOS/vendor/T5/t5_os/ap/components/bk_libs/bk7258_ap/libs/libtjpg_sram.a),/home/jiayi/project/T5_TuyaOS-3.13.6/software/TuyaOS/vendor/T5/t5_os/ap/components/bk_libs/bk7258_ap/libs/libtjpg_sram.a
13520,0,13520,13328,192,0,0,13520,`34d0,tjpgd.c.obj (ex /home/jiayi/project/T5_TuyaOS-3.13.6/software/TuyaOS/vendor/T5/t5_os/ap/components/bk_libs/bk7258_ap/libs/libtjpg_sram.a),/home/jiayi/project/T5_TuyaOS-3.13.6/software/TuyaOS/vendor/T5/t5_os/ap/components/bk_libs/bk7258_ap/libs/libtjpg_sram.a
18373,0,18373,17372,1001,0,0,18373,`47c5,/home/jiayi/project/T5_TuyaOS-3.13.6/software/TuyaOS/vendor/T5/t5_os/ap/components/bk_libs/bk7258_ap/libs/libtjpg_sram.a,/home/jiayi/project/T5_TuyaOS-3.13.6/software/TuyaOS/vendor/T5/t5_os/ap/components/bk_libs/bk7258_ap/libs/libtjpg_sram.a
1000,0,1000,1000,0,0,0,1000,`3e8,image_scale.c.obj (ex /home/jiayi/project/T5_TuyaOS-3.13.6/software/TuyaOS/vendor/T5/t5_os/ap/components/bk_libs/bk7258_ap/libs/libscale_sram.a),/home/jiayi/project/T5_TuyaOS-3.13.6/software/TuyaOS/vendor/T5/t5_os/ap/components/bk_libs/bk7258_ap/libs/libscale_sram.a
1000,0,1000,1000,0,0,0,1000,`3e8,/home/jiayi/project/T5_TuyaOS-3.13.6/software/TuyaOS/vendor/T5/t5_os/ap/components/bk_libs/bk7258_ap/libs/libscale_sram.a,/home/jiayi/project/T5_TuyaOS-3.13.6/software/TuyaOS/vendor/T5/t5_os/ap/components/bk_libs/bk7258_ap/libs/libscale_sram.a
244,32,212,212,0,32,0,244,`f4,g711.c.obj (ex /home/jiayi/project/T5_TuyaOS-3.13.6/software/TuyaOS/vendor/T5/t5_os/ap/components/bk_libs/bk7258_ap/libs/libg711.a),/home/jiayi/project/T5_TuyaOS-3.13.6/software/TuyaOS/vendor/T5/t5_os/ap/components/bk_libs/bk7258_ap/libs/libg711.a
244,32,212,212,0,32,0,244,`f4,/home/jiayi/project/T5_TuyaOS-3.13.6/software/TuyaOS/vendor/T5/t5_os/ap/components/bk_libs/bk7258_ap/libs/libg711.a,/home/jiayi/project/T5_TuyaOS-3.13.6/software/TuyaOS/vendor/T5/t5_os/ap/components/bk_libs/bk7258_ap/libs/libg711.a
