const unsigned char pcm_bin[] = {
    0xff, 0xf3, 0x28, 0xc4, 0x00, 0x0c, 0x88, 0x05, 0xfc, 0x00, 0x00, 0xc6, 0x00, 0x76, 0xa0, 0xfc, 
    0xa0, 0xd7, 0xf9, 0x40, 0x40, 0x41, 0x94, 0xcb, 0x9c, 0xf9, 0x32, 0xfe, 0x5f, 0x8d, 0x3e, 0xa0, 
    0x40, 0x10, 0x94, 0x08, 0x9f, 0x10, 0x24, 0x10, 0x77, 0xd4, 0x73, 0x88, 0x0a, 0x1c, 0x89, 0xc7, 
    0x07, 0xc4, 0x00, 0x33, 0xe0, 0xe3, 0xb3, 0xef, 0xe5, 0xcf, 0x87, 0xf6, 0xd5, 0x2f, 0xf5, 0x2a, 
    0x11, 0x14, 0x94, 0x80, 0x70, 0x5d, 0x03, 0xd8, 0xff, 0xf3, 0x28, 0xc4, 0x08, 0x09, 0xf0, 0x06, 
    0x22, 0x0c, 0x10, 0xc6, 0x00, 0xa5, 0x28, 0x34, 0xc7, 0x62, 0xfb, 0x1a, 0x96, 0x0b, 0x3a, 0xee, 
    0x6b, 0xb3, 0xdf, 0xef, 0x47, 0x6a, 0x48, 0x52, 0xe4, 0x7f, 0xff, 0xdb, 0xdd, 0xfe, 0x94, 0xa6, 
    0xb3, 0xdf, 0x55, 0x2e, 0xa6, 0x12, 0xe7, 0x8d, 0x1d, 0x27, 0xe2, 0xe1, 0x33, 0x16, 0x27, 0xad, 
    0x95, 0xa0, 0x87, 0xb5, 0x2f, 0xfa, 0xc6, 0xb1, 0x5e, 0xe2, 0x13, 0x33, 0xd5, 0x78, 0xa3, 0xf7, 
    0xff, 0xf3, 0x28, 0xc4, 0x1b, 0x0a, 0xb0, 0x06, 0x1c, 0x00, 0x78, 0x00, 0x00, 0x29, 0x2e, 0x1e, 
    0xd7, 0xfb, 0x2a, 0xc5, 0x6d, 0x32, 0x8a, 0x1e, 0xec, 0xbd, 0xfc, 0xa4, 0x56, 0x11, 0xf8, 0x09, 
    0x21, 0x09, 0x23, 0x00, 0x6b, 0xbd, 0xf7, 0xa2, 0xb1, 0xd7, 0x2e, 0xdb, 0xd1, 0x5f, 0x2f, 0xa7, 
    0xf7, 0xf5, 0x72, 0x53, 0xda, 0x24, 0x08, 0xd7, 0xaa, 0x41, 0x7e, 0xd9, 0x17, 0x27, 0xa5, 0xf4, 
    0xbf, 0xfe, 0x7d, 0xfa, 0x18, 0x9f, 0xd7, 0x97, 0xff, 0xf3, 0x28, 0xc4, 0x2b, 0x0a, 0xc0, 0x06, 
    0x29, 0xb6, 0x78, 0x44, 0x00, 0x1b, 0x3e, 0xd1, 0x93, 0x05, 0x10, 0xe5, 0x5d, 0x7e, 0x84, 0x25, 
    0xca, 0x9f, 0xa3, 0x51, 0xbb, 0x14, 0x35, 0xfa, 0x85, 0x9a, 0x5c, 0xf4, 0xac, 0xfe, 0xaa, 0x8f, 
    0x21, 0xd4, 0x4e, 0x6a, 0xec, 0x8a, 0xe7, 0x15, 0xf3, 0x14, 0xe1, 0x23, 0x27, 0xdc, 0xeb, 0xd9, 
    0x6d, 0xb3, 0x49, 0x23, 0xae, 0x17, 0x0f, 0x6b, 0x14, 0xdd, 0xfe, 0x27, 0x42, 0x29, 0x6c, 0xfa, 
    0xff, 0xf3, 0x28, 0xc4, 0x3b, 0x0b, 0xf0, 0x0a, 0x1c, 0x00, 0xc8, 0x00, 0x00, 0x13, 0x6f, 0xad, 
    0x1e, 0x5a, 0xe4, 0xd4, 0x9d, 0x4b, 0xb5, 0xf5, 0x2d, 0xcc, 0xa9, 0xe6, 0xdc, 0xa8, 0xae, 0xe8, 
    0xbe, 0x8a, 0x6b, 0x5b, 0x99, 0x54, 0x67, 0x63, 0x77, 0xdb, 0x6e, 0x2a, 0xa2, 0x4b, 0x13, 0x8f, 
    0x2e, 0xc5, 0x8a, 0xa1, 0x8f, 0x56, 0xbd, 0x2a, 0xcd, 0x5f, 0xdc, 0x39, 0xce, 0x9e, 0x72, 0x5c, 
    0xc8, 0xb2, 0x91, 0x9b, 0x12, 0x2d, 0x86, 0xcd, 0xff, 0xf3, 0x28, 0xc4, 0x46, 0x0b, 0x00, 0x0e, 
    0x1c, 0x00, 0xd0, 0x00, 0x00, 0xeb, 0x46, 0xe6, 0x34, 0x95, 0xad, 0x2f, 0xbd, 0x55, 0x0f, 0x69, 
    0x9b, 0xd7, 0x74, 0x8a, 0x94, 0xe1, 0x4a, 0xde, 0xa8, 0x6f, 0xd0, 0x6d, 0xca, 0xbb, 0x25, 0x0e, 
    0x98, 0x00, 0x21, 0x28, 0xb8, 0x2e, 0x8e, 0xd6, 0x27, 0x92, 0x6e, 0xf5, 0x32, 0x7a, 0xca, 0xaf, 
    0x67, 0xa2, 0xfa, 0xbb, 0xfe, 0x89, 0xff, 0x65, 0x29, 0xed, 0x55, 0x34, 0xb6, 0x0b, 0xff, 0xf5, 
    0xff, 0xf3, 0x28, 0xc4, 0x55, 0x0c, 0xf8, 0x0e, 0x1c, 0x00, 0xd0, 0x40, 0x00, 0x23, 0xdb, 0xdd, 
    0xf4, 0x5c, 0xd7, 0xd5, 0xdf, 0x8c, 0x0d, 0x57, 0x97, 0x62, 0x79, 0x77, 0x63, 0x0a, 0xa9, 0xf2, 
    0x2d, 0x2d, 0x6b, 0xf0, 0xe3, 0x7a, 0x7b, 0xda, 0xf4, 0x6f, 0x72, 0x52, 0xbe, 0x98, 0xbd, 0xad, 
    0x16, 0x5a, 0x87, 0x48, 0x90, 0x42, 0xdd, 0x60, 0x14, 0xc3, 0x97, 0xe8, 0xa2, 0x76, 0x2f, 0x9e, 
    0xb4, 0x82, 0x29, 0xa3, 0x92, 0x46, 0x4d, 0xe4, 0xff, 0xf3, 0x28, 0xc4, 0x5c, 0x0a, 0x80, 0x0e, 
    0x29, 0xb4, 0xd0, 0x40, 0x00, 0x15, 0x09, 0x22, 0x60, 0xe0, 0x9a, 0x03, 0xcd, 0xe5, 0xd8, 0xae, 
    0x35, 0xed, 0x6b, 0xc7, 0xca, 0xa8, 0xf2, 0xf0, 0x1c, 0xff, 0x7d, 0x49, 0xf6, 0xd1, 0xe6, 0x9d, 
    0x94, 0x43, 0xa2, 0xd1, 0x5d, 0x55, 0xf5, 0xd9, 0x6f, 0xab, 0xe2, 0xf4, 0x6e, 0x4a, 0x45, 0x7e, 
    0x9a, 0xb2, 0x03, 0x34, 0x21, 0x95, 0x2a, 0x09, 0x15, 0x8c, 0x11, 0x00, 0x4d, 0xbc, 0x5a, 0xc9, 
    0xff, 0xf3, 0x28, 0xc4, 0x6d, 0x0c, 0x90, 0x0e, 0x1c, 0x00, 0xd8, 0x00, 0x00, 0x04, 0x31, 0x02, 
    0x59, 0x84, 0xdc, 0xe7, 0x22, 0xa6, 0xdd, 0x15, 0x5b, 0x45, 0xd5, 0x67, 0x56, 0x75, 0xeb, 0xa6, 
    0xa4, 0x22, 0xa5, 0xa5, 0xcd, 0x75, 0x96, 0x33, 0x5d, 0x22, 0x97, 0xed, 0xf4, 0x20, 0x31, 0x55, 
    0xd9, 0x3c, 0x7a, 0xdc, 0x9d, 0x69, 0xd8, 0xd5, 0xfa, 0x2a, 0x05, 0x94, 0xdf, 0xaa, 0x50, 0xa8, 
    0xf9, 0x47, 0x4b, 0xc4, 0x36, 0xde, 0x06, 0x53, 0xff, 0xf3, 0x28, 0xc4, 0x75, 0x0c, 0x08, 0x0e, 
    0x25, 0x8e, 0xd8, 0x40, 0x00, 0x99, 0xbb, 0xfc, 0x4b, 0x12, 0xa8, 0x89, 0xb7, 0x43, 0xdd, 0xc5, 
    0xf0, 0x19, 0x99, 0x4f, 0x2d, 0x7b, 0x6f, 0x0a, 0xab, 0x79, 0xe6, 0xea, 0xa9, 0xbd, 0x2a, 0x59, 
    0x67, 0x68, 0x89, 0x8e, 0x0d, 0xb5, 0xee, 0xdd, 0x6c, 0xc5, 0x00, 0x32, 0x40, 0x08, 0x07, 0x95, 
    0xdf, 0xaa, 0x50, 0xe2, 0x2c, 0xa0, 0x26, 0x97, 0x01, 0x49, 0xcb, 0x58, 0xd5, 0xfa, 0xd6, 0xe9, 
    0xff, 0xf3, 0x28, 0xc4, 0x7f, 0x0d, 0x50, 0x0e, 0x21, 0x6e, 0xd8, 0xc6, 0x00, 0x6c, 0xa2, 0x1d, 
    0xec, 0x2f, 0xab, 0x52, 0x6f, 0x59, 0xbf, 0x75, 0x5f, 0xd3, 0xdc, 0xba, 0xb4, 0x91, 0x57, 0x8d, 
    0x14, 0xa3, 0x6e, 0x2c, 0x55, 0x0e, 0x5e, 0xb7, 0x93, 0x06, 0x40, 0x60, 0x3c, 0xc4, 0x60, 0x70, 
    0x88, 0x40, 0x2d, 0x97, 0xca, 0xa1, 0xca, 0x40, 0xda, 0x50, 0x68, 0x72, 0xa8, 0xc5, 0x16, 0xd2, 
    0xb6, 0x8d, 0xf6, 0xe6, 0x19, 0xee, 0xf9, 0xee, 0xff, 0xf3, 0x28, 0xc4, 0x84, 0x0c, 0xa8, 0x0e, 
    0x1c, 0x00, 0xe0, 0x40, 0x00, 0x9b, 0x74, 0xd6, 0x8b, 0xbb, 0x9c, 0xbf, 0x76, 0xf7, 0xfb, 0x47, 
    0x2a, 0xce, 0xaf, 0xab, 0xe7, 0x3a, 0x52, 0x26, 0xff, 0xe9, 0x38, 0x7e, 0x8d, 0x4c, 0xb8, 0x68, 
    0xa3, 0xff, 0x96, 0x0b, 0xb6, 0xa5, 0xbf, 0xfb, 0xea, 0xff, 0x67, 0x1d, 0xec, 0x08, 0x40, 0x58, 
    0x0d, 0xfe, 0x67, 0x06, 0x90, 0xa7, 0x11, 0x02, 0x1b, 0xe9, 0xe2, 0x10, 0x45, 0x8b, 0x22, 0xd8, 
    0xff, 0xf3, 0x28, 0xc4, 0x8c, 0x0c, 0x80, 0x0e, 0x21, 0x6c, 0xe0, 0x44, 0x00, 0xf3, 0xff, 0xc6, 
    0xc2, 0xc0, 0xfc, 0x6a, 0x2d, 0x90, 0x7f, 0xfe, 0x4c, 0x3c, 0x23, 0x25, 0x1f, 0x98, 0x4d, 0xff, 
    0xff, 0x8f, 0x0f, 0x25, 0x1f, 0x98, 0x4c, 0x48, 0xa5, 0xbf, 0xff, 0xff, 0xc9, 0xd0, 0xb9, 0x22, 
    0x96, 0x3d, 0x0b, 0x99, 0x2d, 0xff, 0xff, 0xff, 0xf9, 0xe8, 0x5c, 0xc9, 0x63, 0xf6, 0x62, 0x3a, 
    0x12, 0x41, 0x00, 0x01, 0x74, 0x45, 0x83, 0xc7, 0xff, 0xf3, 0x28, 0xc4, 0x95, 0x0c, 0x38, 0x1e, 
    0x20, 0xc5, 0x5c, 0x10, 0x00, 0x71, 0x97, 0x9d, 0x35, 0xc2, 0x47, 0xb2, 0xc2, 0x56, 0xf5, 0x05, 
    0x04, 0xbf, 0x16, 0x0a, 0x09, 0x7f, 0x16, 0x0a, 0x09, 0x5b, 0xfc, 0x28, 0x55, 0xa1, 0x4f, 0xf9, 
    0x56, 0x85, 0x0a, 0xb4, 0x29, 0xff, 0xe0, 0x52, 0x41, 0x40, 0x29, 0x20, 0xa0, 0x16, 0x4c, 0x41, 
    0x4d, 0x45, 0x33, 0x2e, 0x39, 0x39, 0x2e, 0x35, 0xaa, 0xaa, 0xaa, 0xaa, 0xaa, 0xaa, 0xaa, 0xaa, 
    0xff, 0xf3, 0x28, 0xc4, 0x9f, 0x16, 0xe3, 0x06, 0x3c, 0x01, 0x9b, 0x50, 0x01, 0xaa, 0xaa, 0xaa, 
    0xaa, 0xaa, 0xaa, 0xaa, 0xaa, 0xaa, 0xaa, 0xaa, 0xaa, 0xaa, 0xaa, 0xaa, 0xaa, 0xaa, 0xaa, 0xaa, 
    0xaa, 0xaa, 0xaa, 0xaa, 0xaa, 0xaa, 0xaa, 0xaa, 0xaa, 0xaa, 0xaa, 0xaa, 0xaa, 0xaa, 0xaa, 0xaa, 
    0xaa, 0xaa, 0xaa, 0xaa, 0xaa, 0xaa, 0xaa, 0xaa, 0xaa, 0xaa, 0xaa, 0xaa, 0xaa, 0xaa, 0xaa, 0xaa, 
    0xaa, 0xaa, 0xaa, 0xaa, 0xaa, 0xaa, 0xaa, 0xaa, 0xff, 0xf3, 0x28, 0xc4, 0x7e, 0x0c, 0x30, 0x3a, 
    0x40, 0x0d, 0x90, 0x10, 0x00, 0xaa, 0xaa, 0xaa, 0xaa, 0xaa, 0xaa, 0xaa, 0xaa, 0xaa, 0xaa, 0xaa, 
    0xaa, 0xaa, 0xaa, 0xaa, 0xaa, 0xaa, 0xaa, 0xaa, 0xaa, 0xaa, 0xaa, 0xaa, 0xaa, 0xaa, 0xaa, 0xaa, 
    0xaa, 0xaa, 0xaa, 0xaa, 0xaa, 0xaa, 0xaa, 0xaa, 0xaa, 0xaa, 0xaa, 0xaa, 0xaa, 0xaa, 0xaa, 0xaa, 
    0xaa, 0xaa, 0xaa, 0xaa, 0xaa, 0xaa, 0xaa, 0xaa, 0xaa, 0xaa, 0xaa, 0xaa, 0xaa, 0xaa, 0xaa, 0xaa, 
    0xff, 0xf3, 0x28, 0xc4, 0x00, 0x0b, 0x50, 0x06, 0x06, 0x28, 0x08, 0x44, 0x00, 0x29, 0xc0, 0x08, 
    0x08, 0x0d, 0xe4, 0x14, 0x94, 0x1f, 0x2e, 0x39, 0xc4, 0xcb, 0x83, 0xe8, 0x58, 0x3e, 0x27, 0x7f, 
    0xce, 0x7d, 0xdd, 0x67, 0xf0, 0x43, 0x9c, 0x83, 0xea, 0xee, 0xff, 0xb3, 0xbe, 0xbe, 0x82, 0x7f, 
    0xc1, 0x01, 0xaf, 0x28, 0x72, 0xb7, 0xff, 0x1a, 0xfd, 0xc5, 0x15, 0x20, 0x02, 0x4a, 0x00, 0x63, 
    0xad, 0x35, 0x75, 0xcb, 0x6c, 0xe3, 0x07, 0x98, 0xff, 0xf3, 0x28, 0xc4, 0x0d, 0x0b, 0x28, 0x02, 
    0x25, 0x8d, 0x41, 0x18, 0x00, 0xe8, 0xa5, 0x62, 0xe6, 0x7a, 0x07, 0x8b, 0x39, 0x1e, 0xcb, 0xab, 
    0xb9, 0x4b, 0x77, 0xec, 0xf6, 0x3b, 0x6a, 0xc6, 0xf6, 0x92, 0xdf, 0x33, 0xb9, 0x75, 0x2f, 0xde, 
    0x8f, 0x79, 0x9e, 0x33, 0x7a, 0xff, 0xb7, 0x71, 0x7b, 0xbc, 0x1f, 0xf7, 0x81, 0x42, 0x0b, 0xec, 
    0xe5, 0x06, 0x3f, 0xe5, 0x3a, 0x5f, 0xae, 0xdf, 0x28, 0x4d, 0xc2, 0x7e, 0x91, 0x73, 0xd2, 0x64, 
    0xff, 0xf3, 0x28, 0xc4, 0x1b, 0x12, 0x8a, 0x72, 0x64, 0x01, 0x9b, 0x68, 0x00, 0x0c, 0xca, 0x25, 
    0xe2, 0xe0, 0x24, 0x9f, 0x7a, 0xde, 0x40, 0xa9, 0x37, 0xff, 0xb6, 0xad, 0xad, 0xff, 0xf4, 0x29, 
    0xbd, 0x46, 0x60, 0xa4, 0x7f, 0xd6, 0xf4, 0x9b, 0xd0, 0x1e, 0x83, 0x2d, 0xdb, 0xff, 0xfe, 0xbf, 
    0x9b, 0xfe, 0xeb, 0x6c, 0xb6, 0x60, 0x4a, 0x1b, 0xff, 0xf9, 0x4f, 0xf5, 0x55, 0x82, 0xa1, 0xbe, 
    0xdb, 0x00, 0x3f, 0xfc, 0x00, 0x77, 0xd0, 0x5e, 0xff, 0xf3, 0x28, 0xc4, 0x0b, 0x0f, 0xb2, 0x62, 
    0xe6, 0x5f, 0xca, 0x68, 0x03, 0x05, 0x10, 0x2b, 0x9a, 0xdf, 0x38, 0x58, 0x08, 0x9d, 0xba, 0x1a, 
    0xa3, 0x7f, 0xbd, 0x41, 0x6f, 0x2e, 0xbe, 0xdf, 0xff, 0xff, 0xff, 0xff, 0xf5, 0x68, 0x17, 0x42, 
    0x84, 0x15, 0x25, 0x66, 0xb6, 0x92, 0x62, 0x64, 0x75, 0x04, 0x6b, 0x7f, 0xfa, 0x1f, 0xfe, 0xaf, 
    0xff, 0xb5, 0x5d, 0xd9, 0x32, 0x61, 0x48, 0xbe, 0x89, 0x00, 0x86, 0xdc, 0x70, 0x41, 0x19, 0x80, 
    0xff, 0xf3, 0x28, 0xc4, 0x07, 0x0e, 0xc1, 0xa2, 0x91, 0xbe, 0x9a, 0xca, 0xac, 0x1b, 0x3f, 0xe2, 
    0x20, 0x07, 0x2c, 0x0d, 0x86, 0x76, 0xf1, 0x50, 0xcb, 0xe7, 0xe6, 0xd0, 0x4b, 0xf6, 0x5a, 0xba, 
    0xa3, 0x00, 0x9b, 0xbf, 0x10, 0x6c, 0xcf, 0xe6, 0xff, 0xff, 0xf4, 0x7f, 0xfc, 0x45, 0xde, 0xa2, 
    0xe0, 0x3b, 0x14, 0x5b, 0xa8, 0x99, 0xce, 0xbf, 0xdb, 0xf9, 0x3c, 0x42, 0x1d, 0x0e, 0xff, 0xff, 
    0xef, 0x8e, 0x2b, 0x04, 0x50, 0x18, 0x05, 0x3f, 0xff, 0xf3, 0x28, 0xc4, 0x07, 0x0e, 0x81, 0x9e, 
    0x94, 0x7e, 0x98, 0x0f, 0x60, 0x9c, 0x14, 0x90, 0x0d, 0x8c, 0x68, 0xba, 0x8b, 0x88, 0xa7, 0x92, 
    0x85, 0x67, 0xf6, 0x96, 0x10, 0x6f, 0xe3, 0x38, 0x42, 0xd3, 0xd5, 0x93, 0xe3, 0x66, 0xff, 0xad, 
    0x5f, 0x5a, 0x7f, 0xf9, 0x4a, 0x0e, 0x84, 0x60, 0x5c, 0x74, 0x93, 0xda, 0x54, 0xe7, 0x53, 0xdd, 
    0xff, 0xd0, 0xaa, 0x85, 0x1f, 0xff, 0xff, 0x92, 0x06, 0x34, 0x24, 0x8d, 0x1d, 0xb5, 0x9c, 0x1a, 
    0xff, 0xf3, 0x28, 0xc4, 0x08, 0x0e, 0xc2, 0x3a, 0x84, 0xc8, 0xa0, 0x0b, 0x60, 0xc0, 0x32, 0x10, 
    0xaa, 0xa8, 0x35, 0x10, 0x06, 0x90, 0x31, 0x11, 0x32, 0x44, 0xbc, 0x79, 0xdb, 0xdd, 0x4b, 0xff, 
    0x0f, 0xe1, 0x5b, 0x7b, 0xd4, 0x6a, 0xe8, 0x7f, 0x28, 0x27, 0xf7, 0xff, 0x4f, 0x61, 0xc4, 0x60, 
    0xe8, 0xb0, 0x0e, 0xc5, 0xf5, 0x10, 0x6f, 0xf7, 0xff, 0xfd, 0x7f, 0xf8, 0xc2, 0x06, 0xe4, 0xa8, 
    0xc0, 0x2a, 0x37, 0xfd, 0xb2, 0x33, 0x86, 0x4e, 0xff, 0xf3, 0x28, 0xc4, 0x08, 0x0f, 0x12, 0x62, 
    0x80, 0x02, 0x2e, 0x9a, 0x2c, 0x15, 0x62, 0x03, 0x10, 0x12, 0x0e, 0xea, 0xda, 0x5b, 0xb0, 0x0e, 
    0x32, 0xc5, 0x7a, 0xb4, 0xbd, 0x5a, 0x83, 0xb1, 0x01, 0xf4, 0x35, 0x13, 0x90, 0xff, 0x24, 0xad, 
    0xff, 0xfe, 0xbf, 0xff, 0xba, 0x6a, 0x58, 0xfc, 0x47, 0xa2, 0xdf, 0x33, 0x6f, 0xf7, 0x6f, 0xef, 
    0xff, 0x6f, 0xd0, 0x38, 0x6e, 0x8a, 0xea, 0xbb, 0x67, 0x55, 0x62, 0x91, 0xee, 0xdf, 0xff, 0xee, 
    0xff, 0xf3, 0x28, 0xc4, 0x06, 0x0e, 0x8a, 0x3e, 0xbe, 0x5e, 0x12, 0xce, 0x30, 0xe3, 0x80, 0x3f, 
    0xfc, 0x6c, 0x00, 0x8f, 0xc5, 0x82, 0x0c, 0x13, 0x13, 0x38, 0x2d, 0x7f, 0xe8, 0x6e, 0xbf, 0x4a, 
    0x8c, 0x83, 0x1f, 0x37, 0x85, 0x86, 0x3f, 0xd1, 0xbd, 0x7f, 0xfa, 0x27, 0xfa, 0xfd, 0xf1, 0xf0, 
    0x49, 0x3f, 0x8e, 0x37, 0xf5, 0x5f, 0xf4, 0xd2, 0xff, 0xfd, 0x4a, 0x89, 0x5f, 0xff, 0xff, 0xca, 
    0xf4, 0xaa, 0x27, 0xb0, 0x61, 0x37, 0x4f, 0x30, 0xff, 0xf3, 0x28, 0xc4, 0x06, 0x0c, 0x88, 0xe6, 
    0xa0, 0xca, 0x3e, 0x04, 0x4e, 0x07, 0x97, 0xbf, 0xbf, 0xc4, 0xca, 0x1a, 0xdd, 0xf8, 0xc3, 0xf8, 
    0xa6, 0x6e, 0xf3, 0xb9, 0x78, 0xf4, 0x7a, 0x9d, 0x18, 0xff, 0x0a, 0x37, 0x77, 0xac, 0x49, 0xe8, 
    0xc7, 0xc8, 0x17, 0xff, 0xfe, 0xb1, 0x9e, 0x7f, 0xff, 0xff, 0x27, 0xec, 0xf0, 0x70, 0x07, 0xff, 
    0xc8, 0xd5, 0x02, 0xa5, 0x66, 0xd7, 0x6d, 0xad, 0xd4, 0x01, 0xe4, 0xc2, 0x8f, 0xe4, 0x6a, 0x3e, 
    0xff, 0xf3, 0x28, 0xc4, 0x0e, 0x0d, 0x6a, 0x92, 0xf2, 0x5e, 0x02, 0xca, 0x32, 0x59, 0x87, 0x90, 
    0xb1, 0xae, 0xec, 0xc6, 0xda, 0xcf, 0xf0, 0x99, 0xf6, 0x25, 0x61, 0xd0, 0x4c, 0xdd, 0x10, 0x03, 
    0x7f, 0xbf, 0xff, 0x5f, 0xff, 0xf8, 0xc1, 0xff, 0xd1, 0x7f, 0xe9, 0xfe, 0xbb, 0x7f, 0xfd, 0x54, 
    0x43, 0xff, 0xff, 0xc6, 0x3a, 0x08, 0x00, 0x2f, 0xf1, 0xdc, 0x15, 0xfe, 0x80, 0x71, 0x75, 0xff, 
    0x03, 0x2c, 0x93, 0x66, 0x14, 0x51, 0x96, 0x2f, 0xff, 0xf3, 0x28, 0xc4, 0x13, 0x0c, 0x98, 0xea, 
    0xa9, 0x94, 0x2b, 0xca, 0x4c, 0x6d, 0x9d, 0x1f, 0xfc, 0xb2, 0x07, 0x0d, 0x3e, 0xeb, 0x0f, 0x82, 
    0x7e, 0xd5, 0x16, 0x75, 0xbf, 0x59, 0xcf, 0xe3, 0x0f, 0x75, 0xf9, 0x3f, 0xab, 0xb3, 0x2a, 0x1e, 
    0x77, 0x5f, 0xff, 0xfd, 0x75, 0x3c, 0x10, 0x4f, 0xe1, 0x88, 0x26, 0xbf, 0xfa, 0x20, 0x05, 0xc4, 
    0xbd, 0x2b, 0xb8, 0x3b, 0x0b, 0x27, 0xa1, 0x77, 0xc3, 0x35, 0xab, 0xfe, 0x80, 0x43, 0x7e, 0xa1, 
    0xff, 0xf3, 0x28, 0xc4, 0x1b, 0x0b, 0xa9, 0x86, 0x9c, 0x2a, 0x2e, 0x44, 0x4c, 0x00, 0xff, 0xc3, 
    0x7f, 0xff, 0xff, 0xff, 0xf5, 0x33, 0x8f, 0xd6, 0xcf, 0x21, 0xff, 0xf0, 0x77, 0xd9, 0xff, 0xff, 
    0x4a, 0x08, 0x01, 0xaa, 0xa1, 0x64, 0x2d, 0xf5, 0x17, 0x82, 0x42, 0xd8, 0xc5, 0x06, 0x4b, 0x11, 
    0xfb, 0xaa, 0x90, 0x99, 0xe4, 0xa3, 0x4f, 0x20, 0x2e, 0x6a, 0x91, 0xaf, 0xfa, 0x9c, 0x43, 0xf4, 
    0x1c, 0x24, 0xfc, 0xbe, 0x8f, 0xd9, 0xfe, 0x29, 0xff, 0xf3, 0x28, 0xc4, 0x27, 0x0c, 0x80, 0xc6, 
    0xa9, 0x94, 0x6e, 0x0e, 0x84, 0xe7, 0xfc, 0x37, 0xf6, 0xfe, 0x50, 0xf3, 0xba, 0x3f, 0xff, 0xe9, 
    0x8e, 0x41, 0x04, 0x92, 0x48, 0xdc, 0x80, 0x1b, 0xfc, 0xd0, 0x9b, 0xa0, 0xb7, 0x50, 0x70, 0xd1, 
    0x54, 0x09, 0xbe, 0xc7, 0xff, 0xfe, 0x26, 0x23, 0xfa, 0x05, 0x87, 0xbf, 0xcc, 0xfa, 0x3f, 0xff, 
    0xbf, 0xf5, 0x7f, 0xd0, 0xf1, 0x7b, 0xff, 0xff, 0xd3, 0xfd, 0xb4, 0xff, 0xfd, 0x09, 0xa7, 0xb7, 
    0xff, 0xf3, 0x28, 0xc4, 0x30, 0x0c, 0xa2, 0x3e, 0xd9, 0xbe, 0x3a, 0x4e, 0xa6, 0xff, 0xfe, 0x9a, 
    0x0a, 0xa8, 0x86, 0x41, 0x1f, 0xea, 0x22, 0x3a, 0x87, 0xe2, 0x76, 0x60, 0x4f, 0x84, 0x68, 0x3b, 
    0x09, 0x10, 0x1a, 0x29, 0xa3, 0x98, 0x99, 0x32, 0x91, 0xff, 0x49, 0xbf, 0x92, 0x88, 0x37, 0xf4, 
    0xfe, 0xa7, 0xfe, 0xff, 0xc6, 0x99, 0xff, 0xaf, 0xfd, 0xbf, 0xa7, 0x27, 0xff, 0xea, 0x0e, 0xfe, 
    0xff, 0xff, 0xfa, 0x2a, 0x03, 0xbc, 0x03, 0x00, 0xff, 0xf3, 0x28, 0xc4, 0x38, 0x0c, 0xd2, 0x3e, 
    0xac, 0x54, 0x98, 0x0b, 0x80, 0xbf, 0xf8, 0x4d, 0xe5, 0x74, 0x79, 0xed, 0xb2, 0x70, 0x67, 0x02, 
    0x39, 0x14, 0x33, 0xe7, 0xa2, 0xb1, 0xa3, 0xd1, 0xbd, 0x2a, 0x16, 0xed, 0xf8, 0x51, 0x5b, 0xf5, 
    0x2b, 0xfa, 0xbf, 0xff, 0xff, 0xff, 0xd5, 0x5f, 0xff, 0xfe, 0x4f, 0xf7, 0xef, 0xff, 0xf2, 0x10, 
    0x7a, 0xf2, 0xf5, 0x40, 0x44, 0x00, 0xbf, 0x7f, 0xda, 0x98, 0x00, 0xd4, 0x29, 0x7b, 0x87, 0xf4, 
    0xff, 0xf3, 0x28, 0xc4, 0x3f, 0x0c, 0x5a, 0x42, 0xac, 0x54, 0x3b, 0xca, 0x6c, 0x85, 0x18, 0x71, 
    0x43, 0xfa, 0x9e, 0x28, 0xa5, 0xef, 0x9c, 0xab, 0xad, 0x9b, 0x41, 0x9a, 0xb3, 0x33, 0xf6, 0x1e, 
    0x3e, 0x92, 0xbf, 0xaa, 0xb6, 0x65, 0xff, 0xff, 0xd7, 0xfe, 0x77, 0xff, 0xff, 0xd7, 0xff, 0xf2, 
    0x86, 0x17, 0x6e, 0x09, 0x25, 0x8b, 0xd0, 0x0d, 0x76, 0x56, 0xdd, 0x00, 0x03, 0xfa, 0x82, 0x5a, 
    0x05, 0xc0, 0xb6, 0x60, 0x2a, 0x45, 0x53, 0x50, 0xff, 0xf3, 0x28, 0xc4, 0x48, 0x0d, 0x32, 0x42, 
    0xca, 0x5e, 0x08, 0x14, 0x04, 0x9f, 0x7f, 0x36, 0xa8, 0x19, 0x17, 0xff, 0x28, 0xa3, 0xb8, 0x3e, 
    0x58, 0xb6, 0xf5, 0x2f, 0xe5, 0xf9, 0xbf, 0xff, 0xd5, 0xbf, 0xdb, 0xfe, 0x4f, 0xf7, 0xef, 0xf6, 
    0xfd, 0x88, 0x24, 0x18, 0xaf, 0xa0, 0x25, 0x66, 0xb5, 0x02, 0x40, 0x04, 0x15, 0x40, 0x08, 0x5b, 
    0xfc, 0x0a, 0x6a, 0x0a, 0x8d, 0x23, 0xe4, 0x08, 0x06, 0xdf, 0xd2, 0xab, 0x47, 0x30, 0x51, 0xb4, 
    0xff, 0xf3, 0x28, 0xc4, 0x4e, 0x0d, 0xa2, 0x62, 0xd9, 0xbe, 0x09, 0xc4, 0x3e, 0x2e, 0xea, 0x95, 
    0xbe, 0x86, 0x0a, 0x37, 0xf1, 0xa3, 0xf1, 0x78, 0x70, 0xa3, 0xe5, 0x1d, 0xab, 0x47, 0xfb, 0x7f, 
    0xed, 0xf9, 0xff, 0xc4, 0x47, 0xbd, 0xff, 0xff, 0xf2, 0x8a, 0x82, 0x80, 0x04, 0x51, 0xc6, 0xc4, 
    0x00, 0x1a, 0x6f, 0xf0, 0x6b, 0xd0, 0x84, 0x39, 0x5b, 0x21, 0xd5, 0x0c, 0xc4, 0x03, 0x80, 0xe8, 
    0xbf, 0xfb, 0xc9, 0x06, 0x3f, 0xa9, 0x0b, 0x18, 0xff, 0xf3, 0x28, 0xc4, 0x52, 0x0c, 0xd8, 0xce, 
    0xb1, 0xba, 0x3e, 0x0a, 0xa4, 0xf3, 0xf7, 0x7e, 0x8b, 0xff, 0x6a, 0x2f, 0xf7, 0xff, 0x95, 0x5b, 
    0x73, 0x1d, 0x09, 0xff, 0xf8, 0xb3, 0xab, 0x17, 0x0c, 0x75, 0x55, 0x02, 0x46, 0x80, 0x15, 0xeb, 
    0xb3, 0x30, 0x01, 0x80, 0x00, 0x1b, 0x30, 0x5b, 0x55, 0x28, 0xe8, 0xf1, 0x11, 0x4b, 0x7f, 0x7d, 
    0x48, 0x91, 0xfe, 0xa5, 0xb2, 0xed, 0xe3, 0x4f, 0xbb, 0xfd, 0x0e, 0x57, 0x77, 0xbf, 0xe8, 0xff, 
    0xff, 0xf3, 0x28, 0xc4, 0x59, 0x0c, 0xc9, 0x7e, 0xcd, 0xbe, 0x52, 0x4e, 0xa6, 0xdc, 0x2a, 0x36, 
    0x20, 0x45, 0x43, 0xff, 0xa7, 0xff, 0xe9, 0x3b, 0xc9, 0xaa, 0x8e, 0xd0, 0x05, 0x76, 0x36, 0xcc, 
    0x60, 0x3b, 0x7e, 0xe1, 0x1e, 0xa2, 0x02, 0x3b, 0x88, 0x32, 0xf1, 0x18, 0x60, 0x3a, 0x61, 0x95, 
    0x09, 0x6f, 0xfc, 0x80, 0x7f, 0x5f, 0xa9, 0x3f, 0xdf, 0xf5, 0xfa, 0x7f, 0xff, 0xe7, 0xaa, 0xfe, 
    0xbf, 0xf6, 0xff, 0xff, 0xff, 0xd5, 0x8e, 0xfd, 0xff, 0xf3, 0x28, 0xc4, 0x60, 0x0c, 0x49, 0x8a, 
    0xea, 0x5e, 0x00, 0x4e, 0x22, 0x0a, 0x86, 0xfb, 0x7f, 0xfe, 0x15, 0x49, 0xc0, 0x04, 0x71, 0xb6, 
    0x09, 0x07, 0xfe, 0x40, 0xad, 0x40, 0x78, 0x27, 0xeb, 0x46, 0x8f, 0x27, 0x50, 0xf4, 0x1a, 0x08, 
    0x77, 0xfb, 0x60, 0x4a, 0x36, 0xfd, 0x44, 0x10, 0x53, 0x1f, 0x1e, 0x27, 0x99, 0xf2, 0xad, 0xfb, 
    0x7a, 0xff, 0xff, 0xce, 0x25, 0x0f, 0x7f, 0xff, 0xfd, 0x41, 0xc7, 0xf3, 0x9f, 0xff, 0xf2, 0xd5, 
    0xff, 0xf3, 0x28, 0xc4, 0x69, 0x0d, 0x02, 0x5e, 0xd9, 0xbe, 0x38, 0x14, 0xe2, 0x8e, 0x80, 0x6e, 
    0x48, 0x81, 0x60, 0x8f, 0xf9, 0x80, 0x5d, 0xd0, 0x37, 0x45, 0xcb, 0x73, 0x29, 0x17, 0xb0, 0x8f, 
    0xdd, 0xff, 0x9d, 0xbf, 0x28, 0x40, 0x3e, 0x3c, 0x86, 0x65, 0xd4, 0xde, 0xa7, 0x0f, 0xea, 0x03, 
    0x54, 0xed, 0x5e, 0x5d, 0x3f, 0xff, 0xff, 0xb0, 0x49, 0xc7, 0xb7, 0xc5, 0x7c, 0x97, 0xf9, 0x25, 
    0x41, 0x47, 0x40, 0x59, 0xd7, 0xa0, 0x20, 0x0b, 0xff, 0xf3, 0x28, 0xc4, 0x70, 0x0d, 0x19, 0x7e, 
    0xcd, 0xbc, 0x2a, 0x54, 0x6a, 0xfd, 0x43, 0x3c, 0xa0, 0xc7, 0xa0, 0x47, 0x62, 0xc5, 0x37, 0x06, 
    0xa1, 0xf9, 0x1b, 0xd4, 0xcf, 0x43, 0x2a, 0x10, 0x7f, 0x8a, 0xc9, 0x3d, 0x5b, 0xa1, 0x56, 0xf6, 
    0x7f, 0xa7, 0xad, 0xbf, 0xff, 0xa8, 0xe8, 0xe2, 0x7f, 0xff, 0xfe, 0x24, 0x00, 0xf1, 0x75, 0x40, 
    0x4f, 0x01, 0xef, 0x3c, 0x05, 0x82, 0x37, 0xf0, 0xdd, 0xb8, 0xf7, 0x60, 0xf2, 0x61, 0xb3, 0x56, 
    0xff, 0xf3, 0x28, 0xc4, 0x76, 0x0c, 0xa1, 0x02, 0xd1, 0x9c, 0x2a, 0xca, 0xa6, 0x8f, 0x81, 0x74, 
    0x55, 0xc0, 0xe8, 0x33, 0x75, 0xe4, 0x6f, 0xe1, 0xf8, 0x6f, 0x9f, 0xe9, 0xfa, 0x13, 0xc8, 0xdf, 
    0xff, 0xe0, 0xcd, 0x47, 0xff, 0xdb, 0xfa, 0x83, 0x9e, 0x73, 0xff, 0xfe, 0xd2, 0x0a, 0x01, 0xc9, 
    0x49, 0x71, 0xd7, 0x68, 0x68, 0x3e, 0x08, 0x4f, 0x7a, 0xa4, 0x23, 0x52, 0xc7, 0xbf, 0x5e, 0x03, 
    0x23, 0x23, 0x2a, 0x1e, 0x35, 0x79, 0xda, 0x02, 0xff, 0xf3, 0x28, 0xc4, 0x7e, 0x0c, 0x61, 0x82, 
    0xc6, 0x5c, 0x13, 0x0e, 0xa4, 0xc1, 0x6f, 0xf1, 0x49, 0x06, 0x77, 0xf4, 0x1c, 0xfa, 0x7e, 0x83, 
    0xa9, 0xd5, 0xbf, 0x4f, 0xf6, 0x14, 0x92, 0x87, 0x7f, 0xff, 0xfe, 0xcf, 0x5f, 0xff, 0xfe, 0xba, 
    0x72, 0x22, 0xfc, 0x5e, 0x44, 0x13, 0x0e, 0x24, 0x80, 0x6d, 0x4e, 0xed, 0xca, 0xa2, 0xa1, 0x59, 
    0x8f, 0xcc, 0xb9, 0x3f, 0x92, 0x86, 0xe7, 0x3f, 0xfc, 0x91, 0x0f, 0xe4, 0xcf, 0xdb, 0xeb, 0xf5, 
    0xff, 0xf3, 0x28, 0xc4, 0x87, 0x0c, 0x59, 0x7e, 0xca, 0x3c, 0x2b, 0xc4, 0x6c, 0xfe, 0x9f, 0xff, 
    0xff, 0xa1, 0x76, 0xff, 0xff, 0xff, 0xfb, 0x7e, 0xbf, 0x65, 0x0a, 0x0d, 0x15, 0xfd, 0x9f, 0xff, 
    0xf2, 0x15, 0x18, 0x51, 0x20, 0x19, 0xbf, 0x90, 0x4c, 0xf9, 0xcc, 0xea, 0x23, 0xa4, 0x4d, 0x51, 
    0x2a, 0x1d, 0x0b, 0xf2, 0x4f, 0x12, 0x69, 0x0b, 0x50, 0x13, 0x6e, 0xdf, 0x9c, 0x47, 0xf9, 0x89, 
    0xa1, 0xf4, 0x17, 0xaf, 0x32, 0xf5, 0x2b, 0xfb, 0xff, 0xf3, 0x28, 0xc4, 0x90, 0x0d, 0x21, 0x82, 
    0xe2, 0x5c, 0x02, 0xce, 0x36, 0xff, 0xff, 0xfe, 0xa7, 0xff, 0xeb, 0xff, 0xe9, 0x09, 0x30, 0xd7, 
    0xf3, 0x3f, 0xff, 0xf6, 0xaa, 0x0e, 0x80, 0x22, 0x04, 0x81, 0x80, 0xcb, 0xf9, 0x18, 0x0b, 0xba, 
    0x9a, 0x84, 0xf5, 0x51, 0xc8, 0x6b, 0x52, 0x2d, 0x89, 0x41, 0xae, 0xaa, 0xd1, 0xee, 0x09, 0xeb, 
    0xff, 0xdb, 0x8f, 0x0b, 0x3f, 0x8a, 0x48, 0x33, 0x9d, 0xea, 0x6f, 0xd3, 0xfb, 0xfa, 0xff, 0xff, 
    0xff, 0xf3, 0x28, 0xc4, 0x96, 0x0d, 0x1a, 0x3e, 0xb0, 0x00, 0x16, 0x0e, 0xa8, 0xd0, 0xb7, 0xfb, 
    0x7f, 0xff, 0xfd, 0x3f, 0xfd, 0x5c, 0x2d, 0x93, 0x5f, 0x79, 0x00, 0xe3, 0x68, 0x02, 0xdb, 0x11, 
    0x56, 0xff, 0xf8, 0x78, 0x01, 0xfe, 0x60, 0x19, 0xa2, 0x97, 0xcf, 0x13, 0x79, 0x4f, 0x04, 0x18, 
    0xf3, 0xe9, 0xc5, 0x24, 0x7f, 0x95, 0x1d, 0x3d, 0x08, 0xa3, 0x2e, 0x30, 0xcb, 0x32, 0x36, 0x5f, 
    0xa9, 0xbe, 0xaf, 0xfb, 0x2f, 0xf8, 0xf0, 0xa5, 0xff, 0xf3, 0x28, 0xc4, 0x9c, 0x0d, 0x4a, 0x3e, 
    0xb8, 0xd8, 0x88, 0x0b, 0xc0, 0xbf, 0xff, 0xff, 0xd5, 0x0e, 0x04, 0x06, 0xdf, 0x54, 0x26, 0xcf, 
    0xc5, 0x2a, 0x29, 0xd1, 0x2a, 0x38, 0x91, 0x81, 0xcb, 0xee, 0x02, 0xf6, 0x75, 0xaf, 0x5a, 0x34, 
    0xef, 0xbc, 0x9c, 0x75, 0x86, 0x83, 0xc0, 0xed, 0x15, 0x00, 0xeb, 0x8a, 0x70, 0x99, 0xbf, 0x84, 
    0xc1, 0x41, 0xa5, 0x32, 0x1b, 0x0f, 0xaf, 0xa9, 0xbf, 0x2f, 0x52, 0xbf, 0xff, 0xfc, 0x5b, 0xfd, 
    0xff, 0xf3, 0x28, 0xc4, 0xa1, 0x0e, 0xc2, 0x62, 0xb9, 0x9c, 0x53, 0xce, 0xa8, 0xbf, 0xff, 0xff, 
    0xff, 0xfd, 0x06, 0x87, 0x43, 0x9b, 0xf0, 0xa8, 0xf2, 0xd5, 0x0a, 0x40, 0x04, 0x54, 0xc4, 0x08, 
    0x06, 0xfe, 0x68, 0x0e, 0x7a, 0xab, 0x51, 0x29, 0xdf, 0x2c, 0xf5, 0xb6, 0x33, 0xc9, 0x36, 0xad, 
    0x11, 0x1a, 0x7a, 0xba, 0xbd, 0x6a, 0x47, 0x3d, 0x40, 0xd1, 0x86, 0xfc, 0x2e, 0x49, 0xd1, 0xbb, 
    0x48, 0x7d, 0x7f, 0x52, 0x7e, 0x9f, 0xff, 0xf1, 0xff, 0xf3, 0x28, 0xc4, 0xa1, 0x0d, 0xd2, 0x67, 
    0x06, 0x5e, 0x38, 0x0f, 0xc2, 0xc4, 0xff, 0xff, 0xff, 0xff, 0xff, 0xf3, 0x10, 0x26, 0x2e, 0xdf, 
    0x9c, 0x38, 0xda, 0x05, 0xd1, 0x35, 0x00, 0x47, 0xfa, 0x00, 0xe4, 0x04, 0x7a, 0x10, 0xcf, 0x59, 
    0xf3, 0x76, 0x55, 0x54, 0xb1, 0x4f, 0x51, 0xe8, 0xaf, 0x07, 0x73, 0x31, 0x78, 0x73, 0xff, 0x0a, 
    0x30, 0x8b, 0xfe, 0xfe, 0x7f, 0xd5, 0xfa, 0x5b, 0xff, 0xfd, 0x13, 0xfd, 0xbf, 0xff, 0xfe, 0xbf, 
    0xff, 0xf3, 0x28, 0xc4, 0xa4, 0x0e, 0x8a, 0x5e, 0xd1, 0x9c, 0x2a, 0x4a, 0x73, 0xfe, 0xa1, 0xc4, 
    0xc0, 0x97, 0x11, 0xd5, 0x20, 0x48, 0xe0, 0x68, 0xe3, 0x05, 0x03, 0xff, 0x94, 0xcf, 0xc7, 0x71, 
    0x51, 0xfa, 0x66, 0x82, 0xaa, 0x6a, 0x46, 0x54, 0xef, 0x81, 0x2f, 0x97, 0xac, 0xed, 0x53, 0x81, 
    0xbb, 0x7c, 0x31, 0xda, 0x4f, 0x54, 0xf5, 0x56, 0xfc, 0x27, 0xdb, 0xf4, 0xff, 0x82, 0x0c, 0x7f, 
    0xff, 0xfe, 0x3c, 0x67, 0x29, 0xff, 0xff, 0xb9, 0xff, 0xf3, 0x28, 0xc4, 0xa4, 0x0e, 0xea, 0x62, 
    0xbd, 0xbc, 0x3e, 0x0e, 0xa9, 0x8f, 0xe5, 0x0a, 0x48, 0xd9, 0x40, 0x4b, 0xf2, 0x28, 0xf4, 0x73, 
    0x9c, 0xd1, 0x49, 0x9f, 0x79, 0xb1, 0xd3, 0xce, 0x50, 0x7f, 0xe4, 0x5a, 0xff, 0xe4, 0x45, 0x5f, 
    0xfd, 0x4c, 0xe8, 0x0f, 0xe1, 0xbd, 0x82, 0x0d, 0xf2, 0x89, 0x6a, 0xdb, 0xfe, 0x0c, 0x3b, 0xbf, 
    0xb1, 0x1f, 0xfe, 0xb2, 0x6e, 0xe7, 0x7f, 0xff, 0xe2, 0xca, 0x02, 0xc9, 0x63, 0x09, 0x5b, 0x68, 
    0xff, 0xf3, 0x28, 0xc4, 0xa3, 0x0c, 0xca, 0x32, 0xbd, 0x7a, 0x13, 0xc4, 0xa8, 0x76, 0x01, 0xfe, 
    0xe3, 0x5c, 0xc4, 0x36, 0xaa, 0x22, 0x02, 0x4a, 0xf1, 0x59, 0xa4, 0x1a, 0x76, 0x63, 0xf9, 0x01, 
    0x9f, 0xf6, 0x69, 0xdf, 0x37, 0xe9, 0xfa, 0x97, 0xff, 0xf6, 0xff, 0xa1, 0x3f, 0xff, 0xff, 0xfc, 
    0xa1, 0x99, 0xfe, 0xca, 0x04, 0xfd, 0x3f, 0xff, 0x4d, 0x0d, 0xb2, 0x40, 0x91, 0x48, 0x0c, 0x00, 
    0x7f, 0xab, 0xe7, 0xa6, 0xa7, 0x89, 0x9f, 0x8e, 0xff, 0xf3, 0x28, 0xc4, 0xaa, 0x0c, 0xf1, 0x7a, 
    0xda, 0x3c, 0x6a, 0xc4, 0xe2, 0xb9, 0xac, 0xa2, 0xcc, 0x2c, 0xde, 0x06, 0x3d, 0x19, 0x38, 0x8c, 
    0x22, 0xd4, 0x8f, 0xdd, 0xfd, 0x3f, 0x57, 0x6e, 0xbf, 0xff, 0xf3, 0x0b, 0x9f, 0xff, 0xff, 0xff, 
    0x51, 0x80, 0x53, 0xf5, 0x0c, 0x4b, 0xf5, 0x2a, 0x00, 0x7f, 0x93, 0x5f, 0xd6, 0x4b, 0xfa, 0x5c, 
    0xf6, 0x89, 0xf5, 0xdb, 0x18, 0xaf, 0xb5, 0xe3, 0x47, 0xd4, 0x95, 0xac, 0xc9, 0x8f, 0x80, 0xc6, 
    0xff, 0xf3, 0x28, 0xc4, 0xb1, 0x0d, 0x19, 0x1e, 0xd9, 0x9c, 0x0a, 0xc4, 0x5a, 0x31, 0x3e, 0x5b, 
    0x15, 0x17, 0xf9, 0x87, 0x30, 0xf7, 0x7f, 0x4f, 0xa0, 0xaf, 0xc9, 0xff, 0xff, 0xfd, 0xdf, 0xff, 
    0xff, 0xff, 0xff, 0xff, 0xa4, 0x64, 0x72, 0xb5, 0x14, 0x6d, 0xa0, 0x00, 0x5d, 0x90, 0x3a, 0x01, 
    0xce, 0xf9, 0xfb, 0x9c, 0x33, 0x47, 0x11, 0x81, 0x88, 0x6c, 0xa5, 0xe8, 0x09, 0xba, 0x81, 0x13, 
    0xe9, 0x51, 0x1c, 0x3b, 0x86, 0xff, 0x9d, 0xff, 0xff, 0xf3, 0x28, 0xc4, 0xb7, 0x0c, 0x6a, 0x66, 
    0xfa, 0x5e, 0x38, 0x05, 0xc2, 0xcf, 0x3b, 0xff, 0xa7, 0xff, 0xfe, 0xff, 0xff, 0xff, 0xfa, 0x0c, 
    0x31, 0xfe, 0xc0, 0x88, 0xfe, 0xff, 0xff, 0x9a, 0x00, 0x5b, 0x74, 0x09, 0x2d, 0x02, 0x00, 0x0c, 
    0xcb, 0x9e, 0x0f, 0x8f, 0x5c, 0x94, 0x1b, 0x1d, 0xad, 0xd9, 0x2a, 0x98, 0x83, 0xf8, 0x5b, 0x70, 
    0x4f, 0xad, 0xbf, 0xf8, 0x9f, 0xe4, 0x1e, 0x8f, 0xa7, 0xf6, 0x6f, 0xe9, 0x4f, 0xff, 0xff, 0xff, 
    0xff, 0xf3, 0x28, 0xc4, 0xc0, 0x0c, 0x4a, 0x62, 0xe1, 0xbe, 0x38, 0x05, 0xc2, 0xff, 0xff, 0xd1, 
    0x89, 0xf8, 0xc0, 0xd7, 0xfe, 0x95, 0x02, 0x49, 0x3c, 0x08, 0xe4, 0x0e, 0x20, 0x3f, 0xd0, 0x45, 
    0x6e, 0x33, 0x7c, 0xc0, 0xcc, 0xdb, 0xc4, 0x7a, 0xb4, 0xb6, 0x44, 0xde, 0x42, 0xfc, 0x5b, 0xf9, 
    0xef, 0xf9, 0xdf, 0x56, 0xf9, 0xed, 0xff, 0xff, 0xf9, 0xac, 0xff, 0xdf, 0x7f, 0xff, 0xb8, 0x90, 
    0x0e, 0xcf, 0xf7, 0x51, 0x25, 0xff, 0xff, 0xad, 0xff, 0xf3, 0x28, 0xc4, 0xc9, 0x0c, 0x9a, 0x3a, 
    0xbd, 0x50, 0x03, 0xc4, 0x5c, 0x56, 0x76, 0x68, 0xb9, 0x35, 0xef, 0xc2, 0xf0, 0x02, 0x70, 0x22, 
    0x6f, 0x68, 0xc1, 0xef, 0xac, 0xd2, 0x0d, 0x30, 0x25, 0x1f, 0xf9, 0xa7, 0x23, 0x53, 0xd7, 0xf3, 
    0x03, 0xfc, 0xb9, 0xe6, 0x60, 0x4f, 0x20, 0x63, 0x45, 0xf4, 0x5f, 0xd3, 0xf8, 0xb1, 0x69, 0xff, 
    0x4f, 0xfc, 0x5f, 0xff, 0xff, 0xff, 0xf4, 0xff, 0xf7, 0x53, 0x81, 0x83, 0xe7, 0xda, 0x87, 0x28, 
    0xff, 0xf3, 0x28, 0xc4, 0xd1, 0x0c, 0xc2, 0x62, 0xd6, 0x5e, 0x38, 0x05, 0xc0, 0x59, 0x80, 0xc3, 
    0xd4, 0x8d, 0x6a, 0x56, 0xb9, 0x74, 0x0b, 0x6d, 0x02, 0xb0, 0x17, 0x40, 0xc9, 0xde, 0xcb, 0x4b, 
    0x38, 0xa4, 0xeb, 0x64, 0x0b, 0x6d, 0x38, 0xa5, 0xd6, 0x42, 0xc9, 0x17, 0xf1, 0xfb, 0xc4, 0x9f, 
    0x52, 0x84, 0x60, 0x53, 0x3c, 0xec, 0xa5, 0x33, 0xfe, 0x83, 0xfe, 0x6b, 0xea, 0xff, 0xff, 0xb9, 
    0xb3, 0x7f, 0xff, 0xff, 0xcc, 0x25, 0xcf, 0xf8, 0xff, 0xf3, 0x28, 0xc4, 0xd9, 0x0c, 0x22, 0x62, 
    0xe6, 0x3e, 0x02, 0x4a, 0x4e, 0x20, 0x9f, 0xff, 0xf9, 0x4a, 0xbc, 0x6b, 0xed, 0x6d, 0x6f, 0xf7, 
    0xd7, 0x01, 0xa0, 0xaa, 0x6b, 0x73, 0xf5, 0xbd, 0x54, 0x5c, 0x5f, 0x9c, 0x63, 0xb2, 0x99, 0x94, 
    0x7f, 0x22, 0x6e, 0x53, 0xc7, 0xc0, 0x58, 0x5c, 0xcf, 0xb7, 0xc4, 0xfc, 0xef, 0xda, 0xfc, 0xff, 
    0xe8, 0x6b, 0xfb, 0x33, 0xff, 0xff, 0x6a, 0x8a, 0x17, 0xeb, 0xf6, 0x1a, 0x12, 0x1e, 0x4f, 0x94, 
    0xff, 0xf3, 0x28, 0xc4, 0xe3, 0x0c, 0x72, 0x66, 0xe6, 0x3e, 0x50, 0x0b, 0xc2, 0xff, 0x23, 0xfe, 
    0xa3, 0x95, 0x76, 0xbb, 0x64, 0x48, 0x59, 0xb5, 0x70, 0x00, 0xfe, 0x8f, 0xf5, 0xa7, 0x8a, 0x33, 
    0x75, 0x61, 0x8b, 0xef, 0x2d, 0x16, 0xd0, 0x6b, 0x91, 0x33, 0xf3, 0xcb, 0x72, 0x1f, 0x17, 0x81, 
    0x3c, 0x80, 0x90, 0xf5, 0x4b, 0xfd, 0x7f, 0x8c, 0x67, 0xd2, 0xdf, 0x6b, 0x7f, 0x38, 0xe5, 0x37, 
    0xe5, 0x27, 0xfb, 0xff, 0xfb, 0xff, 0xfc, 0x20, 0xff, 0xf3, 0x28, 0xc4, 0xec, 0x10, 0x1a, 0x63, 
    0x0e, 0xfe, 0x43, 0x4a, 0xee, 0x61, 0x31, 0xfd, 0x61, 0xd5, 0x96, 0xdb, 0x23, 0x20, 0x2b, 0xed, 
    0x9a, 0x00, 0x95, 0x67, 0x76, 0xa8, 0x7f, 0x0f, 0x4b, 0x48, 0x57, 0xad, 0xde, 0xf8, 0xdf, 0xaf, 
    0x9b, 0xc4, 0x07, 0xb0, 0x3f, 0xff, 0x62, 0x3f, 0x85, 0x88, 0xf3, 0xbf, 0x64, 0xff, 0x98, 0xff, 
    0xd3, 0xff, 0x36, 0xff, 0xf3, 0xbf, 0x4f, 0xe3, 0x61, 0x69, 0x22, 0xab, 0x5d, 0xe8, 0x3c, 0x17, 
    0xff, 0xf3, 0x28, 0xc4, 0xe6, 0x0e, 0x62, 0x66, 0xd2, 0x3e, 0x68, 0x05, 0xc0, 0xa1, 0xaa, 0x26, 
    0xb7, 0x65, 0x3f, 0xeb, 0x40, 0x39, 0x2c, 0x00, 0x1f, 0xe8, 0x58, 0x00, 0xdf, 0xe7, 0x66, 0xcb, 
    0x52, 0x2a, 0x18, 0xb4, 0x71, 0x12, 0xa4, 0xb6, 0x7f, 0x2a, 0x5b, 0x81, 0x5f, 0x09, 0x85, 0x8e, 
    0x12, 0x7f, 0xe8, 0x38, 0x43, 0xea, 0xff, 0xff, 0xff, 0x9e, 0x3a, 0xff, 0xfa, 0xfe, 0x9f, 0xa9, 
    0x41, 0x70, 0x0c, 0x2f, 0x4d, 0x1c, 0xa8, 0xd2, 0xff, 0xf3, 0x28, 0xc4, 0xe7, 0x0e, 0x9a, 0x3b, 
    0x0e, 0x5e, 0x50, 0x4b, 0x6e, 0xf2, 0x54, 0x2a, 0x00, 0x49, 0x60, 0x00, 0x17, 0x62, 0x11, 0x80, 
    0x5d, 0xdc, 0xe8, 0xd9, 0x52, 0x02, 0x06, 0x6a, 0xa3, 0xd5, 0x29, 0xe7, 0x48, 0x0c, 0xa1, 0xaa, 
    0xbe, 0x35, 0x9a, 0xee, 0x14, 0xda, 0x8e, 0x80, 0xd5, 0x1b, 0x8a, 0x01, 0x30, 0xc7, 0xfe, 0x53, 
    0xf9, 0x6e, 0x8b, 0xfd, 0x7f, 0xd0, 0xd3, 0x1f, 0xfb, 0x7f, 0xff, 0xfc, 0xdf, 0xff, 0xb2, 0x00, 
    0xff, 0xf3, 0x28, 0xc4, 0xe7, 0x0e, 0xa2, 0x46, 0xf2, 0x5e, 0x42, 0x8a, 0xee, 0xf0, 0x2a, 0x67, 
    0xac, 0xd2, 0xb8, 0x85, 0x6c, 0xff, 0xf1, 0x73, 0x15, 0x00, 0x27, 0x38, 0x01, 0x24, 0x06, 0x20, 
    0x3f, 0xe7, 0x66, 0x1a, 0x35, 0x95, 0x60, 0xc4, 0xba, 0x6b, 0x32, 0x86, 0xe7, 0xb7, 0x51, 0x5d, 
    0xf8, 0xe7, 0x41, 0x00, 0xf1, 0x7f, 0xfe, 0xa3, 0xe4, 0x5f, 0x3c, 0x6c, 0xdf, 0xfe, 0xef, 0xf9, 
    0xc4, 0x62, 0x62, 0x7f, 0xff, 0xff, 0xa9, 0xc0, 0xff, 0xf3, 0x28, 0xc4, 0xe7, 0x0f, 0x42, 0x6a, 
    0xf6, 0x5e, 0x29, 0xd1, 0x72, 0xa7, 0xda, 0xa0, 0xcc, 0x0c, 0xa3, 0x57, 0x67, 0x77, 0xfc, 0x08, 
    0x0c, 0x49, 0x6b, 0x20, 0x05, 0x6c, 0x4e, 0x01, 0xdf, 0xe1, 0x9d, 0x36, 0x37, 0x99, 0x26, 0x85, 
    0xea, 0xea, 0x61, 0x1c, 0xbe, 0x57, 0xd4, 0x15, 0x27, 0xc9, 0xf9, 0x26, 0x8f, 0x7f, 0xf5, 0xfe, 
    0x12, 0x9b, 0xa3, 0xff, 0x3a, 0xff, 0x9a, 0x60, 0x92, 0x43, 0xf5, 0xff, 0xaf, 0xff, 0xb7, 0xff, 
    0xff, 0xf3, 0x28, 0xc4, 0xe5, 0x0d, 0x8a, 0x66, 0xd2, 0x5e, 0x38, 0x0f, 0xc0, 0xa1, 0x93, 0xc6, 
    0x3c, 0x21, 0xff, 0xff, 0x07, 0x4d, 0x55, 0x02, 0x4a, 0x25, 0x60, 0x09, 0x65, 0x15, 0x81, 0xa8, 
    0x3e, 0x1c, 0x3b, 0xf0, 0xa1, 0x6e, 0xc2, 0x4e, 0xc5, 0x03, 0x61, 0xc1, 0x65, 0x5b, 0x8d, 0x43, 
    0xad, 0x8f, 0x3a, 0x85, 0x0b, 0xc4, 0x7f, 0xfd, 0xcd, 0x6f, 0xa1, 0x9f, 0xff, 0xff, 0xa9, 0xdf, 
    0xeb, 0xfe, 0xcb, 0xff, 0xff, 0xff, 0x55, 0x2a, 0xff, 0xf3, 0x28, 0xc4, 0xe9, 0x10, 0xda, 0x62, 
    0xbe, 0x5e, 0x03, 0x4e, 0x5c, 0x5b, 0xc8, 0xb6, 0x8f, 0xff, 0xd4, 0x02, 0x47, 0x1c, 0x40, 0x09, 
    0x64, 0x71, 0xd1, 0x98, 0x52, 0xa5, 0xcc, 0x2f, 0x57, 0x12, 0x09, 0x3a, 0x0c, 0x82, 0x9c, 0xd8, 
    0xe6, 0x32, 0x4f, 0x0c, 0x09, 0xb8, 0x9f, 0x88, 0x3c, 0x67, 0xff, 0x20, 0xe7, 0xf6, 0x15, 0x4e, 
    0xa9, 0xff, 0xfd, 0x18, 0x59, 0xff, 0xaf, 0xfd, 0x7f, 0xf8, 0xe7, 0xff, 0xe8, 0x42, 0x81, 0x85, 
    0xff, 0xf3, 0x28, 0xc4, 0xe0, 0x0e, 0x7a, 0x66, 0xda, 0x3e, 0x50, 0x05, 0xc2, 0x8f, 0xf3, 0x91, 
    0xcc, 0x39, 0x68, 0xff, 0xfd, 0x3e, 0x8a, 0x02, 0xb5, 0x64, 0x60, 0x09, 0xad, 0x52, 0x01, 0xfb, 
    0x42, 0x0e, 0x1b, 0xd8, 0x44, 0x2d, 0xb5, 0x4c, 0x12, 0x9c, 0xa0, 0xee, 0x3e, 0xde, 0x16, 0x2d, 
    0xc4, 0x3c, 0xda, 0xff, 0xf1, 0x84, 0xfc, 0x0e, 0x6e, 0xdf, 0xd7, 0xfe, 0x40, 0xe5, 0xbb, 0x6e, 
    0x8a, 0xdf, 0x98, 0xff, 0xfa, 0xff, 0xfe, 0x81, 0xff, 0xf3, 0x28, 0xc4, 0xe1, 0x0e, 0x4a, 0x42, 
    0xe6, 0x5e, 0x3a, 0xce, 0x6a, 0xa1, 0xf1, 0x2f, 0xcc, 0xe1, 0xd7, 0x7f, 0xff, 0x8b, 0x10, 0x00, 
    0x39, 0x6c, 0x40, 0x09, 0x68, 0x51, 0x81, 0xff, 0x4c, 0x78, 0x7c, 0x5f, 0x53, 0x82, 0x30, 0x40, 
    0xe6, 0xa1, 0xe0, 0xc7, 0x8c, 0xe3, 0xbf, 0x1b, 0x8c, 0x71, 0x5f, 0x95, 0xc7, 0x3f, 0xfd, 0x9b, 
    0xd0, 0x54, 0x33, 0xcf, 0x37, 0xfd, 0xbf, 0x41, 0x40, 0xe2, 0x7f, 0xeb, 0xff, 0xf5, 0x81, 0x00, 
    0xff, 0xf3, 0x28, 0xc4, 0xe2, 0x0d, 0xba, 0x42, 0xd2, 0x5e, 0x01, 0x54, 0x38, 0x00, 0xbf, 0xc3, 
    0x0c, 0x20, 0xed, 0xef, 0xff, 0xf9, 0x2a, 0x00, 0x6d, 0xed, 0x84, 0x9b, 0xff, 0x93, 0x00, 0x57, 
    0xf3, 0xa3, 0x6d, 0x39, 0x1d, 0x57, 0xe3, 0xaa, 0x4c, 0x8f, 0xe1, 0x6d, 0xc6, 0x79, 0x33, 0xff, 
    0xf4, 0x5f, 0xc3, 0x83, 0xf5, 0x2f, 0xf5, 0x76, 0xfd, 0x10, 0x61, 0xdb, 0xad, 0x1d, 0xd7, 0xf5, 
    0x72, 0xff, 0xeb, 0xff, 0xf6, 0x18, 0x43, 0x9f, 0xff, 0xf3, 0x28, 0xc4, 0xe6, 0x0f, 0xa2, 0x6e, 
    0xe2, 0x5e, 0x02, 0x8a, 0x3e, 0xfe, 0xbf, 0x4f, 0x86, 0xea, 0x02, 0x36, 0xe3, 0x40, 0x07, 0x23, 
    0x52, 0x01, 0x90, 0x02, 0xc2, 0x01, 0x62, 0x94, 0x85, 0x83, 0x7b, 0x08, 0xd0, 0x17, 0x12, 0xf8, 
    0x42, 0x5f, 0x40, 0x87, 0xc9, 0x34, 0x73, 0xff, 0x9e, 0x5f, 0xe8, 0x3c, 0xfd, 0xff, 0xff, 0xef, 
    0x6f, 0xd3, 0xff, 0x7f, 0xfe, 0x9f, 0xfd, 0x67, 0xb0, 0x96, 0x7c, 0xcf, 0x20, 0xc3, 0x8e, 0x8c, 
    0xff, 0xf3, 0x28, 0xc4, 0xe2, 0x0e, 0xc2, 0x66, 0xea, 0x5e, 0x09, 0xca, 0xae, 0x9d, 0x93, 0xfb, 
    0xab, 0x7d, 0x7f, 0xec, 0xe0, 0xfa, 0x5a, 0x01, 0xa7, 0x23, 0x60, 0x07, 0x1b, 0x11, 0x01, 0xa0, 
    0x9c, 0x5c, 0x69, 0x91, 0x47, 0xbf, 0x17, 0x38, 0xa8, 0x5e, 0xec, 0x37, 0x21, 0xe3, 0x85, 0xf8, 
    0x0e, 0xf1, 0xdc, 0xff, 0xfc, 0xd3, 0xce, 0xfc, 0x6a, 0xeb, 0x3f, 0xc5, 0xdf, 0xfd, 0x4d, 0xff, 
    0xf5, 0x11, 0x30, 0x85, 0x08, 0x00, 0xa7, 0x4b, 0xff, 0xf3, 0x28, 0xc4, 0xe2, 0x0e, 0xa2, 0x66, 
    0xe2, 0x5e, 0x38, 0x05, 0xc2, 0x2b, 0xad, 0xbf, 0xf2, 0xb5, 0x00, 0x37, 0x6c, 0x20, 0x26, 0xe4, 
    0x55, 0x80, 0x7b, 0xce, 0x5a, 0xda, 0x6e, 0x10, 0xc2, 0x6c, 0xf0, 0xb8, 0x17, 0xce, 0xcd, 0xf8, 
    0x28, 0x76, 0x80, 0x13, 0xe3, 0x85, 0xe0, 0xe3, 0xff, 0x8e, 0x9b, 0xf3, 0x49, 0x27, 0xff, 0xbf, 
    0xf8, 0x98, 0xa2, 0x7a, 0x52, 0x8b, 0xfa, 0x27, 0xff, 0x3b, 0xff, 0xac, 0xd1, 0xe1, 0x1c, 0x45, 
    0xff, 0xf3, 0x28, 0xc4, 0xe2, 0x0d, 0x52, 0x3b, 0x02, 0x5e, 0x02, 0x4a, 0x46, 0x15, 0xee, 0xf3, 
    0x0d, 0x1b, 0x12, 0x51, 0xc2, 0x07, 0x12, 0xa1, 0xdb, 0x50, 0xe6, 0xbf, 0xff, 0xfd, 0x06, 0x8a, 
    0x00, 0x48, 0x22, 0x40, 0x17, 0x24, 0x32, 0x00, 0x34, 0xa0, 0xda, 0x5b, 0x89, 0xc3, 0xd3, 0xa9, 
    0x99, 0x6d, 0x1f, 0xc7, 0x9b, 0x84, 0xdd, 0x8e, 0x68, 0xbf, 0xfe, 0xad, 0xf4, 0x3f, 0xff, 0x9b, 
    0xfe, 0x67, 0x3f, 0xfb, 0xff, 0x64, 0xff, 0xff, 0xff, 0xf3, 0x28, 0xc4, 0xe7, 0x0f, 0xe2, 0xf6, 
    0xda, 0x5e, 0x01, 0x4e, 0x3b, 0xff, 0xd1, 0x0e, 0x2b, 0xe6, 0x0c, 0x63, 0x6c, 0xdf, 0xfa, 0xa1, 
    0x57, 0xff, 0xfe, 0x1e, 0x01, 0xb7, 0x22, 0x60, 0x3f, 0x84, 0xc0, 0x3f, 0xd4, 0x8f, 0x18, 0xcf, 
    0xb3, 0x96, 0x14, 0xa7, 0x3c, 0xda, 0x12, 0xd4, 0x81, 0xfc, 0x8c, 0xb7, 0x0e, 0x79, 0x0e, 0x49, 
    0xff, 0xca, 0x37, 0xd4, 0xdf, 0xff, 0xff, 0xd0, 0xe6, 0xff, 0xff, 0xff, 0x54, 0x3b, 0xb7, 0xff, 
    0xff, 0xf3, 0x28, 0xc4, 0xe2, 0x0d, 0x59, 0x1e, 0xda, 0x5e, 0x00, 0x8e, 0x32, 0xff, 0xfd, 0xd3, 
    0xff, 0xfa, 0xc2, 0x55, 0x00, 0x13, 0x35, 0x00, 0xad, 0x6d, 0x87, 0xfc, 0x8b, 0x49, 0xd3, 0x22, 
    0x41, 0x32, 0x36, 0xae, 0xe9, 0xc8, 0x99, 0x75, 0x07, 0x57, 0x48, 0x06, 0x5b, 0xf1, 0xd8, 0xf2, 
    0xdf, 0xfe, 0x09, 0x7f, 0x23, 0x7f, 0xf4, 0x6f, 0xea, 0xa2, 0x08, 0xff, 0xff, 0xec, 0xdf, 0xff, 
    0xff, 0xee, 0x14, 0xc2, 0xce, 0xfb, 0xbf, 0xbf, 0xff, 0xf3, 0x28, 0xc4, 0xe7, 0x12, 0x1a, 0xf6, 
    0xd6, 0x5e, 0x02, 0xce, 0x4e, 0xfc, 0xa8, 0x5d, 0x03, 0xee, 0x80, 0xbb, 0x1b, 0xc0, 0x13, 0x9c, 
    0x99, 0x6a, 0xa4, 0x28, 0x8b, 0x23, 0x66, 0x99, 0x28, 0x5b, 0x2b, 0xf2, 0x12, 0xfa, 0x80, 0x43, 
    0x45, 0x39, 0xa3, 0x9f, 0xfa, 0x1a, 0x9f, 0x89, 0x63, 0xc7, 0x9a, 0x51, 0x7e, 0x84, 0x26, 0xb7, 
    0xea, 0x40, 0x78, 0xe7, 0xfd, 0x3f, 0xaf, 0xff, 0x4f, 0xff, 0xe3, 0x84, 0x24, 0xed, 0xe8, 0x54, 
    0xff, 0xf3, 0x28, 0xc4, 0xd9, 0x0d, 0xb2, 0xf6, 0xe2, 0x5e, 0x01, 0xc4, 0x5e, 0x80, 0xea, 0x3a, 
    0x5b, 0xfd, 0x7f, 0xff, 0xfc, 0x99, 0x00, 0x68, 0xe5, 0x60, 0x2d, 0xf6, 0x16, 0x80, 0x5d, 0xed, 
    0x6a, 0x4f, 0x2c, 0x9c, 0xe5, 0xdf, 0x53, 0xfc, 0x50, 0x5f, 0x40, 0x07, 0xf2, 0xb8, 0xaf, 0xfd, 
    0x02, 0xfe, 0x56, 0x3b, 0xd3, 0xfd, 0xff, 0xf0, 0xed, 0xff, 0x5f, 0xee, 0xdf, 0xff, 0xff, 0xfb, 
    0xb8, 0xff, 0x9d, 0x9f, 0xff, 0xf4, 0x7f, 0xff, 0xff, 0xf3, 0x28, 0xc4, 0xdd, 0x0c, 0x9a, 0xf6, 
    0xda, 0x56, 0x50, 0x0b, 0xc2, 0xfa, 0x44, 0x28, 0x02, 0x59, 0xaa, 0x20, 0x15, 0x3e, 0x5e, 0x81, 
    0xf0, 0x1c, 0x78, 0xb2, 0x4e, 0xe8, 0x19, 0x2e, 0x27, 0x44, 0xaa, 0xe9, 0x37, 0x89, 0x5d, 0x40, 
    0xc7, 0x8f, 0x1e, 0x4b, 0xff, 0xa2, 0x37, 0xe7, 0x3f, 0xff, 0xff, 0xb3, 0x0a, 0x8d, 0xd3, 0xd1, 
    0x9f, 0xee, 0x65, 0xbf, 0xff, 0xff, 0x4c, 0x5e, 0x32, 0x2c, 0xdc, 0xc2, 0x16, 0x15, 0x4b, 0x1c, 
    0xff, 0xf3, 0x28, 0xc4, 0xe5, 0x0d, 0xb2, 0x3e, 0xbe, 0x3c, 0x53, 0x45, 0x24, 0x13, 0x82, 0xaf, 
    0xd6, 0x33, 0xfd, 0x4a, 0x00, 0x35, 0x23, 0x64, 0x19, 0x60, 0x4e, 0x01, 0xff, 0x1d, 0xca, 0xdf, 
    0x60, 0xa8, 0x24, 0xef, 0x94, 0x66, 0x2a, 0x39, 0xbf, 0xc7, 0x8b, 0x70, 0xaf, 0x43, 0x9a, 0x77, 
    0xfe, 0x84, 0xdb, 0xe6, 0x06, 0x4c, 0xd5, 0xdf, 0xfa, 0x7f, 0xa5, 0x3f, 0xff, 0xff, 0xcc, 0x8e, 
    0xae, 0xff, 0x52, 0xfa, 0xff, 0xfb, 0x7f, 0xff, 0xff, 0xf3, 0x28, 0xc4, 0xe9, 0x10, 0x32, 0xf6, 
    0xc9, 0x9c, 0x01, 0x94, 0x46, 0xe1, 0x6a, 0x02, 0x37, 0xe9, 0xe0, 0x42, 0xef, 0xfa, 0x9c, 0x0f, 
    0xf5, 0x26, 0x48, 0xf5, 0x28, 0xd8, 0x4a, 0x69, 0xdf, 0x30, 0x19, 0xd1, 0x02, 0x4f, 0xd4, 0x35, 
    0x47, 0xfd, 0x35, 0xbe, 0x41, 0x0b, 0xfe, 0x07, 0x43, 0xbf, 0x2f, 0xa8, 0x5b, 0xb7, 0x98, 0x5b, 
    0xff, 0xff, 0xf2, 0x98, 0x57, 0xd2, 0x86, 0x73, 0xff, 0x27, 0xff, 0x2f, 0xff, 0xe3, 0x63, 0x3f, 
    0xff, 0xf3, 0x28, 0xc4, 0xe3, 0x0d, 0x3a, 0xf6, 0xce, 0x5e, 0x01, 0xc4, 0x5d, 0xb8, 0xcf, 0xff, 
    0xf4, 0x7f, 0xff, 0xfa, 0x83, 0x5f, 0xae, 0x00, 0x49, 0x6b, 0xa0, 0x09, 0x68, 0x02, 0x81, 0xff, 
    0x10, 0xf9, 0x11, 0x89, 0x69, 0x42, 0x7b, 0x67, 0x19, 0x19, 0x97, 0x74, 0x75, 0x7e, 0x2f, 0xf0, 
    0x19, 0x6d, 0x2d, 0x4f, 0xfd, 0x59, 0xfd, 0x64, 0xdf, 0xff, 0xff, 0x4a, 0x27, 0xff, 0xff, 0xfe, 
    0xed, 0xff, 0xff, 0xff, 0xff, 0xff, 0xea, 0x24, 0xff, 0xf3, 0x28, 0xc4, 0xe9, 0x0f, 0xc2, 0x66, 
    0xc6, 0x5e, 0x02, 0x14, 0x30, 0xbd, 0x75, 0x00, 0x35, 0x85, 0xf9, 0x80, 0xa5, 0xe0, 0x2c, 0x07, 
    0xfa, 0x01, 0x41, 0xa2, 0x68, 0x50, 0x0b, 0x34, 0x60, 0x98, 0x2e, 0x56, 0x55, 0x61, 0xbc, 0xa9, 
    0x67, 0xac, 0xde, 0x42, 0x5f, 0x81, 0x13, 0xec, 0xa4, 0x93, 0x7f, 0xf9, 0xaf, 0xf5, 0x37, 0xff, 
    0xe6, 0xff, 0x38, 0x84, 0xf2, 0x57, 0xff, 0xff, 0xfe, 0xad, 0x2a, 0xff, 0x4f, 0xff, 0xfa, 0xbf, 
    0xff, 0xf3, 0x28, 0xc4, 0xe5, 0x0d, 0x52, 0xf6, 0xda, 0x5e, 0x38, 0x05, 0xc2, 0xfb, 0xfe, 0xa8, 
    0x10, 0x65, 0x01, 0xcb, 0x74, 0x68, 0x27, 0x6b, 0x52, 0x51, 0xfd, 0xcc, 0xff, 0x88, 0x8b, 0xa7, 
    0x3d, 0xde, 0xa2, 0x44, 0x1e, 0x34, 0xe7, 0x88, 0x07, 0xaa, 0x6d, 0x1d, 0xf9, 0xc7, 0xf0, 0xcf, 
    0x73, 0xd3, 0xff, 0x91, 0xff, 0x1a, 0x5e, 0xff, 0xd6, 0x6f, 0xec, 0x2a, 0x8f, 0xfe, 0xbf, 0xff, 
    0xff, 0xff, 0xfb, 0x07, 0x4a, 0x21, 0xe8, 0xc7, 0xff, 0xf3, 0x28, 0xc4, 0xea, 0x10, 0xb2, 0xfa, 
    0xce, 0x7e, 0x12, 0xca, 0xb0, 0x0f, 0x93, 0x6a, 0x7f, 0xef, 0xff, 0xff, 0x52, 0x89, 0x33, 0x93, 
    0x07, 0xbd, 0xc0, 0x49, 0x20, 0x41, 0xfe, 0xc0, 0x2c, 0xf7, 0x42, 0xf5, 0x77, 0x10, 0xb6, 0xce, 
    0x49, 0x3c, 0x7a, 0x34, 0xc9, 0xaf, 0x92, 0x05, 0xba, 0x80, 0xc7, 0x7c, 0xeb, 0x8f, 0x5f, 0xfd, 
    0x00, 0xc5, 0x37, 0xb0, 0x22, 0x7f, 0xeb, 0xbf, 0xf0, 0xc2, 0xdf, 0xcd, 0x19, 0xd7, 0xf9, 0xe7, 
    0xff, 0xf3, 0x28, 0xc4, 0xe2, 0x0c, 0x9a, 0xfa, 0xc6, 0x5e, 0x50, 0x05, 0xc0, 0xd1, 0xa9, 0x00, 
    0x1e, 0xb3, 0xdf, 0xff, 0xf0, 0xf2, 0x05, 0xbb, 0x80, 0x38, 0xc9, 0xa1, 0xfe, 0x80, 0x38, 0x55, 
    0x1e, 0x90, 0xef, 0xea, 0x24, 0xdd, 0x87, 0xae, 0xaa, 0xf8, 0xfd, 0xd6, 0x0d, 0x86, 0xce, 0xa2, 
    0x6a, 0x7f, 0xea, 0x39, 0x7f, 0x11, 0xff, 0xf6, 0xff, 0x6a, 0x3f, 0xff, 0xfd, 0x7f, 0xf5, 0xbf, 
    0xdf, 0xfa, 0x80, 0xc6, 0x2b, 0x7b, 0x09, 0x8c, 0xff, 0xf3, 0x28, 0xc4, 0xea, 0x0f, 0x62, 0xfa, 
    0xc6, 0xfe, 0x50, 0x0b, 0xc0, 0x7f, 0xff, 0xfa, 0x13, 0x02, 0x2a, 0x80, 0x0a, 0xd6, 0x82, 0x0f, 
    0xf5, 0x31, 0xd0, 0x71, 0x52, 0xb0, 0x2a, 0x2c, 0x62, 0x1b, 0x05, 0x2e, 0x32, 0xf5, 0xa7, 0x11, 
    0x86, 0x33, 0x80, 0x1b, 0x6f, 0x98, 0x8d, 0xc5, 0x73, 0xaf, 0xef, 0xf0, 0x9c, 0xe6, 0xa6, 0xe0, 
    0xeb, 0xcd, 0xff, 0xb7, 0xee, 0x50, 0xf2, 0x5f, 0xf5, 0xfe, 0xff, 0xfd, 0xd7, 0xed, 0xfa, 0x11, 
    0xff, 0xf3, 0x28, 0xc4, 0xe7, 0x10, 0x42, 0xf6, 0xde, 0x5e, 0x03, 0xca, 0x32, 0x34, 0x8a, 0x72, 
    0xda, 0xbe, 0x71, 0x9f, 0xcb, 0x0e, 0x01, 0x78, 0x92, 0x0e, 0x46, 0xdb, 0x03, 0xfa, 0x6b, 0x3c, 
    0xd8, 0x7e, 0x1b, 0x50, 0x47, 0x8d, 0x6a, 0x26, 0xd1, 0x4a, 0xea, 0x11, 0x8b, 0x35, 0x02, 0x1d, 
    0x23, 0x67, 0x28, 0xfe, 0xde, 0xa2, 0x20, 0xbd, 0xbd, 0x04, 0xed, 0xcf, 0xfe, 0x8c, 0xdf, 0xd0, 
    0xbf, 0xfd, 0x53, 0xe9, 0xff, 0xf6, 0xff, 0xfa, 0xff, 0xf3, 0x28, 0xc4, 0xe1, 0x0e, 0x29, 0x7e, 
    0xb1, 0x9c, 0x53, 0x44, 0xe8, 0xb8, 0xe8, 0xd4, 0xcf, 0xcf, 0x20, 0xff, 0xff, 0xf5, 0xff, 0xff, 
    0x51, 0x60, 0xb5, 0x00, 0x15, 0x22, 0x40, 0x29, 0x23, 0x0a, 0x00, 0xaf, 0xcd, 0x79, 0xed, 0x8b, 
    0x1b, 0xbb, 0xaa, 0x3c, 0x77, 0xaf, 0xaf, 0x85, 0x7a, 0x3a, 0xd7, 0xff, 0x98, 0xe7, 0xfa, 0x92, 
    0xf6, 0xff, 0x6f, 0xe8, 0x3a, 0x2f, 0x67, 0xfe, 0xb6, 0xfa, 0x9f, 0xff, 0xff, 0xff, 0xa2, 0x57, 
    0xff, 0xf3, 0x28, 0xc4, 0xe3, 0x0d, 0x7a, 0x62, 0xb5, 0x9c, 0x13, 0x4a, 0xcc, 0xf6, 0x74, 0x7f, 
    0xff, 0xd2, 0xdf, 0xff, 0xec, 0x25, 0x8c, 0xed, 0x0f, 0xf8, 0x59, 0x16, 0x64, 0x03, 0xc0, 0x7f, 
    0xa9, 0x3c, 0xa4, 0xbd, 0x58, 0xab, 0x2f, 0x42, 0x18, 0xe5, 0x56, 0x6f, 0x57, 0xd4, 0x05, 0x74, 
    0x42, 0xea, 0x9f, 0x3f, 0xe3, 0xdf, 0xa1, 0xbd, 0x3f, 0xff, 0xfa, 0xff, 0xff, 0xff, 0xf5, 0x2a, 
    0x3f, 0xa3, 0xa7, 0xff, 0xfd, 0x5f, 0xff, 0xfd, 0xff, 0xf3, 0x28, 0xc4, 0xe8, 0x10, 0x02, 0x42, 
    0xa9, 0xbc, 0x3b, 0x4f, 0x24, 0x82, 0x0a, 0x41, 0x01, 0xd9, 0x63, 0xa4, 0x79, 0xbe, 0x32, 0x81, 
    0xfe, 0xa3, 0x54, 0x3a, 0xbd, 0x58, 0x1f, 0xc1, 0x0d, 0x51, 0x6d, 0x27, 0xdb, 0x28, 0xfc, 0x06, 
    0xf4, 0x34, 0x66, 0x0c, 0xde, 0x37, 0xc8, 0xff, 0x40, 0xe9, 0xd3, 0xfd, 0x7f, 0x98, 0xc2, 0x07, 
    0x6f, 0xac, 0x8a, 0xed, 0xf7, 0x5f, 0xfd, 0x9f, 0xff, 0xea, 0x27, 0xfd, 0x43, 0x8a, 0x6b, 0x7f, 
    0xff, 0xf3, 0x28, 0xc4, 0xe3, 0x0f, 0xe2, 0xf6, 0xc5, 0xbc, 0x03, 0x4e, 0x4f, 0xff, 0xff, 0xff, 
    0x89, 0x45, 0x00, 0x49, 0xb5, 0x89, 0x5d, 0xac, 0x72, 0x80, 0x67, 0xec, 0x57, 0xd3, 0x62, 0x21, 
    0xba, 0x4d, 0xcd, 0x2f, 0xae, 0xff, 0x4f, 0x09, 0xbd, 0xc6, 0xd3, 0x7f, 0xf3, 0x05, 0xe4, 0xfe, 
    0x84, 0x2f, 0xaf, 0xf6, 0xff, 0x42, 0xe3, 0x87, 0xff, 0xcc, 0xfe, 0x9f, 0xfd, 0x7f, 0xff, 0x2a, 
    0xc5, 0xdf, 0xc3, 0x3f, 0xff, 0xf0, 0x12, 0x01, 0xff, 0xf3, 0x28, 0xc4, 0xde, 0x0e, 0x02, 0xf6, 
    0xce, 0x5e, 0x01, 0x8e, 0x4e, 0x47, 0x23, 0x68, 0x57, 0x1a, 0x3c, 0x3f, 0xc0, 0xe8, 0xd7, 0x91, 
    0xeb, 0x86, 0x5a, 0xf4, 0xd8, 0x2a, 0xb1, 0x3e, 0x4c, 0x1d, 0xd4, 0x65, 0xd1, 0xe3, 0x6e, 0x3c, 
    0x31, 0xc3, 0x3d, 0x90, 0x27, 0x8d, 0x8b, 0xf5, 0x21, 0xee, 0x41, 0xff, 0x0d, 0x91, 0xe9, 0xfa, 
    0xbf, 0xfa, 0xb3, 0x17, 0xff, 0xaf, 0xf3, 0x7f, 0xff, 0xff, 0xf7, 0x45, 0x7f, 0xc7, 0x88, 0x39, 
    0xff, 0xf3, 0x28, 0xc4, 0xe1, 0x0c, 0xb2, 0xfa, 0xc1, 0xbe, 0x38, 0x0b, 0xc1, 0xff, 0xff, 0xc4, 
    0x21, 0xaa, 0x02, 0x59, 0x24, 0xa8, 0xbb, 0x64, 0x72, 0x01, 0xfe, 0x78, 0x03, 0xd4, 0x56, 0x83, 
    0x13, 0x62, 0x80, 0xd2, 0xf1, 0x38, 0xf3, 0x89, 0xc0, 0xe6, 0x73, 0x8b, 0xf9, 0x9e, 0x1b, 0xfa, 
    0xbf, 0xfa, 0xdc, 0x5f, 0xd4, 0xed, 0xdb, 0xf5, 0x5f, 0xfa, 0x08, 0x7f, 0xfc, 0xff, 0x42, 0xb7, 
    0xfe, 0xff, 0xff, 0x43, 0x01, 0x80, 0x9f, 0xea, 0xff, 0xf3, 0x28, 0xc4, 0xe9, 0x0f, 0x22, 0xfa, 
    0xc2, 0x5e, 0x11, 0xc4, 0xe8, 0x70, 0xec, 0xa3, 0xff, 0xf4, 0x06, 0x2a, 0x03, 0xcd, 0x81, 0x48, 
    0x98, 0x90, 0x01, 0x86, 0x3c, 0x28, 0x5b, 0x9c, 0xeb, 0xca, 0x96, 0xc7, 0xbd, 0xdf, 0x94, 0x6d, 
    0x41, 0x03, 0x9c, 0xaf, 0x4f, 0xa7, 0xa8, 0x57, 0x7f, 0x52, 0xbf, 0xff, 0xff, 0xd1, 0x5f, 0xfe, 
    0xcb, 0xf9, 0xdb, 0xff, 0xff, 0xfe, 0xee, 0x9f, 0xa9, 0x10, 0xff, 0xff, 0xff, 0xff, 0xfc, 0x5d, 
    0xff, 0xf3, 0x28, 0xc4, 0xe7, 0x0d, 0x2a, 0x3e, 0xe6, 0x5e, 0x02, 0xce, 0x4e, 0x01, 0x3c, 0x83, 
    0xbd, 0x2c, 0x09, 0xf5, 0xa4, 0x71, 0x39, 0xd7, 0x35, 0x73, 0x36, 0xe4, 0x07, 0x9b, 0x3a, 0xd4, 
    0xe6, 0xbc, 0xdc, 0xb3, 0x50, 0x27, 0x7c, 0x98, 0x61, 0x2a, 0xb7, 0x97, 0xe6, 0x1f, 0xe8, 0x40, 
    0xe8, 0xef, 0xff, 0x6f, 0xea, 0x40, 0x29, 0xdb, 0xdf, 0x31, 0x7f, 0x47, 0xff, 0xe8, 0x4f, 0xbf, 
    0xe9, 0x0c, 0x05, 0x37, 0xd8, 0x6b, 0x8c, 0xb7, 0xff, 0xf3, 0x28, 0xc4, 0xed, 0x10, 0x22, 0x62, 
    0xc6, 0x5c, 0x03, 0xce, 0x32, 0x6f, 0xfa, 0xdb, 0xfa, 0x7f, 0xc5, 0x14, 0x02, 0xbb, 0x83, 0x30, 
    0x20, 0x8e, 0xe4, 0x6d, 0x7b, 0x3c, 0x56, 0x4b, 0x9b, 0x6b, 0x76, 0x3a, 0x3b, 0x9b, 0x5a, 0xf9, 
    0x5a, 0x3a, 0xc2, 0x49, 0xd2, 0x66, 0xff, 0x6f, 0x65, 0xfe, 0x57, 0xbf, 0xfc, 0x1c, 0x7f, 0x99, 
    0xff, 0x81, 0x5d, 0x47, 0x08, 0x02, 0xad, 0xe2, 0xff, 0xff, 0xf2, 0x0a, 0x00, 0x35, 0x2b, 0x48, 
    0xff, 0xf3, 0x28, 0xc4, 0xe7, 0x0f, 0x12, 0x62, 0xda, 0x5e, 0x38, 0x45, 0x42, 0x7b, 0x93, 0x0a, 
    0x80, 0x53, 0xea, 0x4a, 0xfc, 0xd2, 0x44, 0x67, 0x9f, 0x8b, 0x40, 0xbb, 0x55, 0x1a, 0xe3, 0x6f, 
    0xc1, 0xab, 0x3e, 0x05, 0xbf, 0xc3, 0x45, 0x10, 0x53, 0xe1, 0xf2, 0xf4, 0x1e, 0xdd, 0x10, 0xc0, 
    0xc5, 0xee, 0xff, 0x9b, 0xfd, 0x4a, 0xcf, 0xfd, 0x98, 0x57, 0xf9, 0xff, 0xff, 0xff, 0xe8, 0x51, 
    0xc0, 0x21, 0xba, 0x93, 0xfd, 0x41, 0xde, 0xde, 0xff, 0xf3, 0x28, 0xc4, 0xe5, 0x0c, 0xea, 0xf6, 
    0xb5, 0x9e, 0x02, 0x84, 0x5c, 0x26, 0x03, 0xb7, 0x5d, 0x00, 0x37, 0x1c, 0x88, 0xc9, 0x1b, 0x6c, 
    0x0d, 0xbd, 0x39, 0x3d, 0xa3, 0x68, 0x16, 0xcb, 0x9d, 0x47, 0xcf, 0x64, 0x18, 0x76, 0x34, 0x51, 
    0x77, 0xa1, 0xcd, 0xc2, 0x2f, 0x62, 0x68, 0xef, 0xe9, 0xf6, 0x31, 0xfc, 0xe1, 0xe7, 0xe7, 0x7f, 
    0x5f, 0xf9, 0x53, 0x4b, 0xfe, 0xa7, 0xa1, 0x3f, 0xd9, 0xbf, 0xff, 0xff, 0xf6, 0x62, 0x2f, 0xc4, 
    0xff, 0xf3, 0x28, 0xc4, 0xec, 0x10, 0x7a, 0xf6, 0xa1, 0x94, 0x03, 0x4a, 0x5c, 0x6e, 0xff, 0xff, 
    0x59, 0x35, 0x00, 0x49, 0x75, 0xd5, 0xd9, 0xf5, 0x57, 0x01, 0x3e, 0xb7, 0x5b, 0xe2, 0xca, 0x43, 
    0x56, 0x36, 0x70, 0x34, 0xae, 0x20, 0x6a, 0xd7, 0x94, 0x67, 0x83, 0xde, 0x8c, 0xf6, 0xf9, 0xbf, 
    0xb7, 0xd0, 0x45, 0x32, 0xea, 0xad, 0xf5, 0x31, 0x3f, 0xa8, 0x54, 0xe2, 0xf1, 0x77, 0x8a, 0xa9, 
    0xfa, 0x3f, 0xfe, 0xb1, 0x0e, 0x94, 0x8a, 0x7f, 0xff, 0xf3, 0x28, 0xc4, 0xe5, 0x0c, 0x01, 0x1e, 
    0xa1, 0x92, 0x01, 0x9a, 0x50, 0x77, 0xf5, 0xac, 0x3a, 0x68, 0x3e, 0x53, 0x83, 0xfe, 0x6c, 0x49, 
    0x16, 0xb2, 0x8f, 0x18, 0xc7, 0x88, 0x33, 0x04, 0x4f, 0xc4, 0x48, 0xf5, 0x11, 0x05, 0xe1, 0x3a, 
    0x7d, 0x02, 0xcd, 0x7d, 0x0e, 0xf4, 0x33, 0xf3, 0x09, 0x7f, 0xfb, 0x37, 0xf9, 0xa1, 0x8f, 0xde, 
    0xd3, 0x5f, 0xe8, 0x7f, 0xff, 0x77, 0xfa, 0x7d, 0x07, 0x4a, 0x91, 0x26, 0xfe, 0x8c, 0x82, 0x41, 
    0xff, 0xf3, 0x28, 0xc4, 0xf0, 0x10, 0xaa, 0x42, 0xaa, 0x5e, 0x02, 0xca, 0x5c, 0xd3, 0xa2, 0xa3, 
    0x3a, 0xff, 0xe5, 0x43, 0x35, 0x2c, 0x1b, 0x00, 0xc1, 0x72, 0xb2, 0xfc, 0x48, 0x2f, 0xa4, 0x89, 
    0x98, 0x4b, 0x11, 0x0d, 0x53, 0x7a, 0x8b, 0xdb, 0x50, 0x3a, 0xd9, 0x43, 0x73, 0x7f, 0xf1, 0xdb, 
    0xee, 0x11, 0x7a, 0xff, 0x7f, 0xfa, 0x80, 0xb7, 0xf5, 0xa3, 0xfe, 0xff, 0xfc, 0x9f, 0xfe, 0x97, 
    0x60, 0xdf, 0xd1, 0x7f, 0xff, 0xf5, 0xff, 0xff, 0xff, 0xf3, 0x28, 0xc4, 0xe8, 0x0e, 0xe2, 0x42, 
    0xc2, 0x5c, 0x02, 0xce, 0x56, 0x41, 0x2a, 0x00, 0xa4, 0xe2, 0x0e, 0xd8, 0x83, 0x80, 0x33, 0xd9, 
    0x9e, 0xda, 0xf0, 0x5a, 0xe6, 0xb2, 0x81, 0x98, 0x92, 0x01, 0xbe, 0xdc, 0x45, 0x5d, 0x01, 0xbd, 
    0xd1, 0xd5, 0x7f, 0xf9, 0x11, 0x67, 0xa1, 0xc5, 0x4a, 0x3d, 0x7f, 0xaa, 0x5d, 0xbe, 0x83, 0xe1, 
    0xc2, 0x5b, 0xee, 0xbf, 0x6f, 0xdf, 0xff, 0x4a, 0xff, 0xfa, 0x91, 0x2a, 0x45, 0x3e, 0xa6, 0x0f, 
    0xff, 0xf3, 0x28, 0xc4, 0xe7, 0x0e, 0x79, 0x82, 0xe2, 0x5e, 0x02, 0x0e, 0x5a, 0x7f, 0xff, 0xff, 
    0xff, 0xea, 0xc5, 0x0d, 0x0b, 0x8a, 0xbd, 0x1c, 0x08, 0x42, 0x9f, 0x04, 0x2a, 0x32, 0x26, 0x7a, 
    0x1c, 0x7e, 0xa4, 0x8f, 0xa8, 0x10, 0x74, 0x16, 0x9a, 0x67, 0xcd, 0x7f, 0x20, 0x6f, 0xce, 0x37, 
    0xff, 0xbd, 0xbf, 0x41, 0x80, 0x8a, 0x22, 0xff, 0xdf, 0xf6, 0xff, 0xca, 0x48, 0xbe, 0xdf, 0x47, 
    0x71, 0xb1, 0x2c, 0xb9, 0x53, 0x3f, 0xff, 0xf3, 0xff, 0xf3, 0x28, 0xc4, 0xe8, 0x0f, 0x9a, 0x62, 
    0x90, 0x54, 0x2b, 0x4f, 0x20, 0xd5, 0x02, 0xc8, 0xe4, 0x6e, 0x47, 0x1d, 0x80, 0x3e, 0x68, 0xa4, 
    0xce, 0x07, 0x87, 0x21, 0x99, 0xa4, 0x58, 0x0e, 0x0d, 0xba, 0x21, 0xec, 0xf8, 0xa4, 0x5d, 0xa0, 
    0x05, 0xf3, 0x46, 0x5b, 0xff, 0xe2, 0x6e, 0x9e, 0xa8, 0xdd, 0xcd, 0xfa, 0xff, 0xa0, 0x0c, 0x24, 
    0xdf, 0x6b, 0x0a, 0x99, 0xff, 0x37, 0xff, 0x3b, 0xfd, 0xfe, 0xe3, 0x44, 0x04, 0x00, 0xc2, 0x4d, 
    0xff, 0xf3, 0x28, 0xc4, 0xe4, 0x0d, 0x1a, 0xf6, 0x90, 0x54, 0x02, 0x84, 0x5c, 0xd5, 0x85, 0x46, 
    0x89, 0xef, 0x72, 0xd7, 0xf2, 0xdb, 0xff, 0xfd, 0xe3, 0x4e, 0x00, 0xe6, 0xdb, 0xc2, 0x5f, 0xb6, 
    0xc0, 0x35, 0x1a, 0xb3, 0x5a, 0xda, 0x2d, 0x09, 0xbd, 0x7a, 0x3e, 0x78, 0x48, 0xd0, 0xc1, 0xdf, 
    0xff, 0xd5, 0xff, 0x37, 0xff, 0xd9, 0x8f, 0xfc, 0xf1, 0xf0, 0x85, 0x24, 0xf4, 0xdd, 0x5f, 0xf9, 
    0xff, 0xfc, 0x90, 0x83, 0xd5, 0xbe, 0x87, 0x8a, 0xff, 0xf3, 0x28, 0xc4, 0xea, 0x10, 0x02, 0xfa, 
    0x95, 0xbe, 0x02, 0xce, 0x4c, 0x82, 0xb9, 0xff, 0xee, 0xcf, 0xaf, 0xff, 0xff, 0xff, 0xe8, 0x44, 
    0xd5, 0x0a, 0x3f, 0xd0, 0xcc, 0x7c, 0x74, 0x5b, 0x36, 0x06, 0x0c, 0x27, 0x98, 0xe8, 0x43, 0xdf, 
    0xa9, 0x7d, 0x00, 0xd6, 0xa1, 0xe3, 0x7f, 0x1c, 0x5f, 0xa3, 0x7b, 0xfe, 0x9a, 0x7e, 0xca, 0x19, 
    0x6f, 0xe8, 0x54, 0xb7, 0xd2, 0x67, 0xff, 0x66, 0xf4, 0x56, 0xf5, 0x61, 0x18, 0xa0, 0x51, 0xdc, 
    0xff, 0xf3, 0x28, 0xc4, 0xe5, 0x0d, 0x1a, 0x3a, 0x7c, 0x00, 0x00, 0x94, 0x50, 0x3d, 0xff, 0xfe, 
    0x92, 0x6a, 0xb9, 0x30, 0x0b, 0x3f, 0x21, 0xab, 0xc8, 0x5b, 0xf2, 0x46, 0x47, 0x15, 0xb9, 0xd6, 
    0xae, 0xe4, 0x5a, 0xd1, 0xd7, 0x17, 0x0e, 0xe7, 0x04, 0xa7, 0xc9, 0x8b, 0xbd, 0xbe, 0x6f, 0xce, 
    0x4f, 0xd9, 0xff, 0xfb, 0xff, 0xcc, 0x57, 0xfd, 0x9d, 0x4b, 0x27, 0xff, 0xfd, 0x85, 0x64, 0x5e, 
    0x9f, 0xea, 0x2c, 0x88, 0x7a, 0xff, 0xff, 0xeb, 0xff, 0xf3, 0x28, 0xc4, 0xeb, 0x11, 0xba, 0xfa, 
    0xa9, 0xbe, 0x01, 0xca, 0x5e, 0xae, 0xbc, 0x27, 0xd1, 0xbb, 0xe4, 0x90, 0x5e, 0x8c, 0x5a, 0x67, 
    0x1d, 0x1a, 0xb7, 0xb2, 0x1c, 0x76, 0x3c, 0x25, 0x62, 0x90, 0x1a, 0x59, 0x54, 0xd4, 0x74, 0x39, 
    0xfc, 0xef, 0x39, 0xff, 0x9c, 0xfb, 0xff, 0xd1, 0xff, 0x34, 0x78, 0x1f, 0x17, 0x6f, 0xde, 0x6f, 
    0xea, 0xdf, 0xf4, 0x3b, 0xf9, 0xc7, 0x7a, 0x9a, 0x35, 0x05, 0x43, 0x9a, 0x87, 0xff, 0xff, 0xc4, 
    0xff, 0xf3, 0x28, 0xc4, 0xdf, 0x0e, 0x5a, 0xfa, 0x99, 0xbe, 0x00, 0xd4, 0x60, 0xb5, 0x98, 0x02, 
    0x47, 0xff, 0x32, 0xfc, 0x88, 0xd3, 0x26, 0x50, 0xc1, 0x41, 0x84, 0x0f, 0x1a, 0x8b, 0xb3, 0xff, 
    0x15, 0x15, 0x16, 0xe2, 0xec, 0x74, 0x58, 0x54, 0xcd, 0x42, 0xe9, 0xc5, 0xae, 0xf4, 0x01, 0x42, 
    0xa2, 0xc1, 0xe7, 0xfd, 0x4c, 0xea, 0xfe, 0xb1, 0x42, 0x4a, 0x4c, 0x41, 0x4d, 0x45, 0x33, 0x2e, 
    0x39, 0x39, 0x2e, 0x35, 0xaa, 0xaa, 0xaa, 0xaa, 0xff, 0xf3, 0x28, 0xc4, 0xe0, 0x0c, 0xda, 0x3a, 
    0x64, 0x0a, 0x38, 0x0f, 0x40, 0xaa, 0xaa, 0xaa, 0xaa, 0xaa, 0xaa, 0xaa, 0xaa, 0xaa, 0xaa, 0xaa, 
    0xaa, 0xaa, 0xaa, 0xaa, 0xaa, 0xaa, 0xaa, 0xaa, 0xaa, 0xaa, 0xaa, 0xaa, 0xaa, 0xaa, 0xaa, 0xaa, 
    0xaa, 0xaa, 0xaa, 0xaa, 0xaa, 0xaa, 0xaa, 0xaa, 0xaa, 0xaa, 0xaa, 0xaa, 0xaa, 0xaa, 0xaa, 0xaa, 
    0xaa, 0xaa, 0xaa, 0xaa, 0xaa, 0xaa, 0xaa, 0xaa, 0xaa, 0xaa, 0xaa, 0xaa, 0xaa, 0xaa, 0xaa, 0xaa, 
    0xff, 0xf3, 0x28, 0xc4, 0xe7, 0x0d, 0x82, 0x3a, 0x51, 0xe0, 0x0b, 0xd4, 0x68, 0xaa, 0xaa, 0xaa, 
    0xaa, 0xaa, 0xaa, 0xaa, 0xaa, 0xaa, 0xaa, 0xaa, 0xaa, 0xaa, 0xaa, 0xaa, 0xaa, 0xaa, 0xaa, 0xaa, 
    0xaa, 0xaa, 0xaa, 0xaa, 0xaa, 0xaa, 0xaa, 0xaa, 0xaa, 0xaa, 0xaa, 0xaa, 0xaa, 0xaa, 0xaa, 0xaa, 
    0xaa, 0xaa, 0xaa, 0xaa, 0xaa, 0xaa, 0xaa, 0xaa, 0xaa, 0xaa, 0xaa, 0xaa, 0xaa, 0xaa, 0xaa, 0xaa, 
    0xaa, 0xaa, 0xaa, 0xaa, 0xaa, 0xaa, 0xaa, 0xaa, 0xff, 0xf3, 0x28, 0xc4, 0xec, 0x0e, 0xda, 0x36, 
    0x2c, 0x00, 0x03, 0xce, 0x4c, 0xaa, 0xaa, 0xaa, 0xaa, 0xaa, 0xaa, 0xaa, 0xaa, 0xaa, 0xaa, 0xaa, 
    0xaa, 0xaa, 0xaa, 0xaa, 0xaa, 0xaa, 0xaa, 0xaa, 0xaa, 0xaa, 0xaa, 0xaa, 0xaa, 0xaa, 0xaa, 0xaa, 
    0xaa, 0xaa, 0xaa, 0xaa, 0xaa, 0xaa, 0xaa, 0xaa, 0xaa, 0xaa, 0xaa, 0xaa, 0xaa, 0xaa, 0xaa, 0xaa, 
    0xaa, 0xaa, 0xaa, 0xaa, 0xaa, 0xaa, 0xaa, 0xaa, 0xaa, 0xaa, 0xaa, 0xaa, 0xaa, 0xaa, 0xaa, 0xaa, 
    0xff, 0xf3, 0x28, 0xc4, 0xeb, 0x0a, 0xd8, 0xbd, 0x9c, 0x04, 0x00, 0x46, 0x90, 0xaa, 0xaa, 0xaa, 
    0xaa, 0xaa, 0xaa, 0xaa, 0xaa, 0xaa, 0xaa, 0xaa, 0xaa, 0xaa, 0xaa, 0xaa, 0xaa, 0xaa, 0xaa, 0xaa, 
    0xaa, 0xaa, 0xaa, 0xaa, 0xaa, 0xaa, 0xaa, 0xaa, 0xaa, 0xaa, 0xaa, 0xaa, 0xaa, 0xaa, 0xaa, 0xaa, 
    0xaa, 0xaa, 0xaa, 0xaa, 0xaa, 0xaa, 0xaa, 0xaa, 0xaa, 0xaa, 0xaa, 0xaa, 0xaa, 0xaa, 0xaa, 0xaa, 
    0xaa, 0xaa, 0xaa, 0xaa, 0xaa, 0xaa, 0xaa, 0xaa, 0x00, 0x00, 0x00, 0x00, 0x00, 0x00, 0x00, 0x00, 
    0x00, 0x00, 0x00, 0x00, 0x00, 0x00, 0x00, 0x00, 0x00, 0x00, 0x00, 0x00, 0x00, 0x00, 0x00, 0x00, 
    0x00, 0x00, 0x00, 0x00, 0x00, 0x00, 0x00, 0x00, 0x00, 0x00, 0x00, 0x00, 0x00, 0x00, 0x00, 0x00, 
    0x00, 0x00, 0x00, 0x00, 0x00, 0x00, 0x00, 0x00, 0x00, 0x00, 0x00, 0x00, 0x00, 0x00, 0x00, 0x00, 
    0xff, 0xf3, 0x28, 0xc4, 0x00, 0x0b, 0x88, 0x05, 0xfe, 0x33, 0x41, 0x00, 0x00, 0x91, 0x14, 0xdd, 
    0x78, 0x40, 0x83, 0x90, 0x97, 0x04, 0x00, 0x01, 0x87, 0x09, 0x01, 0x04, 0x72, 0xef, 0x94, 0xe4, 
    0x03, 0xfc, 0xbb, 0xe4, 0x3f, 0xf8, 0x9c, 0x1f, 0x79, 0x70, 0xff, 0xff, 0x82, 0x15, 0x83, 0xe0, 
    0xe0, 0x63, 0xff, 0xe0, 0xf8, 0x3e, 0x1f, 0x29, 0xac, 0x3e, 0x08, 0x2a, 0xff, 0xdd, 0xcb, 0x90, 
    0x6f, 0xfc, 0xe4, 0x38, 0x61, 0x8a, 0x7d, 0xe7, 0xff, 0xf3, 0x28, 0xc4, 0x0c, 0x0e, 0x48, 0xce, 
    0x34, 0x01, 0x99, 0x90, 0x00, 0xff, 0x8c, 0xbc, 0x15, 0xba, 0x09, 0x39, 0xf2, 0x60, 0xf0, 0x1e, 
    0x30, 0x84, 0x62, 0xc8, 0x47, 0xad, 0xf0, 0x0a, 0x81, 0x91, 0x0f, 0x5c, 0x8a, 0x7f, 0xe4, 0xe2, 
    0x01, 0x7f, 0x5b, 0x7f, 0x7a, 0xdf, 0xff, 0xfc, 0x57, 0x45, 0xdf, 0x7f, 0xaf, 0xa5, 0x8b, 0xff, 
    0xe9, 0xcb, 0xd5, 0x00, 0x49, 0x68, 0x05, 0x0a, 0xe0, 0x13, 0xf7, 0xff, 0xff, 0x2d, 0x22, 0xd8, 
    0xff, 0xf3, 0x28, 0xc4, 0x0d, 0x10, 0x60, 0xd6, 0x92, 0x41, 0x99, 0xd0, 0x00, 0x60, 0x42, 0x28, 
    0x87, 0x26, 0x2b, 0x55, 0x34, 0xa1, 0xbc, 0x04, 0x26, 0xdd, 0x24, 0x8c, 0x21, 0x65, 0x9d, 0x80, 
    0x4d, 0xbf, 0xce, 0x80, 0x4b, 0xb7, 0xcd, 0xe8, 0x0c, 0x2e, 0xf6, 0xd1, 0xd3, 0xa7, 0x46, 0xee, 
    0x35, 0x71, 0xe4, 0x36, 0x46, 0x03, 0x19, 0x60, 0x1f, 0xff, 0xff, 0xff, 0xff, 0xee, 0x24, 0xeb, 
    0xa9, 0xb5, 0x0e, 0x21, 0xfe, 0x40, 0x92, 0xf9, 0xff, 0xf3, 0x28, 0xc4, 0x06, 0x0e, 0xa9, 0x16, 
    0xa4, 0x2b, 0xd1, 0x78, 0x00, 0x88, 0xeb, 0x01, 0x96, 0x16, 0x1c, 0x1e, 0xb1, 0x12, 0x7a, 0x23, 
    0x1e, 0x03, 0xd8, 0x22, 0x4c, 0x2f, 0xff, 0xfd, 0xb1, 0x95, 0x5c, 0xf6, 0x2e, 0xbf, 0xbb, 0x1a, 
    0x38, 0x9c, 0xb7, 0xb8, 0x4f, 0xad, 0xb6, 0x0d, 0xc3, 0xa5, 0x0b, 0x9a, 0xfb, 0xf0, 0xd5, 0xec, 
    0xf8, 0xd7, 0xff, 0x74, 0x89, 0xff, 0xff, 0xff, 0xff, 0x52, 0x0b, 0x98, 0x02, 0x61, 0x5b, 0x70, 
    0xff, 0xf3, 0x28, 0xc4, 0x06, 0x0d, 0x89, 0x3a, 0xcd, 0xbc, 0x38, 0x93, 0x26, 0x0f, 0xe3, 0x80, 
    0x55, 0xbd, 0x07, 0x00, 0x30, 0x3c, 0x2e, 0x2d, 0x39, 0xa8, 0x22, 0x80, 0x11, 0x7b, 0x78, 0x2e, 
    0x25, 0xf8, 0x50, 0x25, 0xfe, 0x86, 0xfa, 0xa9, 0x13, 0x6c, 0x7f, 0xa5, 0x47, 0x8f, 0x6a, 0x08, 
    0xdc, 0xca, 0x06, 0x1f, 0x58, 0x9d, 0xda, 0x9b, 0xdb, 0xfc, 0x5d, 0xbf, 0xc6, 0xd5, 0x12, 0x03, 
    0xc0, 0x25, 0xa0, 0x34, 0xf1, 0xd4, 0x5f, 0x33, 0xff, 0xf3, 0x28, 0xc4, 0x0a, 0x0e, 0xa9, 0x16, 
    0x90, 0xf6, 0x03, 0x04, 0x34, 0x88, 0x65, 0x90, 0xe8, 0x76, 0x74, 0xea, 0x3b, 0x54, 0x3a, 0x03, 
    0x43, 0x8a, 0x80, 0x87, 0x13, 0x85, 0x01, 0x6f, 0x86, 0x02, 0x56, 0xf4, 0x72, 0xb7, 0xa0, 0x13, 
    0xfe, 0x18, 0x50, 0x51, 0x9e, 0x21, 0x05, 0x5d, 0xff, 0xff, 0xff, 0xd3, 0xa8, 0xf0, 0xc2, 0x7a, 
    0xdd, 0xf8, 0x94, 0xc6, 0xb0, 0xd2, 0xc3, 0x05, 0x29, 0xff, 0x28, 0x51, 0x3f, 0xfc, 0xbe, 0x1f, 
    0xff, 0xf3, 0x28, 0xc4, 0x0a, 0x0c, 0xd8, 0x46, 0x50, 0x00, 0x00, 0x46, 0x00, 0x21, 0x56, 0x81, 
    0x39, 0x31, 0xf5, 0xff, 0x10, 0x00, 0xc8, 0x08, 0x86, 0xbd, 0x65, 0xc0, 0x00, 0x0a, 0x86, 0xfb, 
    0xdd, 0xad, 0xfa, 0x50, 0xdc, 0xf9, 0xca, 0x49, 0xa4, 0xa1, 0x44, 0x38, 0x72, 0xab, 0xc9, 0xa1, 
    0x24, 0x04, 0x18, 0x11, 0xc4, 0x03, 0x15, 0xd7, 0x3b, 0xa7, 0xc4, 0x12, 0x30, 0x31, 0xd6, 0xbd, 
    0xa8, 0xc7, 0x33, 0xe6, 0xab, 0xcc, 0x2f, 0xb5, 0xff, 0xf3, 0x28, 0xc4, 0x11, 0x0f, 0x39, 0x5a, 
    0x80, 0x00, 0x06, 0x0e, 0x3c, 0x8c, 0x68, 0x80, 0xf2, 0x19, 0x7c, 0x6d, 0xf4, 0xa5, 0xbf, 0xfa, 
    0xdd, 0x03, 0xb9, 0x5a, 0x73, 0x3d, 0x7f, 0x1f, 0x73, 0x3f, 0xe6, 0x37, 0xfc, 0xf4, 0x27, 0xda, 
    0x8a, 0x70, 0x98, 0x24, 0x01, 0x61, 0xb2, 0x05, 0x01, 0xfc, 0x1e, 0x77, 0xff, 0xff, 0xcb, 0x81, 
    0x16, 0xff, 0xd6, 0x44, 0x43, 0x42, 0x3e, 0x8b, 0x7d, 0x57, 0x61, 0x83, 0xbd, 0x34, 0xb0, 0x9e, 
    0xff, 0xf3, 0x28, 0xc4, 0x0f, 0x0f, 0x89, 0x86, 0xa0, 0x00, 0x86, 0x5a, 0xc8, 0xef, 0x33, 0xff, 
    0xde, 0xab, 0x8c, 0x10, 0x77, 0xae, 0xd0, 0xac, 0xe4, 0xdf, 0x8f, 0xe3, 0x2f, 0xff, 0x2a, 0x28, 
    0x7f, 0xe4, 0x41, 0x2b, 0x7f, 0xe9, 0x26, 0x0e, 0x90, 0x02, 0x39, 0x6a, 0x74, 0x19, 0x0d, 0x4b, 
    0x1f, 0x87, 0x23, 0xbc, 0x33, 0xff, 0xfe, 0xa0, 0xbf, 0xff, 0xff, 0xf4, 0x55, 0xce, 0x0a, 0x5f, 
    0xf5, 0x89, 0xec, 0x09, 0x28, 0xc5, 0x57, 0x47, 0xff, 0xf3, 0x28, 0xc4, 0x0b, 0x0c, 0x41, 0xb6, 
    0xac, 0x00, 0x03, 0x66, 0x44, 0x52, 0xc8, 0xc0, 0x08, 0xf0, 0x1e, 0xc0, 0x5b, 0xff, 0x58, 0xeb, 
    0x4b, 0xfe, 0xa3, 0x88, 0xff, 0xd0, 0x28, 0x13, 0xdf, 0x5e, 0xb3, 0x71, 0xfc, 0x47, 0xcf, 0x5d, 
    0xed, 0xa2, 0x7c, 0xab, 0xff, 0xa8, 0xd7, 0xd6, 0x7f, 0xff, 0x93, 0x03, 0x8a, 0xc0, 0x5d, 0x03, 
    0x28, 0x00, 0x54, 0x31, 0x0a, 0x5f, 0xe8, 0x2c, 0x22, 0x83, 0x73, 0x7f, 0x50, 0x9e, 0x07, 0xb3, 
    0xff, 0xf3, 0x28, 0xc4, 0x15, 0x0c, 0x99, 0x7e, 0xc9, 0xbe, 0x03, 0x44, 0x5c, 0x74, 0x5e, 0xaf, 
    0x4c, 0x77, 0xa0, 0xad, 0x6f, 0x38, 0x73, 0x97, 0xfc, 0x82, 0x0e, 0x5f, 0xf8, 0x70, 0x40, 0x4f, 
    0xfc, 0xe3, 0x80, 0x9d, 0xea, 0x01, 0x1e, 0xf3, 0xbe, 0x93, 0x2a, 0x00, 0x18, 0x28, 0x1e, 0x1e, 
    0x00, 0x04, 0xcc, 0x65, 0x1b, 0x7f, 0x93, 0x05, 0x51, 0x92, 0xaf, 0xd4, 0x80, 0x72, 0x00, 0xa3, 
    0x0f, 0x25, 0xfe, 0xa1, 0x03, 0x0a, 0xfe, 0x73, 0xff, 0xf3, 0x28, 0xc4, 0x1d, 0x0c, 0xa9, 0x76, 
    0xbe, 0x36, 0x03, 0x44, 0x58, 0x88, 0x02, 0x7f, 0xce, 0x70, 0x82, 0x8d, 0xfc, 0xe8, 0xa0, 0x2f, 
    0xf9, 0x18, 0x48, 0x63, 0x75, 0x8a, 0x86, 0xbd, 0x9e, 0x91, 0x35, 0x31, 0x09, 0xab, 0x8b, 0x80, 
    0xb4, 0x75, 0xbf, 0x96, 0x00, 0xb0, 0x35, 0x1f, 0xf5, 0x01, 0xc0, 0x20, 0x14, 0x82, 0xcd, 0xa2, 
    0x9c, 0x20, 0x16, 0x00, 0x8a, 0xfe, 0x42, 0x89, 0x14, 0xad, 0xf5, 0x56, 0x95, 0xbe, 0xec, 0x86, 
    0xff, 0xf3, 0x28, 0xc4, 0x25, 0x0c, 0x51, 0x62, 0xa0, 0xc8, 0x02, 0x8a, 0x35, 0xfc, 0xe4, 0x72, 
    0x87, 0x41, 0xa9, 0x2c, 0xa8, 0xaf, 0x2f, 0xcd, 0xfe, 0x95, 0x11, 0xa9, 0xf0, 0x70, 0x0f, 0xf7, 
    0x07, 0x01, 0x51, 0x7f, 0xe3, 0x00, 0xbe, 0x76, 0xd7, 0xf8, 0x0f, 0x8e, 0xa7, 0xbd, 0x03, 0x1b, 
    0x69, 0x42, 0x10, 0x40, 0xa2, 0xa9, 0xf9, 0x84, 0x58, 0xd5, 0x6f, 0x9b, 0xe9, 0x7f, 0xfd, 0xaf, 
    0xe6, 0x3c, 0x44, 0xa3, 0x91, 0x86, 0x5d, 0x87, 0xff, 0xf3, 0x28, 0xc4, 0x2e, 0x0c, 0xa9, 0x96, 
    0x98, 0xf4, 0x53, 0x0a, 0xe4, 0x10, 0xaa, 0xac, 0xf8, 0xba, 0x02, 0x0f, 0xa3, 0xfb, 0x10, 0x01, 
    0xff, 0x00, 0x61, 0x2b, 0xfb, 0x03, 0x25, 0x8d, 0x08, 0xb4, 0x64, 0x25, 0x9c, 0xb2, 0x0e, 0x56, 
    0x6c, 0xef, 0xfa, 0xea, 0xdd, 0x29, 0xff, 0x4f, 0xed, 0xae, 0xad, 0x99, 0xd1, 0x9a, 0xc2, 0x91, 
    0x4a, 0x26, 0xce, 0xc0, 0x45, 0x01, 0x91, 0x67, 0xff, 0xff, 0x52, 0xa5, 0xa8, 0xff, 0xfe, 0x0a, 
    0xff, 0xf3, 0x28, 0xc4, 0x36, 0x0c, 0xc1, 0x9e, 0xa1, 0x96, 0x39, 0x84, 0xae, 0x06, 0xa3, 0xaf, 
    0xff, 0xe5, 0x55, 0x45, 0x61, 0x49, 0x45, 0x43, 0x98, 0x91, 0x14, 0x04, 0x81, 0x71, 0x67, 0x08, 
    0x41, 0xf7, 0xff, 0xe4, 0x23, 0x0a, 0xff, 0xff, 0xfc, 0x84, 0x10, 0x86, 0x64, 0x89, 0xa8, 0xe9, 
    0x22, 0x40, 0x2b, 0x41, 0x31, 0xa9, 0x16, 0xb9, 0x46, 0x51, 0x45, 0xff, 0x2f, 0xfa, 0xcc, 0xa4, 
    0x71, 0x51, 0x21, 0xe1, 0xd7, 0x45, 0x0e, 0x8c, 0xff, 0xf3, 0x28, 0xc4, 0x3e, 0x0c, 0x29, 0xa2, 
    0x48, 0x00, 0x40, 0x4d, 0x2c, 0x0f, 0x4c, 0x02, 0x89, 0x8e, 0x56, 0x72, 0xe5, 0xf5, 0x9b, 0xff, 
    0xa1, 0xbf, 0x49, 0x96, 0x1e, 0x19, 0xc4, 0x86, 0x70, 0x4e, 0x02, 0xe2, 0x59, 0xfe, 0x77, 0xff, 
    0x11, 0x7d, 0x3a, 0xaa, 0xa8, 0xf6, 0xd2, 0xca, 0x4c, 0x41, 0x4d, 0x45, 0x33, 0x2e, 0x39, 0x39, 
    0x2e, 0x35, 0xaa, 0xaa, 0xaa, 0xaa, 0xaa, 0xaa, 0xaa, 0xaa, 0xaa, 0xaa, 0xaa, 0xaa, 0xaa, 0xaa, 
    0xff, 0xf3, 0x28, 0xc4, 0x48, 0x0b, 0xd9, 0x96, 0x0c, 0x00, 0x28, 0x07, 0x80, 0xaa, 0xaa, 0xaa, 
    0xaa, 0xaa, 0xaa, 0xaa, 0xaa, 0xaa, 0xaa, 0xaa, 0xaa, 0xaa, 0xaa, 0xaa, 0xaa, 0xaa, 0xaa, 0xaa, 
    0xaa, 0xaa, 0xaa, 0xaa, 0xaa, 0xaa, 0xaa, 0xaa, 0xaa, 0xaa, 0xaa, 0xaa, 0xaa, 0xaa, 0xaa, 0xaa, 
    0xaa, 0xaa, 0xaa, 0xaa, 0xaa, 0xaa, 0xaa, 0xaa, 0xaa, 0xaa, 0xaa, 0xaa, 0xaa, 0xaa, 0xaa, 0xaa, 
    0xaa, 0xaa, 0xaa, 0xaa, 0xaa, 0xaa, 0xaa, 0xaa, 0x00, 0x00, 0x00, 0x00, 0x00, 0x00, 0x00, 0x00, 
    0x00, 0x00, 0x00, 0x00, 0x00, 0x00, 0x00, 0x00, 0x00, 0x00, 0x00, 0x00, 0x00, 0x00, 0x00, 0x00, 
    0x00, 0x00, 0x00, 0x00, 0x00, 0x00, 0x00, 0x00, 0x00, 0x00, 0x00, 0x00, 0x00, 0x00, 0x00, 0x00, 
    0x00, 0x00, 0x00, 0x00, 0x00, 0x00, 0x00, 0x00, 0x00, 0x00, 0x00, 0x00, 0x00, 0x00, 0x00, 0x00, 
    0xff, 0xf3, 0x28, 0xc4, 0x00, 0x0b, 0x88, 0x05, 0xfe, 0x33, 0x41, 0x00, 0x00, 0x91, 0x14, 0xdd, 
    0x78, 0x40, 0x83, 0x90, 0x97, 0x04, 0x00, 0x01, 0x87, 0x09, 0x01, 0x04, 0x72, 0xef, 0x94, 0xe4, 
    0x03, 0xfc, 0xbb, 0xe4, 0x3f, 0xf8, 0x9c, 0x1f, 0x79, 0x70, 0xff, 0xff, 0x82, 0x15, 0x83, 0xe0, 
    0xe0, 0x63, 0xff, 0xe0, 0xf8, 0x3e, 0x1f, 0x29, 0xac, 0x3e, 0x08, 0x2a, 0xff, 0xdd, 0xcb, 0x90, 
    0x6f, 0xfc, 0xe4, 0x38, 0x61, 0x8a, 0x7d, 0xe7, 0xff, 0xf3, 0x28, 0xc4, 0x0c, 0x0e, 0x48, 0xce, 
    0x34, 0x01, 0x99, 0x90, 0x00, 0xff, 0x8c, 0xbc, 0x15, 0xba, 0x09, 0x39, 0xf2, 0x60, 0xf0, 0x1e, 
    0x30, 0x84, 0x62, 0xc8, 0x47, 0xad, 0xf0, 0x0a, 0x81, 0x91, 0x0f, 0x5c, 0x8a, 0x7f, 0xe4, 0xe2, 
    0x01, 0x7f, 0x5b, 0x7f, 0x7a, 0xdf, 0xff, 0xfc, 0x57, 0x45, 0xdf, 0x7f, 0xaf, 0xa5, 0x8b, 0xff, 
    0xe9, 0xcb, 0xd5, 0x00, 0x49, 0x68, 0x05, 0x0a, 0xe0, 0x13, 0xf7, 0xff, 0xff, 0x2d, 0x22, 0xd8, 
    0xff, 0xf3, 0x28, 0xc4, 0x0d, 0x10, 0x60, 0xd6, 0x92, 0x41, 0x99, 0xd0, 0x00, 0x60, 0x42, 0x28, 
    0x87, 0x26, 0x2b, 0x55, 0x34, 0xa1, 0xbc, 0x04, 0x26, 0xdd, 0x24, 0x8c, 0x21, 0x65, 0x9d, 0x80, 
    0x4d, 0xbf, 0xce, 0x80, 0x4b, 0xb7, 0xcd, 0xe8, 0x0c, 0x2e, 0xf6, 0xd1, 0xd3, 0xa7, 0x46, 0xee, 
    0x35, 0x71, 0xe4, 0x36, 0x46, 0x03, 0x19, 0x60, 0x1f, 0xff, 0xff, 0xff, 0xff, 0xee, 0x24, 0xeb, 
    0xa9, 0xb5, 0x0e, 0x21, 0xfe, 0x40, 0x92, 0xf9, 0xff, 0xf3, 0x28, 0xc4, 0x06, 0x0e, 0xa9, 0x16, 
    0xa4, 0x2b, 0xd1, 0x78, 0x00, 0x88, 0xeb, 0x01, 0x96, 0x16, 0x1c, 0x1e, 0xb1, 0x12, 0x7a, 0x23, 
    0x1e, 0x03, 0xd8, 0x22, 0x4c, 0x2f, 0xff, 0xfd, 0xb1, 0x95, 0x5c, 0xf6, 0x2e, 0xbf, 0xbb, 0x1a, 
    0x38, 0x9c, 0xb7, 0xb8, 0x4f, 0xad, 0xb6, 0x0d, 0xc3, 0xa5, 0x0b, 0x9a, 0xfb, 0xf0, 0xd5, 0xec, 
    0xf8, 0xd7, 0xff, 0x74, 0x89, 0xff, 0xff, 0xff, 0xff, 0x52, 0x0b, 0x98, 0x02, 0x61, 0x5b, 0x70, 
    0xff, 0xf3, 0x28, 0xc4, 0x06, 0x0d, 0x89, 0x3a, 0xcd, 0xbc, 0x38, 0x93, 0x26, 0x0f, 0xe3, 0x80, 
    0x55, 0xbd, 0x07, 0x00, 0x30, 0x3c, 0x2e, 0x2d, 0x39, 0xa8, 0x22, 0x80, 0x11, 0x7b, 0x78, 0x2e, 
    0x25, 0xf8, 0x50, 0x25, 0xfe, 0x86, 0xfa, 0xa9, 0x13, 0x6c, 0x7f, 0xa5, 0x47, 0x8f, 0x6a, 0x08, 
    0xdc, 0xca, 0x06, 0x1f, 0x58, 0x9d, 0xda, 0x9b, 0xdb, 0xfc, 0x5d, 0xbf, 0xc6, 0xd5, 0x12, 0x03, 
    0xc0, 0x25, 0xa0, 0x34, 0xf1, 0xd4, 0x5f, 0x33, 0xff, 0xf3, 0x28, 0xc4, 0x0a, 0x0e, 0xa9, 0x16, 
    0x90, 0xf6, 0x03, 0x04, 0x34, 0x88, 0x65, 0x90, 0xe8, 0x76, 0x74, 0xea, 0x3b, 0x54, 0x3a, 0x03, 
    0x43, 0x8a, 0x80, 0x87, 0x13, 0x85, 0x01, 0x6f, 0x86, 0x02, 0x56, 0xf4, 0x72, 0xb7, 0xa0, 0x13, 
    0xfe, 0x18, 0x50, 0x51, 0x9e, 0x21, 0x05, 0x5d, 0xff, 0xff, 0xff, 0xd3, 0xa8, 0xf0, 0xc2, 0x7a, 
    0xdd, 0xf8, 0x94, 0xc6, 0xb0, 0xd2, 0xc3, 0x05, 0x29, 0xff, 0x28, 0x51, 0x3f, 0xfc, 0xbe, 0x1f, 
    0xff, 0xf3, 0x28, 0xc4, 0x0a, 0x0c, 0xd8, 0x46, 0x50, 0x00, 0x00, 0x46, 0x00, 0x21, 0x56, 0x81, 
    0x39, 0x31, 0xf5, 0xff, 0x10, 0x00, 0xc8, 0x08, 0x86, 0xbd, 0x65, 0xc0, 0x00, 0x0a, 0x86, 0xfb, 
    0xdd, 0xad, 0xfa, 0x50, 0xdc, 0xf9, 0xca, 0x49, 0xa4, 0xa1, 0x44, 0x38, 0x72, 0xab, 0xc9, 0xa1, 
    0x24, 0x04, 0x18, 0x11, 0xc4, 0x03, 0x15, 0xd7, 0x3b, 0xa7, 0xc4, 0x12, 0x30, 0x31, 0xd6, 0xbd, 
    0xa8, 0xc7, 0x33, 0xe6, 0xab, 0xcc, 0x2f, 0xb5, 0xff, 0xf3, 0x28, 0xc4, 0x11, 0x0f, 0x39, 0x5a, 
    0x80, 0x00, 0x06, 0x0e, 0x3c, 0x8c, 0x68, 0x80, 0xf2, 0x19, 0x7c, 0x6d, 0xf4, 0xa5, 0xbf, 0xfa, 
    0xdd, 0x03, 0xb9, 0x5a, 0x73, 0x3d, 0x7f, 0x1f, 0x73, 0x3f, 0xe6, 0x37, 0xfc, 0xf4, 0x27, 0xda, 
    0x8a, 0x70, 0x98, 0x24, 0x01, 0x61, 0xb2, 0x05, 0x01, 0xfc, 0x1e, 0x77, 0xff, 0xff, 0xcb, 0x81, 
    0x16, 0xff, 0xd6, 0x44, 0x43, 0x42, 0x3e, 0x8b, 0x7d, 0x57, 0x61, 0x83, 0xbd, 0x34, 0xb0, 0x9e, 
    0xff, 0xf3, 0x28, 0xc4, 0x0f, 0x0f, 0x89, 0x86, 0xa0, 0x00, 0x86, 0x5a, 0xc8, 0xef, 0x33, 0xff, 
    0xde, 0xab, 0x8c, 0x10, 0x77, 0xae, 0xd0, 0xac, 0xe4, 0xdf, 0x8f, 0xe3, 0x2f, 0xff, 0x2a, 0x28, 
    0x7f, 0xe4, 0x41, 0x2b, 0x7f, 0xe9, 0x26, 0x0e, 0x90, 0x02, 0x39, 0x6a, 0x74, 0x19, 0x0d, 0x4b, 
    0x1f, 0x87, 0x23, 0xbc, 0x33, 0xff, 0xfe, 0xa0, 0xbf, 0xff, 0xff, 0xf4, 0x55, 0xce, 0x0a, 0x5f, 
    0xf5, 0x89, 0xec, 0x09, 0x28, 0xc5, 0x57, 0x47, 0xff, 0xf3, 0x28, 0xc4, 0x0b, 0x0c, 0x41, 0xb6, 
    0xac, 0x00, 0x03, 0x66, 0x44, 0x52, 0xc8, 0xc0, 0x08, 0xf0, 0x1e, 0xc0, 0x5b, 0xff, 0x58, 0xeb, 
    0x4b, 0xfe, 0xa3, 0x88, 0xff, 0xd0, 0x28, 0x13, 0xdf, 0x5e, 0xb3, 0x71, 0xfc, 0x47, 0xcf, 0x5d, 
    0xed, 0xa2, 0x7c, 0xab, 0xff, 0xa8, 0xd7, 0xd6, 0x7f, 0xff, 0x93, 0x03, 0x8a, 0xc0, 0x5d, 0x03, 
    0x28, 0x00, 0x54, 0x31, 0x0a, 0x5f, 0xe8, 0x2c, 0x22, 0x83, 0x73, 0x7f, 0x50, 0x9e, 0x07, 0xb3, 
    0xff, 0xf3, 0x28, 0xc4, 0x15, 0x0c, 0x99, 0x7e, 0xc9, 0xbe, 0x03, 0x44, 0x5c, 0x74, 0x5e, 0xaf, 
    0x4c, 0x77, 0xa0, 0xad, 0x6f, 0x38, 0x73, 0x97, 0xfc, 0x82, 0x0e, 0x5f, 0xf8, 0x70, 0x40, 0x4f, 
    0xfc, 0xe3, 0x80, 0x9d, 0xea, 0x01, 0x1e, 0xf3, 0xbe, 0x93, 0x2a, 0x00, 0x18, 0x28, 0x1e, 0x1e, 
    0x00, 0x04, 0xcc, 0x65, 0x1b, 0x7f, 0x93, 0x05, 0x51, 0x92, 0xaf, 0xd4, 0x80, 0x72, 0x00, 0xa3, 
    0x0f, 0x25, 0xfe, 0xa1, 0x03, 0x0a, 0xfe, 0x73, 0xff, 0xf3, 0x28, 0xc4, 0x1d, 0x0c, 0xa9, 0x76, 
    0xbe, 0x36, 0x03, 0x44, 0x58, 0x88, 0x02, 0x7f, 0xce, 0x70, 0x82, 0x8d, 0xfc, 0xe8, 0xa0, 0x2f, 
    0xf9, 0x18, 0x48, 0x63, 0x75, 0x8a, 0x86, 0xbd, 0x9e, 0x91, 0x35, 0x31, 0x09, 0xab, 0x8b, 0x80, 
    0xb4, 0x75, 0xbf, 0x96, 0x00, 0xb0, 0x35, 0x1f, 0xf5, 0x01, 0xc0, 0x20, 0x14, 0x82, 0xcd, 0xa2, 
    0x9c, 0x20, 0x16, 0x00, 0x8a, 0xfe, 0x42, 0x89, 0x14, 0xad, 0xf5, 0x56, 0x95, 0xbe, 0xec, 0x86, 
    0xff, 0xf3, 0x28, 0xc4, 0x25, 0x0c, 0x51, 0x62, 0xa0, 0xc8, 0x02, 0x8a, 0x35, 0xfc, 0xe4, 0x72, 
    0x87, 0x41, 0xa9, 0x2c, 0xa8, 0xaf, 0x2f, 0xcd, 0xfe, 0x95, 0x11, 0xa9, 0xf0, 0x70, 0x0f, 0xf7, 
    0x07, 0x01, 0x51, 0x7f, 0xe3, 0x00, 0xbe, 0x76, 0xd7, 0xf8, 0x0f, 0x8e, 0xa7, 0xbd, 0x03, 0x1b, 
    0x69, 0x42, 0x10, 0x40, 0xa2, 0xa9, 0xf9, 0x84, 0x58, 0xd5, 0x6f, 0x9b, 0xe9, 0x7f, 0xfd, 0xaf, 
    0xe6, 0x3c, 0x44, 0xa3, 0x91, 0x86, 0x5d, 0x87, 0xff, 0xf3, 0x28, 0xc4, 0x2e, 0x0c, 0xa9, 0x96, 
    0x98, 0xf4, 0x53, 0x0a, 0xe4, 0x10, 0xaa, 0xac, 0xf8, 0xba, 0x02, 0x0f, 0xa3, 0xfb, 0x10, 0x01, 
    0xff, 0x00, 0x61, 0x2b, 0xfb, 0x03, 0x25, 0x8d, 0x08, 0xb4, 0x64, 0x25, 0x9c, 0xb2, 0x0e, 0x56, 
    0x6c, 0xef, 0xfa, 0xea, 0xdd, 0x29, 0xff, 0x4f, 0xed, 0xae, 0xad, 0x99, 0xd1, 0x9a, 0xc2, 0x91, 
    0x4a, 0x26, 0xce, 0xc0, 0x45, 0x01, 0x91, 0x67, 0xff, 0xff, 0x52, 0xa5, 0xa8, 0xff, 0xfe, 0x0a, 
    0xff, 0xf3, 0x28, 0xc4, 0x36, 0x0c, 0xc1, 0x9e, 0xa1, 0x96, 0x39, 0x84, 0xae, 0x06, 0xa3, 0xaf, 
    0xff, 0xe5, 0x55, 0x45, 0x61, 0x49, 0x45, 0x43, 0x98, 0x91, 0x14, 0x04, 0x81, 0x71, 0x67, 0x08, 
    0x41, 0xf7, 0xff, 0xe4, 0x23, 0x0a, 0xff, 0xff, 0xfc, 0x84, 0x10, 0x86, 0x64, 0x89, 0xa8, 0xe9, 
    0x22, 0x40, 0x2b, 0x41, 0x31, 0xa9, 0x16, 0xb9, 0x46, 0x51, 0x45, 0xff, 0x2f, 0xfa, 0xcc, 0xa4, 
    0x71, 0x51, 0x21, 0xe1, 0xd7, 0x45, 0x0e, 0x8c, 0xff, 0xf3, 0x28, 0xc4, 0x3e, 0x0c, 0x29, 0xa2, 
    0x48, 0x00, 0x40, 0x4d, 0x2c, 0x0f, 0x4c, 0x02, 0x89, 0x8e, 0x56, 0x72, 0xe5, 0xf5, 0x9b, 0xff, 
    0xa1, 0xbf, 0x49, 0x96, 0x1e, 0x19, 0xc4, 0x86, 0x70, 0x4e, 0x02, 0xe2, 0x59, 0xfe, 0x77, 0xff, 
    0x11, 0x7d, 0x3a, 0xaa, 0xa8, 0xf6, 0xd2, 0xca, 0x4c, 0x41, 0x4d, 0x45, 0x33, 0x2e, 0x39, 0x39, 
    0x2e, 0x35, 0xaa, 0xaa, 0xaa, 0xaa, 0xaa, 0xaa, 0xaa, 0xaa, 0xaa, 0xaa, 0xaa, 0xaa, 0xaa, 0xaa, 
    0xff, 0xf3, 0x28, 0xc4, 0x48, 0x0b, 0xd9, 0x96, 0x0c, 0x00, 0x28, 0x07, 0x80, 0xaa, 0xaa, 0xaa, 
    0xaa, 0xaa, 0xaa, 0xaa, 0xaa, 0xaa, 0xaa, 0xaa, 0xaa, 0xaa, 0xaa, 0xaa, 0xaa, 0xaa, 0xaa, 0xaa, 
    0xaa, 0xaa, 0xaa, 0xaa, 0xaa, 0xaa, 0xaa, 0xaa, 0xaa, 0xaa, 0xaa, 0xaa, 0xaa, 0xaa, 0xaa, 0xaa, 
    0xaa, 0xaa, 0xaa, 0xaa, 0xaa, 0xaa, 0xaa, 0xaa, 0xaa, 0xaa, 0xaa, 0xaa, 0xaa, 0xaa, 0xaa, 0xaa, 
    0xaa, 0xaa, 0xaa, 0xaa, 0xaa, 0xaa, 0xaa, 0xaa, 0x00, 0x00, 0x00, 0x00, 0x00, 0x00, 0x00, 0x00, 
    0x00, 0x00, 0x00, 0x00, 0x00, 0x00, 0x00, 0x00, 0x00, 0x00, 0x00, 0x00, 0x00, 0x00, 0x00, 0x00, 
    0x00, 0x00, 0x00, 0x00, 0x00, 0x00, 0x00, 0x00, 0x00, 0x00, 0x00, 0x00, 0x00, 0x00, 0x00, 0x00, 
    0x00, 0x00, 0x00, 0x00, 0x00, 0x00, 0x00, 0x00, 0x00, 0x00, 0x00, 0x00, 0x00, 0x00, 0x00, 0x00, 
    0xff, 0xf3, 0x28, 0xc4, 0x00, 0x0b, 0xd8, 0x01, 0xf4, 0x01, 0x40, 0x10, 0x00, 0xea, 0x04, 0xc1, 
    0xff, 0xe5, 0xdf, 0xff, 0xf0, 0x40, 0x31, 0x28, 0x72, 0x0f, 0x87, 0xc1, 0x00, 0x41, 0xdf, 0xfe, 
    0x27, 0x07, 0xe0, 0xf8, 0x3e, 0x0f, 0x83, 0xf8, 0x3e, 0x7f, 0xf1, 0x00, 0x20, 0x08, 0x06, 0x01, 
    0xf3, 0xff, 0x88, 0x01, 0xf0, 0x7c, 0x1f, 0x0f, 0x97, 0x3f, 0xf9, 0x43, 0x2a, 0xf4, 0xd0, 0xe4, 
    0x3c, 0xd0, 0xbf, 0x8c, 0xd9, 0xf0, 0x33, 0x68, 0xff, 0xf3, 0x28, 0xc4, 0x0b, 0x0f, 0x72, 0x76, 
    0x8c, 0x01, 0x93, 0x98, 0x00, 0x4e, 0x1c, 0xb0, 0x21, 0x20, 0xc8, 0x00, 0xd2, 0x01, 0xb7, 0x81, 
    0xe0, 0xf7, 0xe4, 0x18, 0xf5, 0xbf, 0x97, 0xcd, 0xe9, 0x9c, 0x22, 0xa4, 0x97, 0xff, 0xd3, 0x56, 
    0xa6, 0xff, 0xfc, 0xd1, 0x37, 0x37, 0x41, 0x8f, 0x7f, 0xff, 0xfa, 0x69, 0xdf, 0x6f, 0xff, 0xff, 
    0xf7, 0x4d, 0xff, 0xb9, 0xdf, 0xff, 0xe9, 0xa6, 0x17, 0xa9, 0xbd, 0xfe, 0x5d, 0xef, 0xff, 0xeb, 
    0xff, 0xf3, 0x28, 0xc4, 0x08, 0x0f, 0x31, 0x3a, 0xac, 0x2b, 0xd8, 0x38, 0x00, 0x2b, 0x52, 0xa6, 
    0x65, 0x1f, 0xc6, 0xc3, 0xa2, 0x84, 0xa2, 0x8e, 0x6b, 0x0a, 0x8c, 0x8d, 0xf2, 0xbd, 0x70, 0x7d, 
    0x95, 0x67, 0x95, 0x43, 0x04, 0x70, 0x9c, 0x68, 0x2c, 0x46, 0xcf, 0x63, 0x3a, 0x7f, 0xff, 0x64, 
    0x67, 0x35, 0x5d, 0x02, 0xa3, 0x42, 0xf7, 0xbd, 0x2f, 0xb7, 0x77, 0xff, 0xf6, 0xff, 0xff, 0xf8, 
    0xb6, 0x4a, 0x12, 0x00, 0xed, 0x78, 0x00, 0x33, 0xff, 0xf3, 0x28, 0xc4, 0x06, 0x0d, 0xb0, 0xb6, 
    0xb9, 0x74, 0x0b, 0x70, 0x70, 0x7e, 0x52, 0x93, 0x88, 0x75, 0x19, 0x0c, 0x70, 0x95, 0x4a, 0xa1, 
    0xda, 0x6a, 0xdb, 0x33, 0x32, 0xf0, 0x8e, 0xcd, 0x35, 0xa3, 0x13, 0x95, 0x63, 0x7f, 0x28, 0x8b, 
    0xdc, 0xed, 0xc1, 0xa4, 0x18, 0x29, 0x9e, 0x34, 0xfd, 0x82, 0x31, 0x49, 0x2f, 0xfc, 0x59, 0x88, 
    0x7b, 0xdf, 0x50, 0x27, 0x5f, 0xba, 0x43, 0xae, 0x49, 0x24, 0x91, 0x80, 0x79, 0xbf, 0xef, 0x41, 
    0xff, 0xf3, 0x28, 0xc4, 0x0a, 0x0e, 0x59, 0xca, 0xc5, 0x7e, 0x53, 0xcf, 0x02, 0x58, 0x43, 0x13, 
    0x4a, 0x01, 0x91, 0xae, 0x73, 0xa7, 0x63, 0xaf, 0xc4, 0x2d, 0x45, 0x14, 0x68, 0xcb, 0xb3, 0xfc, 
    0xd1, 0x89, 0xad, 0xa3, 0x9b, 0x39, 0xac, 0x6a, 0x6e, 0x96, 0xe6, 0xb8, 0xaf, 0x7f, 0xff, 0xd1, 
    0xff, 0x9d, 0xaf, 0x9d, 0x0b, 0x0f, 0x3e, 0xce, 0x4b, 0xff, 0xff, 0x65, 0x15, 0x00, 0xa5, 0x81, 
    0x47, 0x25, 0x00, 0x03, 0x1f, 0xfe, 0xc5, 0x32, 0xff, 0xf3, 0x28, 0xc4, 0x0b, 0x0f, 0x31, 0xc6, 
    0xa9, 0x9e, 0x98, 0x4f, 0x2a, 0x25, 0x3a, 0x4b, 0x08, 0x4a, 0x9e, 0xb3, 0x15, 0xe7, 0xd1, 0x67, 
    0x74, 0x1c, 0xa2, 0x6a, 0x4a, 0x81, 0x9a, 0xa4, 0x04, 0xf1, 0xfe, 0xc6, 0x9f, 0xf8, 0xc5, 0x11, 
    0x24, 0x14, 0x30, 0xd3, 0x40, 0x88, 0xbf, 0xff, 0xd9, 0x7e, 0x72, 0xce, 0x9b, 0xff, 0x02, 0x45, 
    0x93, 0x0e, 0xcf, 0x00, 0x51, 0x47, 0xb9, 0xa2, 0x30, 0x40, 0x0e, 0x24, 0x59, 0xf5, 0xf5, 0xca, 
    0xff, 0xf3, 0x28, 0xc4, 0x09, 0x0f, 0x21, 0xc6, 0x7c, 0x38, 0x56, 0x8e, 0x75, 0x0d, 0xa5, 0xc3, 
    0x3e, 0x28, 0xb3, 0x9f, 0x6f, 0xfb, 0x29, 0x91, 0x7e, 0xa5, 0x2e, 0xaf, 0x32, 0xed, 0x68, 0x8c, 
    0x55, 0xaf, 0x25, 0xb0, 0x26, 0x10, 0xb3, 0x28, 0xa9, 0x72, 0x2e, 0xb3, 0x58, 0xb8, 0x4c, 0x88, 
    0x9d, 0xd7, 0xff, 0xb7, 0x73, 0x84, 0xc5, 0x4c, 0xe6, 0x37, 0xff, 0xff, 0xab, 0x7d, 0x6a, 0x52, 
    0x85, 0x08, 0x34, 0x48, 0x8b, 0x26, 0xdf, 0xbc, 0xff, 0xf3, 0x28, 0xc4, 0x07, 0x0c, 0xa1, 0x32, 
    0x68, 0x08, 0x86, 0x4a, 0x90, 0xa8, 0xbc, 0x31, 0x9a, 0x1d, 0x0d, 0xde, 0x8d, 0x55, 0xb2, 0xac, 
    0x92, 0xeb, 0xfd, 0xef, 0x79, 0x8e, 0xb3, 0x98, 0x63, 0x10, 0xea, 0x4e, 0x89, 0xde, 0x89, 0x2d, 
    0x08, 0x10, 0xc5, 0xca, 0xe0, 0x82, 0x6c, 0xff, 0xf4, 0xff, 0xfb, 0x83, 0x9f, 0xff, 0xfa, 0xb9, 
    0x15, 0x09, 0x21, 0x1d, 0x1f, 0xae, 0xbf, 0x6b, 0xe1, 0x5a, 0x6e, 0x95, 0x43, 0x52, 0x6a, 0xa6, 
    0xff, 0xf3, 0x28, 0xc4, 0x0f, 0x0c, 0x41, 0x32, 0x64, 0x00, 0x6e, 0x8a, 0x74, 0x76, 0x69, 0xa0, 
    0xed, 0x65, 0xad, 0x73, 0xff, 0x52, 0xb6, 0x67, 0x69, 0xc0, 0x37, 0x53, 0x5a, 0xfc, 0x4c, 0x0e, 
    0xcc, 0x82, 0xc8, 0x82, 0xe1, 0xe7, 0xb7, 0xf3, 0x7e, 0x9f, 0xaa, 0x08, 0x7f, 0xff, 0xe9, 0x1d, 
    0xc8, 0x57, 0xff, 0x63, 0x36, 0x2c, 0x95, 0x43, 0x64, 0x05, 0xa3, 0x53, 0x86, 0x23, 0x54, 0xd5, 
    0x09, 0xd2, 0xa2, 0xec, 0x6d, 0x2d, 0x9c, 0x76, 0xff, 0xf3, 0x28, 0xc4, 0x19, 0x0c, 0x19, 0x36, 
    0x58, 0x00, 0x86, 0xc5, 0x00, 0x8b, 0x6c, 0x68, 0xb2, 0x02, 0x30, 0xc5, 0x7a, 0x18, 0x4b, 0x90, 
    0xcc, 0x18, 0xcb, 0xff, 0xa2, 0x7f, 0x3f, 0xaa, 0x89, 0xe8, 0xff, 0xfd, 0x4a, 0x20, 0x26, 0xbf, 
    0xfa, 0x94, 0x6c, 0xb4, 0x48, 0x78, 0x41, 0x21, 0xec, 0xf9, 0x41, 0x34, 0x5d, 0x4e, 0x8a, 0x69, 
    0xd4, 0x80, 0xd4, 0x1d, 0x42, 0x50, 0x08, 0x00, 0x80, 0x53, 0x30, 0x2d, 0x74, 0x2e, 0x41, 0x3a, 
    0xff, 0xf3, 0x28, 0xc4, 0x23, 0x0c, 0x69, 0x32, 0x54, 0x01, 0x53, 0xa0, 0x00, 0xe6, 0x73, 0xd6, 
    0x53, 0xdf, 0xff, 0xd7, 0xe8, 0xfd, 0x03, 0x74, 0xff, 0xfd, 0x7c, 0x8d, 0x2f, 0x7f, 0x98, 0x53, 
    0x82, 0xf9, 0x08, 0x3e, 0xe4, 0x22, 0xcf, 0x36, 0x44, 0x50, 0x4b, 0x41, 0x16, 0x49, 0x28, 0xa5, 
    0x80, 0xc5, 0xd3, 0x41, 0xf6, 0x2b, 0xa0, 0x61, 0x92, 0x9c, 0xc6, 0x4f, 0xbb, 0xe1, 0x82, 0xce, 
    0x12, 0xe4, 0xe1, 0x9a, 0x46, 0x28, 0xb2, 0x5f, 0xff, 0xf3, 0x28, 0xc4, 0x2c, 0x14, 0x39, 0x4e, 
    0x64, 0x01, 0x8a, 0x98, 0x00, 0x95, 0x4d, 0xcb, 0x89, 0x1e, 0x37, 0x57, 0xd6, 0xdf, 0x31, 0x48, 
    0xd1, 0x42, 0x73, 0xea, 0xb7, 0xd4, 0x60, 0xf8, 0x10, 0x92, 0xbf, 0xe5, 0xc1, 0x20, 0x19, 0x30, 
    0x81, 0x33, 0xff, 0xff, 0x20, 0x35, 0x27, 0x0c, 0xa4, 0x06, 0xe6, 0x15, 0x21, 0x64, 0x21, 0x0a, 
    0x10, 0xb0, 0x84, 0x31, 0x08, 0x4d, 0x89, 0x12, 0xd3, 0x48, 0xa3, 0xea, 0x65, 0x8e, 0x06, 0x25, 
    0xff, 0xf3, 0x28, 0xc4, 0x16, 0x0c, 0xd0, 0xd5, 0xac, 0x01, 0xc1, 0x30, 0x01, 0xa0, 0xa0, 0x1d, 
    0x22, 0x12, 0x8b, 0x52, 0x55, 0xc0, 0xa6, 0xc1, 0x5d, 0x14, 0xd0, 0xa7, 0xc6, 0xfc, 0x4d, 0x85, 
    0xf9, 0x0d, 0xe9, 0xb8, 0x8a, 0xf8, 0x5c, 0x1b, 0xff, 0xf1, 0x6a, 0x4c, 0x41, 0x4d, 0x45, 0x33, 
    0x2e, 0x39, 0x39, 0x2e, 0x35, 0xaa, 0xaa, 0xaa, 0xaa, 0xaa, 0xaa, 0xaa, 0xaa, 0xaa, 0xaa, 0xaa, 
    0xaa, 0xaa, 0xaa, 0xaa, 0xaa, 0xaa, 0xaa, 0xaa, 0x00, 0x00, 0x00, 0x00, 0x00, 0x00, 0x00, 0x00, 
    0x00, 0x00, 0x00, 0x00, 0x00, 0x00, 0x00, 0x00, 0x00, 0x00, 0x00, 0x00, 0x00, 0x00, 0x00, 0x00, 
    0xff, 0xf3, 0x28, 0xc4, 0x00, 0x0b, 0x78, 0x01, 0xf0, 0x01, 0x40, 0x18, 0x00, 0xf2, 0xe7, 0xfe, 
    0xe9, 0x40, 0x40, 0x10, 0x04, 0x03, 0x1d, 0x60, 0xe0, 0x20, 0x08, 0x02, 0x11, 0x00, 0x20, 0xe8, 
    0x38, 0x08, 0x70, 0x41, 0xd9, 0x70, 0x7d, 0xfc, 0x10, 0x39, 0xff, 0x97, 0x07, 0xc3, 0xfe, 0x20, 
    0x04, 0x01, 0x30, 0xff, 0xff, 0xd6, 0x0f, 0xbc, 0xbb, 0xf8, 0x3e, 0xf4, 0xd0, 0xe4, 0x3c, 0xd0, 
    0xbf, 0x8c, 0xd9, 0xf0, 0x33, 0x68, 0x4e, 0x1c, 0xff, 0xf3, 0x28, 0xc4, 0x0d, 0x0f, 0x6a, 0x76, 
    0x8c, 0x01, 0x93, 0x98, 0x00, 0xb0, 0x21, 0x20, 0xc8, 0x00, 0xd2, 0x01, 0xb7, 0x81, 0xe0, 0xf7, 
    0xe4, 0x18, 0xf5, 0xbf, 0x97, 0xcd, 0xe9, 0x9c, 0x22, 0xa4, 0x97, 0xff, 0xd3, 0x56, 0xa6, 0xff, 
    0xfc, 0xd1, 0x37, 0x37, 0x41, 0x8f, 0x7f, 0xff, 0xfa, 0xd3, 0xbe, 0xdf, 0xff, 0xff, 0xee, 0x9b, 
    0xff, 0x73, 0xbf, 0xff, 0xd3, 0x4d, 0xde, 0x3f, 0x97, 0x7b, 0xff, 0xfa, 0xad, 0x4d, 0x12, 0x50, 
    0xff, 0xf3, 0x28, 0xc4, 0x0a, 0x0f, 0xa1, 0x3a, 0xa4, 0x01, 0xd8, 0x38, 0x00, 0xe8, 0x2f, 0x19, 
    0x63, 0x21, 0x02, 0x80, 0x9f, 0x19, 0x52, 0x4c, 0x2a, 0xbb, 0x50, 0xbd, 0x30, 0x2b, 0x65, 0x59, 
    0x32, 0xa8, 0x60, 0x8e, 0x13, 0x8d, 0x05, 0x88, 0xce, 0xa7, 0xb1, 0x87, 0x69, 0xff, 0xfd, 0x91, 
    0x9c, 0xd5, 0x74, 0x0a, 0x8d, 0x0b, 0xde, 0xf4, 0xbe, 0xdd, 0xdf, 0xff, 0xdb, 0xff, 0xff, 0xe2, 
    0xd9, 0x25, 0x12, 0x00, 0xed, 0x78, 0x00, 0x33, 0xff, 0xf3, 0x28, 0xc4, 0x06, 0x0d, 0xb0, 0xb6, 
    0xb9, 0x74, 0x0b, 0x70, 0x70, 0x7e, 0x52, 0x93, 0x88, 0x75, 0x19, 0x0c, 0x70, 0x95, 0x4a, 0xa1, 
    0xda, 0x6a, 0xdb, 0x33, 0x32, 0xf0, 0x8e, 0xcd, 0x35, 0xa3, 0x13, 0x95, 0x63, 0x7f, 0x28, 0x8b, 
    0xdc, 0xed, 0xc1, 0xa4, 0x18, 0x29, 0x9e, 0x34, 0xfd, 0x82, 0x31, 0x49, 0x2f, 0xfc, 0x59, 0x88, 
    0x7b, 0xdf, 0x50, 0x27, 0x5f, 0xb9, 0x43, 0xae, 0x49, 0x24, 0x91, 0x80, 0x79, 0xbf, 0xef, 0x41, 
    0xff, 0xf3, 0x28, 0xc4, 0x0a, 0x0e, 0x59, 0xca, 0xc5, 0x7e, 0x53, 0xcf, 0x02, 0x58, 0x43, 0x13, 
    0x4a, 0x01, 0x91, 0xae, 0x73, 0xa7, 0x63, 0xaf, 0xc4, 0x2d, 0x45, 0x14, 0x68, 0xcb, 0xb3, 0xfc, 
    0xd1, 0x89, 0xad, 0xa3, 0x9b, 0x39, 0xac, 0x6a, 0x6e, 0x96, 0xe6, 0xb8, 0xaf, 0x7f, 0xff, 0xd1, 
    0xff, 0x9d, 0xaf, 0x9d, 0x0b, 0x0f, 0x3e, 0xce, 0x4b, 0xff, 0xff, 0x65, 0x0a, 0x00, 0xfb, 0xc5, 
    0xd9, 0xae, 0x00, 0x04, 0x7f, 0xfb, 0x14, 0xc8, 0xff, 0xf3, 0x28, 0xc4, 0x0b, 0x0f, 0x71, 0xc6, 
    0xb9, 0x9e, 0x80, 0x4f, 0x2a, 0x94, 0xe9, 0x2c, 0x21, 0x2a, 0x79, 0x89, 0x32, 0x66, 0xd3, 0xe8, 
    0xb3, 0xba, 0x0e, 0x62, 0x89, 0xd0, 0x0c, 0x4b, 0xac, 0x7f, 0xb1, 0xa7, 0xfe, 0x31, 0x48, 0x92, 
    0x0a, 0x18, 0x69, 0xa0, 0x44, 0x5f, 0xfc, 0xda, 0xb3, 0xb1, 0xbb, 0x9f, 0x39, 0x67, 0x4d, 0xff, 
    0x81, 0x22, 0xc9, 0x87, 0x67, 0x80, 0x28, 0xa2, 0x0e, 0x60, 0x6a, 0x8a, 0x24, 0xc8, 0x69, 0xff, 
    0xff, 0xf3, 0x28, 0xc4, 0x08, 0x0e, 0xb9, 0xc6, 0x84, 0xf8, 0x6e, 0x4e, 0xe5, 0x48, 0x67, 0x2e, 
    0xa0, 0x9b, 0x02, 0x58, 0x45, 0x9b, 0xdc, 0x91, 0x21, 0x55, 0x29, 0x75, 0x79, 0x97, 0x6b, 0x4c, 
    0xce, 0xbf, 0xcb, 0xc8, 0x2f, 0x60, 0xd3, 0x52, 0xd2, 0xe6, 0xba, 0xcd, 0x67, 0x09, 0x91, 0x13, 
    0xba, 0xff, 0xf6, 0xee, 0x70, 0x98, 0xa9, 0x96, 0x98, 0xdf, 0xff, 0xfe, 0xad, 0xfd, 0x4a, 0x51, 
    0x08, 0x34, 0x48, 0x8b, 0x26, 0xdf, 0xbc, 0xa8, 0xff, 0xf3, 0x28, 0xc4, 0x08, 0x0c, 0x61, 0x32, 
    0x68, 0x08, 0x86, 0x4a, 0x90, 0xbc, 0x31, 0x9a, 0x1d, 0x0d, 0xde, 0x8d, 0x55, 0xb2, 0xac, 0x92, 
    0xeb, 0xfd, 0xef, 0x79, 0x8e, 0xb3, 0x98, 0x63, 0x10, 0xea, 0x4e, 0x89, 0xde, 0x89, 0x2d, 0xf0, 
    0x22, 0x17, 0x2b, 0x82, 0x09, 0xb3, 0xff, 0xd3, 0xff, 0xee, 0x0e, 0xdf, 0xff, 0xf9, 0x15, 0x09, 
    0x21, 0x1d, 0x1f, 0xae, 0xbf, 0x6b, 0xe1, 0x5a, 0x6e, 0x95, 0x43, 0x52, 0x6a, 0xa6, 0x76, 0x69, 
    0xff, 0xf3, 0x28, 0xc4, 0x11, 0x0c, 0x51, 0x32, 0x64, 0x00, 0x6e, 0x8a, 0x74, 0xa0, 0xed, 0x65, 
    0xad, 0x73, 0xf5, 0xa9, 0x5b, 0x33, 0xb4, 0xe0, 0x1b, 0xa9, 0xad, 0x7e, 0x26, 0x07, 0x66, 0x41, 
    0x64, 0x20, 0xb8, 0x79, 0xed, 0xfc, 0xdf, 0xa7, 0xea, 0x82, 0x1f, 0xff, 0xfa, 0x55, 0x8e, 0x68, 
    0x4e, 0xef, 0xb8, 0x18, 0x1a, 0xf0, 0xb6, 0x1c, 0x11, 0x0b, 0xb9, 0x3e, 0x02, 0x5c, 0x80, 0x1e, 
    0x27, 0x5b, 0x72, 0x82, 0x22, 0x71, 0x93, 0x7a, 0xff, 0xf3, 0x28, 0xc4, 0x1a, 0x0d, 0xd1, 0x32, 
    0x8c, 0x00, 0x1b, 0xc4, 0x74, 0xf4, 0xf4, 0xce, 0x3b, 0x60, 0x0e, 0xc6, 0xbc, 0x46, 0xf2, 0x04, 
    0x23, 0x7f, 0xff, 0xfd, 0x4e, 0xa2, 0xc1, 0x08, 0x0f, 0xc8, 0x90, 0x2e, 0xf9, 0xc5, 0xfb, 0xff, 
    0xf7, 0x87, 0xd5, 0x9c, 0xab, 0x9c, 0x6d, 0x69, 0x38, 0x75, 0xca, 0x51, 0xe6, 0xc3, 0xb1, 0xb4, 
    0xbe, 0x33, 0x58, 0xc6, 0x38, 0x4d, 0x99, 0x31, 0x51, 0x36, 0x7e, 0x57, 0x24, 0x97, 0x5c, 0xc2, 
    0xff, 0xf3, 0x28, 0xc4, 0x1d, 0x13, 0x19, 0x32, 0x9c, 0x00, 0x36, 0x10, 0x74, 0xf6, 0x5c, 0xc6, 
    0x9e, 0x18, 0x67, 0x11, 0x4a, 0x71, 0x70, 0x6e, 0x2e, 0x79, 0xea, 0x31, 0xa3, 0x9b, 0xef, 0x78, 
    0xff, 0xff, 0x8e, 0x11, 0xcc, 0x43, 0x64, 0x15, 0x03, 0x56, 0x0e, 0x0b, 0x4e, 0xbd, 0xab, 0x43, 
    0xf4, 0x2a, 0xed, 0x19, 0xde, 0x9f, 0xff, 0x92, 0xfc, 0x5b, 0x0c, 0xad, 0x8a, 0xf8, 0x06, 0xc1, 
    0xff, 0xf5, 0x21, 0x3d, 0xc2, 0x9c, 0x94, 0x8a, 0xff, 0xf3, 0x28, 0xc4, 0x0b, 0x0c, 0x58, 0xc2, 
    0xb0, 0x08, 0x0e, 0x12, 0x74, 0x4b, 0x2c, 0xab, 0x46, 0x71, 0xe6, 0xfb, 0xdc, 0xf3, 0xdd, 0xda, 
    0x49, 0x34, 0xad, 0x4a, 0xc1, 0x47, 0x77, 0x19, 0xa0, 0xda, 0x4e, 0x7c, 0x31, 0x56, 0xfd, 0x21, 
    0x10, 0xe2, 0xd8, 0x38, 0xd9, 0x96, 0x84, 0xbf, 0xf8, 0xcf, 0xc4, 0x15, 0x40, 0x48, 0xeb, 0x6d, 
    0x70, 0xd8, 0x00, 0x13, 0xff, 0xbe, 0x64, 0x92, 0xd0, 0x4c, 0x77, 0x2b, 0xbb, 0xf7, 0xdd, 0x55, 
    0xff, 0xf3, 0x28, 0xc4, 0x14, 0x0c, 0xe1, 0xc6, 0xe6, 0x3e, 0x68, 0x0f, 0xa2, 0xb2, 0xc1, 0x1d, 
    0x31, 0x52, 0xd1, 0xfb, 0x1b, 0x2d, 0x4e, 0x92, 0x99, 0xd1, 0xdf, 0x7d, 0xfd, 0x24, 0x53, 0xb1, 
    0xf5, 0x3f, 0x5b, 0x29, 0xe7, 0x4e, 0xec, 0xf8, 0x58, 0x1a, 0x95, 0x76, 0xb5, 0x00, 0x08, 0xcd, 
    0x60, 0x3d, 0xbf, 0xe0, 0x00, 0x47, 0xff, 0xb0, 0xe0, 0x17, 0x94, 0x2e, 0x0b, 0xc0, 0xae, 0x3a, 
    0x35, 0x1b, 0x91, 0x53, 0x4e, 0x3f, 0x4b, 0xb6, 0xff, 0xf3, 0x28, 0xc4, 0x1b, 0x0d, 0x09, 0xca, 
    0xaa, 0x5e, 0x3e, 0x0f, 0x00, 0x72, 0x95, 0x0e, 0xe9, 0x67, 0x79, 0xdf, 0xda, 0xdf, 0xec, 0xbd, 
    0xeb, 0x5e, 0xaa, 0x3a, 0x0e, 0x5f, 0xff, 0xff, 0xdb, 0xcd, 0xff, 0x50, 0xb7, 0xf4, 0xaa, 0x00, 
    0xb9, 0x18, 0x36, 0xe1, 0x40, 0x6f, 0xff, 0x69, 0x15, 0x53, 0xea, 0x28, 0x26, 0x4c, 0x9d, 0xeb, 
    0x69, 0xc4, 0x75, 0x2e, 0xdc, 0x8e, 0xf5, 0xc5, 0xe4, 0x4f, 0x65, 0xe8, 0xa2, 0x2b, 0x23, 0x91, 
    0xff, 0xf3, 0x28, 0xc4, 0x21, 0x0c, 0x81, 0x36, 0x95, 0xb8, 0x2b, 0xca, 0x74, 0xf9, 0x50, 0xc0, 
    0x73, 0xd5, 0x7a, 0xe6, 0xe8, 0x67, 0xda, 0xf9, 0x46, 0x81, 0x9e, 0xaf, 0xff, 0xea, 0x08, 0x14, 
    0x49, 0xd4, 0xa5, 0xef, 0xd2, 0xf7, 0xda, 0x5d, 0x9d, 0x48, 0x8a, 0x55, 0x2b, 0xdf, 0xaf, 0x65, 
    0x43, 0xa9, 0xb3, 0xe7, 0x39, 0xdf, 0xde, 0x54, 0xf0, 0x1c, 0x86, 0x19, 0x31, 0x94, 0xd4, 0x66, 
    0x4c, 0x1d, 0xd4, 0xab, 0xab, 0x86, 0x08, 0x06, 0xff, 0xf3, 0x28, 0xc4, 0x2a, 0x0c, 0xb8, 0xc6, 
    0x68, 0x08, 0x86, 0x90, 0x74, 0x7c, 0x57, 0x5f, 0x59, 0xcf, 0xff, 0xd7, 0x94, 0x35, 0x06, 0x02, 
    0x3b, 0x3a, 0xff, 0xee, 0x53, 0x6a, 0xed, 0x49, 0x22, 0x4b, 0xa4, 0xc4, 0xba, 0xfd, 0x2c, 0x17, 
    0x02, 0x53, 0x6f, 0x7b, 0xcb, 0xf1, 0xfd, 0xc2, 0x62, 0xe2, 0xa0, 0x8c, 0x37, 0x44, 0x52, 0x7f, 
    0x00, 0x47, 0x94, 0x58, 0x63, 0x0a, 0xbe, 0x7f, 0xeb, 0x6f, 0x4f, 0xd0, 0xa1, 0xdf, 0xff, 0xfd, 
    0xff, 0xf3, 0x28, 0xc4, 0x32, 0x0c, 0x99, 0x32, 0x64, 0x00, 0x6e, 0x8a, 0x74, 0x2a, 0x22, 0x66, 
    0x8e, 0xdf, 0xea, 0x32, 0x6b, 0xa0, 0x12, 0xd1, 0x6d, 0x2f, 0x56, 0x31, 0xa5, 0xd4, 0x2a, 0x3e, 
    0x93, 0x53, 0x8e, 0x2e, 0x6b, 0xeb, 0x08, 0x66, 0x69, 0x98, 0x80, 0x2c, 0x78, 0x0a, 0xe9, 0x46, 
    0x31, 0x93, 0xff, 0x75, 0xfe, 0x7d, 0x28, 0x30, 0x59, 0xf5, 0x7f, 0xfe, 0xaa, 0x01, 0xa4, 0x53, 
    0xff, 0x28, 0xba, 0x95, 0xdc, 0x10, 0x09, 0x42, 0xff, 0xf3, 0x28, 0xc4, 0x3a, 0x0b, 0xa1, 0x36, 
    0x5c, 0x00, 0x96, 0x8b, 0x00, 0xfa, 0x4b, 0x97, 0xee, 0x51, 0xe3, 0xf9, 0x61, 0xfc, 0xcf, 0x08, 
    0x9b, 0x0d, 0x95, 0x81, 0x42, 0x01, 0x2e, 0x94, 0x03, 0x5e, 0xc2, 0x88, 0xa4, 0x2a, 0xb2, 0x6b, 
    0xfe, 0x56, 0x6f, 0x69, 0x7a, 0xc3, 0x82, 0x77, 0xff, 0xd5, 0xc8, 0xd5, 0x0c, 0xff, 0xfa, 0x53, 
    0xd6, 0xe0, 0x74, 0x03, 0x92, 0xac, 0x7d, 0xc8, 0xdd, 0x79, 0xa6, 0x60, 0x6d, 0x62, 0xb9, 0xda, 
    0xff, 0xf3, 0x28, 0xc4, 0x46, 0x0c, 0x49, 0x32, 0x50, 0x00, 0x3e, 0x84, 0x90, 0x79, 0x02, 0xed, 
    0x11, 0x90, 0x1d, 0x27, 0x06, 0x3d, 0x37, 0x49, 0x6e, 0xc5, 0xeb, 0xf6, 0x42, 0x4a, 0xc3, 0x0c, 
    0x58, 0x24, 0xad, 0x15, 0x4c, 0xb2, 0xc4, 0xb4, 0x6f, 0xed, 0x09, 0x57, 0x32, 0x23, 0xe1, 0xa3, 
    0x4a, 0x2a, 0xe3, 0x72, 0x8d, 0x38, 0xbb, 0x52, 0x48, 0x92, 0x12, 0x04, 0x79, 0x86, 0x5c, 0xb5, 
    0xe2, 0x44, 0x41, 0x85, 0x0b, 0x20, 0x9a, 0x06, 0xff, 0xf3, 0x28, 0xc4, 0x4f, 0x0c, 0x30, 0xc2, 
    0x5c, 0x00, 0x13, 0x30, 0x8d, 0x81, 0x90, 0x90, 0x91, 0x42, 0xcd, 0x75, 0x42, 0xc4, 0x5d, 0x50, 
    0xbb, 0x38, 0xaf, 0xf1, 0x56, 0xeb, 0x14, 0xff, 0xf5, 0x78, 0xba, 0x4c, 0x41, 0x4d, 0x45, 0x33, 
    0x2e, 0x39, 0x39, 0x2e, 0x35, 0xaa, 0xaa, 0xaa, 0xaa, 0xaa, 0xaa, 0xaa, 0xaa, 0xaa, 0xaa, 0xaa, 
    0xaa, 0xaa, 0xaa, 0xaa, 0xaa, 0xaa, 0xaa, 0xaa, 0xaa, 0xaa, 0xaa, 0xaa, 0xaa, 0xaa, 0xaa, 0xaa, 
    0xff, 0xf3, 0x28, 0xc4, 0x59, 0x0c, 0xe8, 0xc9, 0xfc, 0x00, 0x08, 0x4c, 0x0c, 0xaa, 0xaa, 0xaa, 
    0xaa, 0xaa, 0xaa, 0xaa, 0xaa, 0xaa, 0xaa, 0xaa, 0xaa, 0xaa, 0xaa, 0xaa, 0xaa, 0xaa, 0xaa, 0xaa, 
    0xaa, 0xaa, 0xaa, 0xaa, 0xaa, 0xaa, 0xaa, 0xaa, 0xaa, 0xaa, 0xaa, 0xaa, 0xaa, 0xaa, 0xaa, 0xaa, 
    0xaa, 0xaa, 0xaa, 0xaa, 0xaa, 0xaa, 0xaa, 0xaa, 0xaa, 0xaa, 0xaa, 0xaa, 0xaa, 0xaa, 0xaa, 0xaa, 
    0xaa, 0xaa, 0xaa, 0xaa, 0xaa, 0xaa, 0xaa, 0xaa, 0x00, 0x00, 0x00, 0x00, 0x00, 0x00, 0x00, 0x00, 
    0x00, 0x00, 0x00, 0x00, 0x00, 0x00, 0x00, 0x00, 0x00, 0x00, 0x00, 0x00, 0x00, 0x00, 0x00, 0x00, 
    0xff, 0xf3, 0x28, 0xc4, 0x00, 0x0b, 0xd8, 0x01, 0xf4, 0x01, 0x40, 0x10, 0x00, 0xea, 0x04, 0xc1, 
    0xff, 0xe5, 0xdf, 0xff, 0xf0, 0x40, 0x31, 0x28, 0x72, 0x0f, 0x87, 0xc1, 0x00, 0x41, 0xdf, 0xfe, 
    0x27, 0x07, 0xe0, 0xf8, 0x3e, 0x0f, 0x83, 0xf8, 0x3e, 0x7f, 0xf1, 0x00, 0x20, 0x08, 0x06, 0x01, 
    0xf3, 0xff, 0x88, 0x01, 0xf0, 0x7c, 0x1f, 0x0f, 0x97, 0x3f, 0xf9, 0x43, 0x2a, 0xf4, 0xd0, 0xe4, 
    0x3c, 0xd0, 0xbf, 0x8c, 0xd9, 0xf0, 0x33, 0x68, 0xff, 0xf3, 0x28, 0xc4, 0x0b, 0x0f, 0x72, 0x76, 
    0x8c, 0x01, 0x93, 0x98, 0x00, 0x4e, 0x1c, 0xb0, 0x21, 0x20, 0xc8, 0x00, 0xd2, 0x01, 0xb7, 0x81, 
    0xe0, 0xf7, 0xe4, 0x18, 0xf5, 0xbf, 0x97, 0xcd, 0xe9, 0x9c, 0x22, 0xa4, 0x97, 0xff, 0xd3, 0x56, 
    0xa6, 0xff, 0xfc, 0xd1, 0x37, 0x37, 0x41, 0x8f, 0x7f, 0xff, 0xfa, 0x69, 0xdf, 0x6f, 0xff, 0xff, 
    0xf7, 0x4d, 0xff, 0xb9, 0xdf, 0xff, 0xe9, 0xa6, 0x17, 0xa9, 0xbd, 0xfe, 0x5d, 0xef, 0xff, 0xeb, 
    0xff, 0xf3, 0x28, 0xc4, 0x08, 0x0f, 0x31, 0x3a, 0xac, 0x2b, 0xd8, 0x38, 0x00, 0x2b, 0x52, 0xa6, 
    0x65, 0x1f, 0xc6, 0xc3, 0xa2, 0x84, 0xa2, 0x8e, 0x6b, 0x0a, 0x8c, 0x8d, 0xf2, 0xbd, 0x70, 0x7d, 
    0x95, 0x67, 0x95, 0x43, 0x04, 0x70, 0x9c, 0x68, 0x2c, 0x46, 0xcf, 0x63, 0x3a, 0x7f, 0xff, 0x64, 
    0x67, 0x35, 0x5d, 0x02, 0xa3, 0x42, 0xf7, 0xbd, 0x2f, 0xb7, 0x77, 0xff, 0xf6, 0xff, 0xff, 0xf8, 
    0xb6, 0x4a, 0x12, 0x00, 0xed, 0x78, 0x00, 0x33, 0xff, 0xf3, 0x28, 0xc4, 0x06, 0x0d, 0xb0, 0xb6, 
    0xb9, 0x74, 0x0b, 0x70, 0x70, 0x7e, 0x52, 0x93, 0x88, 0x75, 0x19, 0x0c, 0x70, 0x95, 0x4a, 0xa1, 
    0xda, 0x6a, 0xdb, 0x33, 0x32, 0xf0, 0x8e, 0xcd, 0x35, 0xa3, 0x13, 0x95, 0x63, 0x7f, 0x28, 0x8b, 
    0xdc, 0xed, 0xc1, 0xa4, 0x18, 0x29, 0x9e, 0x34, 0xfd, 0x82, 0x31, 0x49, 0x2f, 0xfc, 0x59, 0x88, 
    0x7b, 0xdf, 0x50, 0x27, 0x5f, 0xba, 0x43, 0xae, 0x49, 0x24, 0x91, 0x80, 0x79, 0xbf, 0xef, 0x41, 
    0xff, 0xf3, 0x28, 0xc4, 0x0a, 0x0e, 0x59, 0xca, 0xc5, 0x7e, 0x53, 0xcf, 0x02, 0x58, 0x43, 0x13, 
    0x4a, 0x01, 0x91, 0xae, 0x73, 0xa7, 0x63, 0xaf, 0xc4, 0x2d, 0x45, 0x14, 0x68, 0xcb, 0xb3, 0xfc, 
    0xd1, 0x89, 0xad, 0xa3, 0x9b, 0x39, 0xac, 0x6a, 0x6e, 0x96, 0xe6, 0xb8, 0xaf, 0x7f, 0xff, 0xd1, 
    0xff, 0x9d, 0xaf, 0x9d, 0x0b, 0x0f, 0x3e, 0xce, 0x4b, 0xff, 0xff, 0x65, 0x15, 0x00, 0xa5, 0x81, 
    0x47, 0x25, 0x00, 0x03, 0x1f, 0xfe, 0xc5, 0x32, 0xff, 0xf3, 0x28, 0xc4, 0x0b, 0x0f, 0x31, 0xc6, 
    0xa9, 0x9e, 0x98, 0x4f, 0x2a, 0x25, 0x3a, 0x4b, 0x08, 0x4a, 0x9e, 0xb3, 0x15, 0xe7, 0xd1, 0x67, 
    0x74, 0x1c, 0xa2, 0x6a, 0x4a, 0x81, 0x9a, 0xa4, 0x04, 0xf1, 0xfe, 0xc6, 0x9f, 0xf8, 0xc5, 0x11, 
    0x24, 0x14, 0x30, 0xd3, 0x40, 0x88, 0xbf, 0xff, 0xd9, 0x7e, 0x72, 0xce, 0x9b, 0xff, 0x02, 0x45, 
    0x93, 0x0e, 0xcf, 0x00, 0x51, 0x47, 0xb9, 0xa2, 0x30, 0x40, 0x0e, 0x24, 0x59, 0xf5, 0xf5, 0xca, 
    0xff, 0xf3, 0x28, 0xc4, 0x09, 0x0f, 0x21, 0xc6, 0x7c, 0x38, 0x56, 0x8e, 0x75, 0x0d, 0xa5, 0xc3, 
    0x3e, 0x28, 0xb3, 0x9f, 0x6f, 0xfb, 0x29, 0x91, 0x7e, 0xa5, 0x2e, 0xaf, 0x32, 0xed, 0x68, 0x8c, 
    0x55, 0xaf, 0x25, 0xb0, 0x26, 0x10, 0xb3, 0x28, 0xa9, 0x72, 0x2e, 0xb3, 0x58, 0xb8, 0x4c, 0x88, 
    0x9d, 0xd7, 0xff, 0xb7, 0x73, 0x84, 0xc5, 0x4c, 0xe6, 0x37, 0xff, 0xff, 0xab, 0x7d, 0x6a, 0x52, 
    0x85, 0x08, 0x34, 0x48, 0x8b, 0x26, 0xdf, 0xbc, 0xff, 0xf3, 0x28, 0xc4, 0x07, 0x0c, 0xa1, 0x32, 
    0x68, 0x08, 0x86, 0x4a, 0x90, 0xa8, 0xbc, 0x31, 0x9a, 0x1d, 0x0d, 0xde, 0x8d, 0x55, 0xb2, 0xac, 
    0x92, 0xeb, 0xfd, 0xef, 0x79, 0x8e, 0xb3, 0x98, 0x63, 0x10, 0xea, 0x4e, 0x89, 0xde, 0x89, 0x2d, 
    0x08, 0x10, 0xc5, 0xca, 0xe0, 0x82, 0x6c, 0xff, 0xf4, 0xff, 0xfb, 0x83, 0x9f, 0xff, 0xfa, 0xb9, 
    0x15, 0x09, 0x21, 0x1d, 0x1f, 0xae, 0xbf, 0x6b, 0xe1, 0x5a, 0x6e, 0x95, 0x43, 0x52, 0x6a, 0xa6, 
    0xff, 0xf3, 0x28, 0xc4, 0x0f, 0x0c, 0x41, 0x32, 0x64, 0x00, 0x6e, 0x8a, 0x74, 0x76, 0x69, 0xa0, 
    0xed, 0x65, 0xad, 0x73, 0xff, 0x52, 0xb6, 0x67, 0x69, 0xc0, 0x37, 0x53, 0x5a, 0xfc, 0x4c, 0x0e, 
    0xcc, 0x82, 0xc8, 0x82, 0xe1, 0xe7, 0xb7, 0xf3, 0x7e, 0x9f, 0xaa, 0x08, 0x7f, 0xff, 0xe9, 0x1d, 
    0xc8, 0x57, 0xff, 0x63, 0x36, 0x2c, 0x95, 0x43, 0x64, 0x05, 0xa3, 0x53, 0x86, 0x23, 0x54, 0xd5, 
    0x09, 0xd2, 0xa2, 0xec, 0x6d, 0x2d, 0x9c, 0x76, 0xff, 0xf3, 0x28, 0xc4, 0x19, 0x0c, 0x19, 0x36, 
    0x58, 0x00, 0x86, 0xc5, 0x00, 0x8b, 0x6c, 0x68, 0xb2, 0x02, 0x30, 0xc5, 0x7a, 0x18, 0x4b, 0x90, 
    0xcc, 0x18, 0xcb, 0xff, 0xa2, 0x7f, 0x3f, 0xaa, 0x89, 0xe8, 0xff, 0xfd, 0x4a, 0x20, 0x26, 0xbf, 
    0xfa, 0x94, 0x6c, 0xb4, 0x48, 0x78, 0x41, 0x21, 0xec, 0xf9, 0x41, 0x34, 0x5d, 0x4e, 0x8a, 0x69, 
    0xd4, 0x80, 0xd4, 0x1d, 0x42, 0x50, 0x08, 0x00, 0x80, 0x53, 0x30, 0x2d, 0x74, 0x2e, 0x41, 0x3a, 
    0xff, 0xf3, 0x28, 0xc4, 0x23, 0x0c, 0x69, 0x32, 0x54, 0x01, 0x53, 0xa0, 0x00, 0xe6, 0x73, 0xd6, 
    0x53, 0xdf, 0xff, 0xd7, 0xe8, 0xfd, 0x03, 0x74, 0xff, 0xfd, 0x7c, 0x8d, 0x2f, 0x7f, 0x98, 0x53, 
    0x82, 0xf9, 0x08, 0x3e, 0xe4, 0x22, 0xcf, 0x36, 0x44, 0x50, 0x4b, 0x41, 0x16, 0x49, 0x28, 0xa5, 
    0x80, 0xc5, 0xd3, 0x41, 0xf6, 0x2b, 0xa0, 0x61, 0x92, 0x9c, 0xc6, 0x4f, 0xbb, 0xe1, 0x82, 0xce, 
    0x12, 0xe4, 0xe1, 0x9a, 0x46, 0x28, 0xb2, 0x5f, 0xff, 0xf3, 0x28, 0xc4, 0x2c, 0x14, 0x39, 0x4e, 
    0x64, 0x01, 0x8a, 0x98, 0x00, 0x95, 0x4d, 0xcb, 0x89, 0x1e, 0x37, 0x57, 0xd6, 0xdf, 0x31, 0x48, 
    0xd1, 0x42, 0x73, 0xea, 0xb7, 0xd4, 0x60, 0xf8, 0x10, 0x92, 0xbf, 0xe5, 0xc1, 0x20, 0x19, 0x30, 
    0x81, 0x33, 0xff, 0xff, 0x20, 0x35, 0x27, 0x0c, 0xa4, 0x06, 0xe6, 0x15, 0x21, 0x64, 0x21, 0x0a, 
    0x10, 0xb0, 0x84, 0x31, 0x08, 0x4d, 0x89, 0x12, 0xd3, 0x48, 0xa3, 0xea, 0x65, 0x8e, 0x06, 0x25, 
    0xff, 0xf3, 0x28, 0xc4, 0x16, 0x0c, 0xd0, 0xd5, 0xac, 0x01, 0xc1, 0x30, 0x01, 0xa0, 0xa0, 0x1d, 
    0x22, 0x12, 0x8b, 0x52, 0x55, 0xc0, 0xa6, 0xc1, 0x5d, 0x14, 0xd0, 0xa7, 0xc6, 0xfc, 0x4d, 0x85, 
    0xf9, 0x0d, 0xe9, 0xb8, 0x8a, 0xf8, 0x5c, 0x1b, 0xff, 0xf1, 0x6a, 0x4c, 0x41, 0x4d, 0x45, 0x33, 
    0x2e, 0x39, 0x39, 0x2e, 0x35, 0xaa, 0xaa, 0xaa, 0xaa, 0xaa, 0xaa, 0xaa, 0xaa, 0xaa, 0xaa, 0xaa, 
    0xaa, 0xaa, 0xaa, 0xaa, 0xaa, 0xaa, 0xaa, 0xaa, 0x00, 0x00, 0x00, 0x00, 0x00, 0x00, 0x00, 0x00, 
    0x00, 0x00, 0x00, 0x00, 0x00, 0x00, 0x00, 0x00, 0x00, 0x00, 0x00, 0x00, 0x00, 0x00, 0x00, 0x00, 
    0xff, 0xf3, 0x28, 0xc4, 0x00, 0x0b, 0x78, 0x01, 0xf0, 0x01, 0x40, 0x18, 0x00, 0xf2, 0xe7, 0xfe, 
    0xe9, 0x40, 0x40, 0x10, 0x04, 0x03, 0x1d, 0x60, 0xe0, 0x20, 0x08, 0x02, 0x11, 0x00, 0x20, 0xe8, 
    0x38, 0x08, 0x70, 0x41, 0xd9, 0x70, 0x7d, 0xfc, 0x10, 0x39, 0xff, 0x97, 0x07, 0xc3, 0xfe, 0x20, 
    0x04, 0x01, 0x30, 0xff, 0xff, 0xd6, 0x0f, 0xbc, 0xbb, 0xf8, 0x3e, 0xf4, 0xd0, 0xe4, 0x3c, 0xd0, 
    0xbf, 0x8c, 0xd9, 0xf0, 0x33, 0x68, 0x4e, 0x1c, 0xff, 0xf3, 0x28, 0xc4, 0x0d, 0x0f, 0x6a, 0x76, 
    0x8c, 0x01, 0x93, 0x98, 0x00, 0xb0, 0x21, 0x20, 0xc8, 0x00, 0xd2, 0x01, 0xb7, 0x81, 0xe0, 0xf7, 
    0xe4, 0x18, 0xf5, 0xbf, 0x97, 0xcd, 0xe9, 0x9c, 0x22, 0xa4, 0x97, 0xff, 0xd3, 0x56, 0xa6, 0xff, 
    0xfc, 0xd1, 0x37, 0x37, 0x41, 0x8f, 0x7f, 0xff, 0xfa, 0xd3, 0xbe, 0xdf, 0xff, 0xff, 0xee, 0x9b, 
    0xff, 0x73, 0xbf, 0xff, 0xd3, 0x4d, 0xde, 0x3f, 0x97, 0x7b, 0xff, 0xfa, 0xad, 0x4d, 0x12, 0x50, 
    0xff, 0xf3, 0x28, 0xc4, 0x0a, 0x0f, 0xa1, 0x3a, 0xa4, 0x01, 0xd8, 0x38, 0x00, 0xe8, 0x2f, 0x19, 
    0x63, 0x21, 0x02, 0x80, 0x9f, 0x19, 0x52, 0x4c, 0x2a, 0xbb, 0x50, 0xbd, 0x30, 0x2b, 0x65, 0x59, 
    0x32, 0xa8, 0x60, 0x8e, 0x13, 0x8d, 0x05, 0x88, 0xce, 0xa7, 0xb1, 0x87, 0x69, 0xff, 0xfd, 0x91, 
    0x9c, 0xd5, 0x74, 0x0a, 0x8d, 0x0b, 0xde, 0xf4, 0xbe, 0xdd, 0xdf, 0xff, 0xdb, 0xff, 0xff, 0xe2, 
    0xd9, 0x25, 0x12, 0x00, 0xed, 0x78, 0x00, 0x33, 0xff, 0xf3, 0x28, 0xc4, 0x06, 0x0d, 0xb0, 0xb6, 
    0xb9, 0x74, 0x0b, 0x70, 0x70, 0x7e, 0x52, 0x93, 0x88, 0x75, 0x19, 0x0c, 0x70, 0x95, 0x4a, 0xa1, 
    0xda, 0x6a, 0xdb, 0x33, 0x32, 0xf0, 0x8e, 0xcd, 0x35, 0xa3, 0x13, 0x95, 0x63, 0x7f, 0x28, 0x8b, 
    0xdc, 0xed, 0xc1, 0xa4, 0x18, 0x29, 0x9e, 0x34, 0xfd, 0x82, 0x31, 0x49, 0x2f, 0xfc, 0x59, 0x88, 
    0x7b, 0xdf, 0x50, 0x27, 0x5f, 0xb9, 0x43, 0xae, 0x49, 0x24, 0x91, 0x80, 0x79, 0xbf, 0xef, 0x41, 
    0xff, 0xf3, 0x28, 0xc4, 0x0a, 0x0e, 0x59, 0xca, 0xc5, 0x7e, 0x53, 0xcf, 0x02, 0x58, 0x43, 0x13, 
    0x4a, 0x01, 0x91, 0xae, 0x73, 0xa7, 0x63, 0xaf, 0xc4, 0x2d, 0x45, 0x14, 0x68, 0xcb, 0xb3, 0xfc, 
    0xd1, 0x89, 0xad, 0xa3, 0x9b, 0x39, 0xac, 0x6a, 0x6e, 0x96, 0xe6, 0xb8, 0xaf, 0x7f, 0xff, 0xd1, 
    0xff, 0x9d, 0xaf, 0x9d, 0x0b, 0x0f, 0x3e, 0xce, 0x4b, 0xff, 0xff, 0x65, 0x0a, 0x00, 0xfb, 0xc5, 
    0xd9, 0xae, 0x00, 0x04, 0x7f, 0xfb, 0x14, 0xc8, 0xff, 0xf3, 0x28, 0xc4, 0x0b, 0x0f, 0x71, 0xc6, 
    0xb9, 0x9e, 0x80, 0x4f, 0x2a, 0x94, 0xe9, 0x2c, 0x21, 0x2a, 0x79, 0x89, 0x32, 0x66, 0xd3, 0xe8, 
    0xb3, 0xba, 0x0e, 0x62, 0x89, 0xd0, 0x0c, 0x4b, 0xac, 0x7f, 0xb1, 0xa7, 0xfe, 0x31, 0x48, 0x92, 
    0x0a, 0x18, 0x69, 0xa0, 0x44, 0x5f, 0xfc, 0xda, 0xb3, 0xb1, 0xbb, 0x9f, 0x39, 0x67, 0x4d, 0xff, 
    0x81, 0x22, 0xc9, 0x87, 0x67, 0x80, 0x28, 0xa2, 0x0e, 0x60, 0x6a, 0x8a, 0x24, 0xc8, 0x69, 0xff, 
    0xff, 0xf3, 0x28, 0xc4, 0x08, 0x0e, 0xb9, 0xc6, 0x84, 0xf8, 0x6e, 0x4e, 0xe5, 0x48, 0x67, 0x2e, 
    0xa0, 0x9b, 0x02, 0x58, 0x45, 0x9b, 0xdc, 0x91, 0x21, 0x55, 0x29, 0x75, 0x79, 0x97, 0x6b, 0x4c, 
    0xce, 0xbf, 0xcb, 0xc8, 0x2f, 0x60, 0xd3, 0x52, 0xd2, 0xe6, 0xba, 0xcd, 0x67, 0x09, 0x91, 0x13, 
    0xba, 0xff, 0xf6, 0xee, 0x70, 0x98, 0xa9, 0x96, 0x98, 0xdf, 0xff, 0xfe, 0xad, 0xfd, 0x4a, 0x51, 
    0x08, 0x34, 0x48, 0x8b, 0x26, 0xdf, 0xbc, 0xa8, 0xff, 0xf3, 0x28, 0xc4, 0x08, 0x0c, 0x61, 0x32, 
    0x68, 0x08, 0x86, 0x4a, 0x90, 0xbc, 0x31, 0x9a, 0x1d, 0x0d, 0xde, 0x8d, 0x55, 0xb2, 0xac, 0x92, 
    0xeb, 0xfd, 0xef, 0x79, 0x8e, 0xb3, 0x98, 0x63, 0x10, 0xea, 0x4e, 0x89, 0xde, 0x89, 0x2d, 0xf0, 
    0x22, 0x17, 0x2b, 0x82, 0x09, 0xb3, 0xff, 0xd3, 0xff, 0xee, 0x0e, 0xdf, 0xff, 0xf9, 0x15, 0x09, 
    0x21, 0x1d, 0x1f, 0xae, 0xbf, 0x6b, 0xe1, 0x5a, 0x6e, 0x95, 0x43, 0x52, 0x6a, 0xa6, 0x76, 0x69, 
    0xff, 0xf3, 0x28, 0xc4, 0x11, 0x0c, 0x51, 0x32, 0x64, 0x00, 0x6e, 0x8a, 0x74, 0xa0, 0xed, 0x65, 
    0xad, 0x73, 0xf5, 0xa9, 0x5b, 0x33, 0xb4, 0xe0, 0x1b, 0xa9, 0xad, 0x7e, 0x26, 0x07, 0x66, 0x41, 
    0x64, 0x20, 0xb8, 0x79, 0xed, 0xfc, 0xdf, 0xa7, 0xea, 0x82, 0x1f, 0xff, 0xfa, 0x55, 0x8e, 0x68, 
    0x4e, 0xef, 0xb8, 0x18, 0x1a, 0xf0, 0xb6, 0x1c, 0x11, 0x0b, 0xb9, 0x3e, 0x02, 0x5c, 0x80, 0x1e, 
    0x27, 0x5b, 0x72, 0x82, 0x22, 0x71, 0x93, 0x7a, 0xff, 0xf3, 0x28, 0xc4, 0x1a, 0x0d, 0xd1, 0x32, 
    0x8c, 0x00, 0x1b, 0xc4, 0x74, 0xf4, 0xf4, 0xce, 0x3b, 0x60, 0x0e, 0xc6, 0xbc, 0x46, 0xf2, 0x04, 
    0x23, 0x7f, 0xff, 0xfd, 0x4e, 0xa2, 0xc1, 0x08, 0x0f, 0xc8, 0x90, 0x2e, 0xf9, 0xc5, 0xfb, 0xff, 
    0xf7, 0x87, 0xd5, 0x9c, 0xab, 0x9c, 0x6d, 0x69, 0x38, 0x75, 0xca, 0x51, 0xe6, 0xc3, 0xb1, 0xb4, 
    0xbe, 0x33, 0x58, 0xc6, 0x38, 0x4d, 0x99, 0x31, 0x51, 0x36, 0x7e, 0x57, 0x24, 0x97, 0x5c, 0xc2, 
    0xff, 0xf3, 0x28, 0xc4, 0x1d, 0x13, 0x19, 0x32, 0x9c, 0x00, 0x36, 0x10, 0x74, 0xf6, 0x5c, 0xc6, 
    0x9e, 0x18, 0x67, 0x11, 0x4a, 0x71, 0x70, 0x6e, 0x2e, 0x79, 0xea, 0x31, 0xa3, 0x9b, 0xef, 0x78, 
    0xff, 0xff, 0x8e, 0x11, 0xcc, 0x43, 0x64, 0x15, 0x03, 0x56, 0x0e, 0x0b, 0x4e, 0xbd, 0xab, 0x43, 
    0xf4, 0x2a, 0xed, 0x19, 0xde, 0x9f, 0xff, 0x92, 0xfc, 0x5b, 0x0c, 0xad, 0x8a, 0xf8, 0x06, 0xc1, 
    0xff, 0xf5, 0x21, 0x3d, 0xc2, 0x9c, 0x94, 0x8a, 0xff, 0xf3, 0x28, 0xc4, 0x0b, 0x0c, 0x58, 0xc2, 
    0xb0, 0x08, 0x0e, 0x12, 0x74, 0x4b, 0x2c, 0xab, 0x46, 0x71, 0xe6, 0xfb, 0xdc, 0xf3, 0xdd, 0xda, 
    0x49, 0x34, 0xad, 0x4a, 0xc1, 0x47, 0x77, 0x19, 0xa0, 0xda, 0x4e, 0x7c, 0x31, 0x56, 0xfd, 0x21, 
    0x10, 0xe2, 0xd8, 0x38, 0xd9, 0x96, 0x84, 0xbf, 0xf8, 0xcf, 0xc4, 0x15, 0x40, 0x48, 0xeb, 0x6d, 
    0x70, 0xd8, 0x00, 0x13, 0xff, 0xbe, 0x64, 0x92, 0xd0, 0x4c, 0x77, 0x2b, 0xbb, 0xf7, 0xdd, 0x55, 
    0xff, 0xf3, 0x28, 0xc4, 0x14, 0x0c, 0xe1, 0xc6, 0xe6, 0x3e, 0x68, 0x0f, 0xa2, 0xb2, 0xc1, 0x1d, 
    0x31, 0x52, 0xd1, 0xfb, 0x1b, 0x2d, 0x4e, 0x92, 0x99, 0xd1, 0xdf, 0x7d, 0xfd, 0x24, 0x53, 0xb1, 
    0xf5, 0x3f, 0x5b, 0x29, 0xe7, 0x4e, 0xec, 0xf8, 0x58, 0x1a, 0x95, 0x76, 0xb5, 0x00, 0x08, 0xcd, 
    0x60, 0x3d, 0xbf, 0xe0, 0x00, 0x47, 0xff, 0xb0, 0xe0, 0x17, 0x94, 0x2e, 0x0b, 0xc0, 0xae, 0x3a, 
    0x35, 0x1b, 0x91, 0x53, 0x4e, 0x3f, 0x4b, 0xb6, 0xff, 0xf3, 0x28, 0xc4, 0x1b, 0x0d, 0x09, 0xca, 
    0xaa, 0x5e, 0x3e, 0x0f, 0x00, 0x72, 0x95, 0x0e, 0xe9, 0x67, 0x79, 0xdf, 0xda, 0xdf, 0xec, 0xbd, 
    0xeb, 0x5e, 0xaa, 0x3a, 0x0e, 0x5f, 0xff, 0xff, 0xdb, 0xcd, 0xff, 0x50, 0xb7, 0xf4, 0xaa, 0x00, 
    0xb9, 0x18, 0x36, 0xe1, 0x40, 0x6f, 0xff, 0x69, 0x15, 0x53, 0xea, 0x28, 0x26, 0x4c, 0x9d, 0xeb, 
    0x69, 0xc4, 0x75, 0x2e, 0xdc, 0x8e, 0xf5, 0xc5, 0xe4, 0x4f, 0x65, 0xe8, 0xa2, 0x2b, 0x23, 0x91, 
    0xff, 0xf3, 0x28, 0xc4, 0x21, 0x0c, 0x81, 0x36, 0x95, 0xb8, 0x2b, 0xca, 0x74, 0xf9, 0x50, 0xc0, 
    0x73, 0xd5, 0x7a, 0xe6, 0xe8, 0x67, 0xda, 0xf9, 0x46, 0x81, 0x9e, 0xaf, 0xff, 0xea, 0x08, 0x14, 
    0x49, 0xd4, 0xa5, 0xef, 0xd2, 0xf7, 0xda, 0x5d, 0x9d, 0x48, 0x8a, 0x55, 0x2b, 0xdf, 0xaf, 0x65, 
    0x43, 0xa9, 0xb3, 0xe7, 0x39, 0xdf, 0xde, 0x54, 0xf0, 0x1c, 0x86, 0x19, 0x31, 0x94, 0xd4, 0x66, 
    0x4c, 0x1d, 0xd4, 0xab, 0xab, 0x86, 0x08, 0x06, 0xff, 0xf3, 0x28, 0xc4, 0x2a, 0x0c, 0xb8, 0xc6, 
    0x68, 0x08, 0x86, 0x90, 0x74, 0x7c, 0x57, 0x5f, 0x59, 0xcf, 0xff, 0xd7, 0x94, 0x35, 0x06, 0x02, 
    0x3b, 0x3a, 0xff, 0xee, 0x53, 0x6a, 0xed, 0x49, 0x22, 0x4b, 0xa4, 0xc4, 0xba, 0xfd, 0x2c, 0x17, 
    0x02, 0x53, 0x6f, 0x7b, 0xcb, 0xf1, 0xfd, 0xc2, 0x62, 0xe2, 0xa0, 0x8c, 0x37, 0x44, 0x52, 0x7f, 
    0x00, 0x47, 0x94, 0x58, 0x63, 0x0a, 0xbe, 0x7f, 0xeb, 0x6f, 0x4f, 0xd0, 0xa1, 0xdf, 0xff, 0xfd, 
    0xff, 0xf3, 0x28, 0xc4, 0x32, 0x0c, 0x99, 0x32, 0x64, 0x00, 0x6e, 0x8a, 0x74, 0x2a, 0x22, 0x66, 
    0x8e, 0xdf, 0xea, 0x32, 0x6b, 0xa0, 0x12, 0xd1, 0x6d, 0x2f, 0x56, 0x31, 0xa5, 0xd4, 0x2a, 0x3e, 
    0x93, 0x53, 0x8e, 0x2e, 0x6b, 0xeb, 0x08, 0x66, 0x69, 0x98, 0x80, 0x2c, 0x78, 0x0a, 0xe9, 0x46, 
    0x31, 0x93, 0xff, 0x75, 0xfe, 0x7d, 0x28, 0x30, 0x59, 0xf5, 0x7f, 0xfe, 0xaa, 0x01, 0xa4, 0x53, 
    0xff, 0x28, 0xba, 0x95, 0xdc, 0x10, 0x09, 0x42, 0xff, 0xf3, 0x28, 0xc4, 0x3a, 0x0b, 0xa1, 0x36, 
    0x5c, 0x00, 0x96, 0x8b, 0x00, 0xfa, 0x4b, 0x97, 0xee, 0x51, 0xe3, 0xf9, 0x61, 0xfc, 0xcf, 0x08, 
    0x9b, 0x0d, 0x95, 0x81, 0x42, 0x01, 0x2e, 0x94, 0x03, 0x5e, 0xc2, 0x88, 0xa4, 0x2a, 0xb2, 0x6b, 
    0xfe, 0x56, 0x6f, 0x69, 0x7a, 0xc3, 0x82, 0x77, 0xff, 0xd5, 0xc8, 0xd5, 0x0c, 0xff, 0xfa, 0x53, 
    0xd6, 0xe0, 0x74, 0x03, 0x92, 0xac, 0x7d, 0xc8, 0xdd, 0x79, 0xa6, 0x60, 0x6d, 0x62, 0xb9, 0xda, 
    0xff, 0xf3, 0x28, 0xc4, 0x46, 0x0c, 0x49, 0x32, 0x50, 0x00, 0x3e, 0x84, 0x90, 0x79, 0x02, 0xed, 
    0x11, 0x90, 0x1d, 0x27, 0x06, 0x3d, 0x37, 0x49, 0x6e, 0xc5, 0xeb, 0xf6, 0x42, 0x4a, 0xc3, 0x0c, 
    0x58, 0x24, 0xad, 0x15, 0x4c, 0xb2, 0xc4, 0xb4, 0x6f, 0xed, 0x09, 0x57, 0x32, 0x23, 0xe1, 0xa3, 
    0x4a, 0x2a, 0xe3, 0x72, 0x8d, 0x38, 0xbb, 0x52, 0x48, 0x92, 0x12, 0x04, 0x79, 0x86, 0x5c, 0xb5, 
    0xe2, 0x44, 0x41, 0x85, 0x0b, 0x20, 0x9a, 0x06, 0xff, 0xf3, 0x28, 0xc4, 0x4f, 0x0c, 0x30, 0xc2, 
    0x5c, 0x00, 0x13, 0x30, 0x8d, 0x81, 0x90, 0x90, 0x91, 0x42, 0xcd, 0x75, 0x42, 0xc4, 0x5d, 0x50, 
    0xbb, 0x38, 0xaf, 0xf1, 0x56, 0xeb, 0x14, 0xff, 0xf5, 0x78, 0xba, 0x4c, 0x41, 0x4d, 0x45, 0x33, 
    0x2e, 0x39, 0x39, 0x2e, 0x35, 0xaa, 0xaa, 0xaa, 0xaa, 0xaa, 0xaa, 0xaa, 0xaa, 0xaa, 0xaa, 0xaa, 
    0xaa, 0xaa, 0xaa, 0xaa, 0xaa, 0xaa, 0xaa, 0xaa, 0xaa, 0xaa, 0xaa, 0xaa, 0xaa, 0xaa, 0xaa, 0xaa, 
    0xff, 0xf3, 0x28, 0xc4, 0x59, 0x0c, 0xe8, 0xc9, 0xfc, 0x00, 0x08, 0x4c, 0x0c, 0xaa, 0xaa, 0xaa, 
    0xaa, 0xaa, 0xaa, 0xaa, 0xaa, 0xaa, 0xaa, 0xaa, 0xaa, 0xaa, 0xaa, 0xaa, 0xaa, 0xaa, 0xaa, 0xaa, 
    0xaa, 0xaa, 0xaa, 0xaa, 0xaa, 0xaa, 0xaa, 0xaa, 0xaa, 0xaa, 0xaa, 0xaa, 0xaa, 0xaa, 0xaa, 0xaa, 
    0xaa, 0xaa, 0xaa, 0xaa, 0xaa, 0xaa, 0xaa, 0xaa, 0xaa, 0xaa, 0xaa, 0xaa, 0xaa, 0xaa, 0xaa, 0xaa, 
    0xaa, 0xaa, 0xaa, 0xaa, 0xaa, 0xaa, 0xaa, 0xaa, 0x00, 0x00, 0x00, 0x00, 0x00, 0x00, 0x00, 0x00, 
    0x00, 0x00, 0x00, 0x00, 0x00, 0x00, 0x00, 0x00, 0x00, 0x00, 0x00, 0x00, 0x00, 0x00, 0x00, 0x00, 
    0xff, 0xf3, 0x28, 0xc4, 0x00, 0x0b, 0xd8, 0x01, 0xf4, 0x01, 0x40, 0x10, 0x00, 0xea, 0x04, 0xc1, 
    0xff, 0xe5, 0xdf, 0xff, 0xf0, 0x40, 0x31, 0x28, 0x72, 0x0f, 0x87, 0xc1, 0x00, 0x41, 0xdf, 0xfe, 
    0x27, 0x07, 0xe0, 0xf8, 0x3e, 0x0f, 0x83, 0xf8, 0x3e, 0x7f, 0xf1, 0x00, 0x20, 0x08, 0x06, 0x01, 
    0xf3, 0xff, 0x88, 0x01, 0xf0, 0x7c, 0x1f, 0x0f, 0x97, 0x3f, 0xf9, 0x43, 0x2a, 0xf4, 0xd0, 0xe4, 
    0x3c, 0xd0, 0xbf, 0x8c, 0xd9, 0xf0, 0x33, 0x68, 0xff, 0xf3, 0x28, 0xc4, 0x0b, 0x0f, 0x72, 0x76, 
    0x8c, 0x01, 0x93, 0x98, 0x00, 0x4e, 0x1c, 0xb0, 0x21, 0x20, 0xc8, 0x00, 0xd2, 0x01, 0xb7, 0x81, 
    0xe0, 0xf7, 0xe4, 0x18, 0xf5, 0xbf, 0x97, 0xcd, 0xe9, 0x9c, 0x22, 0xa4, 0x97, 0xff, 0xd3, 0x56, 
    0xa6, 0xff, 0xfc, 0xd1, 0x37, 0x37, 0x41, 0x8f, 0x7f, 0xff, 0xfa, 0x69, 0xdf, 0x6f, 0xff, 0xff, 
    0xf7, 0x4d, 0xff, 0xb9, 0xdf, 0xff, 0xe9, 0xa6, 0x17, 0xa9, 0xbd, 0xfe, 0x5d, 0xef, 0xff, 0xeb, 
    0xff, 0xf3, 0x28, 0xc4, 0x08, 0x0f, 0x31, 0x3a, 0xac, 0x2b, 0xd8, 0x38, 0x00, 0x2b, 0x52, 0xa6, 
    0x65, 0x1f, 0xc6, 0xc3, 0xa2, 0x84, 0xa2, 0x8e, 0x6b, 0x0a, 0x8c, 0x8d, 0xf2, 0xbd, 0x70, 0x7d, 
    0x95, 0x67, 0x95, 0x43, 0x04, 0x70, 0x9c, 0x68, 0x2c, 0x46, 0xcf, 0x63, 0x3a, 0x7f, 0xff, 0x64, 
    0x67, 0x35, 0x5d, 0x02, 0xa3, 0x42, 0xf7, 0xbd, 0x2f, 0xb7, 0x77, 0xff, 0xf6, 0xff, 0xff, 0xf8, 
    0xb6, 0x4a, 0x12, 0x00, 0xed, 0x78, 0x00, 0x33, 0xff, 0xf3, 0x28, 0xc4, 0x06, 0x0d, 0xb0, 0xb6, 
    0xb9, 0x74, 0x0b, 0x70, 0x70, 0x7e, 0x52, 0x93, 0x88, 0x75, 0x19, 0x0c, 0x70, 0x95, 0x4a, 0xa1, 
    0xda, 0x6a, 0xdb, 0x33, 0x32, 0xf0, 0x8e, 0xcd, 0x35, 0xa3, 0x13, 0x95, 0x63, 0x7f, 0x28, 0x8b, 
    0xdc, 0xed, 0xc1, 0xa4, 0x18, 0x29, 0x9e, 0x34, 0xfd, 0x82, 0x31, 0x49, 0x2f, 0xfc, 0x59, 0x88, 
    0x7b, 0xdf, 0x50, 0x27, 0x5f, 0xba, 0x43, 0xae, 0x49, 0x24, 0x91, 0x80, 0x79, 0xbf, 0xef, 0x41, 
    0xff, 0xf3, 0x28, 0xc4, 0x0a, 0x0e, 0x59, 0xca, 0xc5, 0x7e, 0x53, 0xcf, 0x02, 0x58, 0x43, 0x13, 
    0x4a, 0x01, 0x91, 0xae, 0x73, 0xa7, 0x63, 0xaf, 0xc4, 0x2d, 0x45, 0x14, 0x68, 0xcb, 0xb3, 0xfc, 
    0xd1, 0x89, 0xad, 0xa3, 0x9b, 0x39, 0xac, 0x6a, 0x6e, 0x96, 0xe6, 0xb8, 0xaf, 0x7f, 0xff, 0xd1, 
    0xff, 0x9d, 0xaf, 0x9d, 0x0b, 0x0f, 0x3e, 0xce, 0x4b, 0xff, 0xff, 0x65, 0x15, 0x00, 0xa5, 0x81, 
    0x47, 0x25, 0x00, 0x03, 0x1f, 0xfe, 0xc5, 0x32, 0xff, 0xf3, 0x28, 0xc4, 0x0b, 0x0f, 0x31, 0xc6, 
    0xa9, 0x9e, 0x98, 0x4f, 0x2a, 0x25, 0x3a, 0x4b, 0x08, 0x4a, 0x9e, 0xb3, 0x15, 0xe7, 0xd1, 0x67, 
    0x74, 0x1c, 0xa2, 0x6a, 0x4a, 0x81, 0x9a, 0xa4, 0x04, 0xf1, 0xfe, 0xc6, 0x9f, 0xf8, 0xc5, 0x11, 
    0x24, 0x14, 0x30, 0xd3, 0x40, 0x88, 0xbf, 0xff, 0xd9, 0x7e, 0x72, 0xce, 0x9b, 0xff, 0x02, 0x45, 
    0x93, 0x0e, 0xcf, 0x00, 0x51, 0x47, 0xb9, 0xa2, 0x30, 0x40, 0x0e, 0x24, 0x59, 0xf5, 0xf5, 0xca, 
    0xff, 0xf3, 0x28, 0xc4, 0x09, 0x0f, 0x21, 0xc6, 0x7c, 0x38, 0x56, 0x8e, 0x75, 0x0d, 0xa5, 0xc3, 
    0x3e, 0x28, 0xb3, 0x9f, 0x6f, 0xfb, 0x29, 0x91, 0x7e, 0xa5, 0x2e, 0xaf, 0x32, 0xed, 0x68, 0x8c, 
    0x55, 0xaf, 0x25, 0xb0, 0x26, 0x10, 0xb3, 0x28, 0xa9, 0x72, 0x2e, 0xb3, 0x58, 0xb8, 0x4c, 0x88, 
    0x9d, 0xd7, 0xff, 0xb7, 0x73, 0x84, 0xc5, 0x4c, 0xe6, 0x37, 0xff, 0xff, 0xab, 0x7d, 0x6a, 0x52, 
    0x85, 0x08, 0x34, 0x48, 0x8b, 0x26, 0xdf, 0xbc, 0xff, 0xf3, 0x28, 0xc4, 0x07, 0x0c, 0xa1, 0x32, 
    0x68, 0x08, 0x86, 0x4a, 0x90, 0xa8, 0xbc, 0x31, 0x9a, 0x1d, 0x0d, 0xde, 0x8d, 0x55, 0xb2, 0xac, 
    0x92, 0xeb, 0xfd, 0xef, 0x79, 0x8e, 0xb3, 0x98, 0x63, 0x10, 0xea, 0x4e, 0x89, 0xde, 0x89, 0x2d, 
    0x08, 0x10, 0xc5, 0xca, 0xe0, 0x82, 0x6c, 0xff, 0xf4, 0xff, 0xfb, 0x83, 0x9f, 0xff, 0xfa, 0xb9, 
    0x15, 0x09, 0x21, 0x1d, 0x1f, 0xae, 0xbf, 0x6b, 0xe1, 0x5a, 0x6e, 0x95, 0x43, 0x52, 0x6a, 0xa6, 
    0xff, 0xf3, 0x28, 0xc4, 0x0f, 0x0c, 0x41, 0x32, 0x64, 0x00, 0x6e, 0x8a, 0x74, 0x76, 0x69, 0xa0, 
    0xed, 0x65, 0xad, 0x73, 0xff, 0x52, 0xb6, 0x67, 0x69, 0xc0, 0x37, 0x53, 0x5a, 0xfc, 0x4c, 0x0e, 
    0xcc, 0x82, 0xc8, 0x82, 0xe1, 0xe7, 0xb7, 0xf3, 0x7e, 0x9f, 0xaa, 0x08, 0x7f, 0xff, 0xe9, 0x1d, 
    0xc8, 0x57, 0xff, 0x63, 0x36, 0x2c, 0x95, 0x43, 0x64, 0x05, 0xa3, 0x53, 0x86, 0x23, 0x54, 0xd5, 
    0x09, 0xd2, 0xa2, 0xec, 0x6d, 0x2d, 0x9c, 0x76, 0xff, 0xf3, 0x28, 0xc4, 0x19, 0x0c, 0x19, 0x36, 
    0x58, 0x00, 0x86, 0xc5, 0x00, 0x8b, 0x6c, 0x68, 0xb2, 0x02, 0x30, 0xc5, 0x7a, 0x18, 0x4b, 0x90, 
    0xcc, 0x18, 0xcb, 0xff, 0xa2, 0x7f, 0x3f, 0xaa, 0x89, 0xe8, 0xff, 0xfd, 0x4a, 0x20, 0x26, 0xbf, 
    0xfa, 0x94, 0x6c, 0xb4, 0x48, 0x78, 0x41, 0x21, 0xec, 0xf9, 0x41, 0x34, 0x5d, 0x4e, 0x8a, 0x69, 
    0xd4, 0x80, 0xd4, 0x1d, 0x42, 0x50, 0x08, 0x00, 0x80, 0x53, 0x30, 0x2d, 0x74, 0x2e, 0x41, 0x3a, 
    0xff, 0xf3, 0x28, 0xc4, 0x23, 0x0c, 0x69, 0x32, 0x54, 0x01, 0x53, 0xa0, 0x00, 0xe6, 0x73, 0xd6, 
    0x53, 0xdf, 0xff, 0xd7, 0xe8, 0xfd, 0x03, 0x74, 0xff, 0xfd, 0x7c, 0x8d, 0x2f, 0x7f, 0x98, 0x53, 
    0x82, 0xf9, 0x08, 0x3e, 0xe4, 0x22, 0xcf, 0x36, 0x44, 0x50, 0x4b, 0x41, 0x16, 0x49, 0x28, 0xa5, 
    0x80, 0xc5, 0xd3, 0x41, 0xf6, 0x2b, 0xa0, 0x61, 0x92, 0x9c, 0xc6, 0x4f, 0xbb, 0xe1, 0x82, 0xce, 
    0x12, 0xe4, 0xe1, 0x9a, 0x46, 0x28, 0xb2, 0x5f, 0xff, 0xf3, 0x28, 0xc4, 0x2c, 0x14, 0x39, 0x4e, 
    0x64, 0x01, 0x8a, 0x98, 0x00, 0x95, 0x4d, 0xcb, 0x89, 0x1e, 0x37, 0x57, 0xd6, 0xdf, 0x31, 0x48, 
    0xd1, 0x42, 0x73, 0xea, 0xb7, 0xd4, 0x60, 0xf8, 0x10, 0x92, 0xbf, 0xe5, 0xc1, 0x20, 0x19, 0x30, 
    0x81, 0x33, 0xff, 0xff, 0x20, 0x35, 0x27, 0x0c, 0xa4, 0x06, 0xe6, 0x15, 0x21, 0x64, 0x21, 0x0a, 
    0x10, 0xb0, 0x84, 0x31, 0x08, 0x4d, 0x89, 0x12, 0xd3, 0x48, 0xa3, 0xea, 0x65, 0x8e, 0x06, 0x25, 
    0xff, 0xf3, 0x28, 0xc4, 0x16, 0x0c, 0xd0, 0xd5, 0xac, 0x01, 0xc1, 0x30, 0x01, 0xa0, 0xa0, 0x1d, 
    0x22, 0x12, 0x8b, 0x52, 0x55, 0xc0, 0xa6, 0xc1, 0x5d, 0x14, 0xd0, 0xa7, 0xc6, 0xfc, 0x4d, 0x85, 
    0xf9, 0x0d, 0xe9, 0xb8, 0x8a, 0xf8, 0x5c, 0x1b, 0xff, 0xf1, 0x6a, 0x4c, 0x41, 0x4d, 0x45, 0x33, 
    0x2e, 0x39, 0x39, 0x2e, 0x35, 0xaa, 0xaa, 0xaa, 0xaa, 0xaa, 0xaa, 0xaa, 0xaa, 0xaa, 0xaa, 0xaa, 
    0xaa, 0xaa, 0xaa, 0xaa, 0xaa, 0xaa, 0xaa, 0xaa, 0x00, 0x00, 0x00, 0x00, 0x00, 0x00, 0x00, 0x00, 
    0x00, 0x00, 0x00, 0x00, 0x00, 0x00, 0x00, 0x00, 0x00, 0x00, 0x00, 0x00, 0x00, 0x00, 0x00, 0x00, 
    0xff, 0xf3, 0x28, 0xc4, 0x00, 0x0a, 0xd8, 0x02, 0x0a, 0x26, 0x00, 0x44, 0x00, 0x35, 0x12, 0x9a, 
    0x80, 0x05, 0x0b, 0x36, 0xa5, 0x1c, 0x53, 0xa0, 0xf8, 0x40, 0x30, 0x50, 0xe2, 0x17, 0x90, 0xc4, 
    0xfc, 0x4f, 0xac, 0x1f, 0x13, 0xfe, 0x7f, 0xc4, 0xfd, 0xbd, 0x61, 0xfa, 0xff, 0xfe, 0x43, 0xe8, 
    0xf0, 0xfa, 0xa9, 0xfe, 0xac, 0x9f, 0x10, 0x72, 0x6a, 0xf9, 0x67, 0x00, 0x2d, 0xb0, 0x13, 0x1e, 
    0x5b, 0x4e, 0xf7, 0x32, 0x8e, 0x00, 0x83, 0x84, 0xff, 0xf3, 0x28, 0xc4, 0x0f, 0x0d, 0x30, 0x5a, 
    0x5c, 0x00, 0x0e, 0x12, 0x24, 0xf4, 0xda, 0x8e, 0x7f, 0xff, 0xff, 0xff, 0xd3, 0x06, 0x09, 0x86, 
    0x0b, 0x84, 0x44, 0x0d, 0xbc, 0x9a, 0xc4, 0x01, 0x80, 0x4c, 0x54, 0x2e, 0x0e, 0x00, 0x1c, 0x18, 
    0x3f, 0x7c, 0x75, 0x3c, 0x9c, 0xa0, 0x0c, 0x41, 0x5b, 0xd4, 0x66, 0xfd, 0x36, 0x35, 0x1d, 0x96, 
    0xd9, 0xc7, 0x9b, 0xa9, 0x01, 0xb7, 0x60, 0x52, 0xd8, 0x7c, 0x8b, 0x8f, 0xa8, 0xc0, 0x39, 0x3f, 
    0xff, 0xf3, 0x28, 0xc4, 0x15, 0x10, 0x52, 0x0e, 0x8c, 0x00, 0x06, 0x0a, 0x30, 0xdf, 0xf9, 0x3f, 
    0xc9, 0xfe, 0x77, 0xf4, 0x22, 0x87, 0x1b, 0xe9, 0xab, 0xfd, 0x48, 0x35, 0xdb, 0xe8, 0x1c, 0x13, 
    0x27, 0xd9, 0x4c, 0xdf, 0x3c, 0x8a, 0x4a, 0xa1, 0x03, 0xe0, 0x38, 0x30, 0x61, 0x80, 0x05, 0xc1, 
    0x03, 0x27, 0x75, 0x27, 0x10, 0x29, 0xad, 0x42, 0xc5, 0x6a, 0xfe, 0xa0, 0x6c, 0x7c, 0xff, 0x92, 
    0x68, 0x1a, 0x4c, 0x1c, 0x86, 0xc7, 0xaf, 0xff, 0xff, 0xf3, 0x28, 0xc4, 0x0e, 0x0e, 0x59, 0x22, 
    0x9c, 0x00, 0x56, 0x4a, 0x88, 0xfd, 0x76, 0x96, 0xdf, 0x3f, 0xc8, 0x02, 0x17, 0xea, 0x73, 0xfd, 
    0x5d, 0x5d, 0xba, 0x87, 0xc0, 0x30, 0x39, 0x1f, 0xd4, 0x03, 0x0a, 0x1a, 0x3b, 0x59, 0x10, 0x5b, 
    0x89, 0x59, 0xcf, 0x7f, 0xac, 0x5c, 0xa0, 0x58, 0x78, 0x50, 0x4e, 0x04, 0x02, 0xb1, 0x3f, 0xfd, 
    0x75, 0x31, 0x25, 0x24, 0x70, 0x02, 0x01, 0x04, 0xe0, 0xa1, 0x8d, 0xaa, 0x26, 0x40, 0x07, 0x1c, 
    0xff, 0xf3, 0x28, 0xc4, 0x0f, 0x10, 0x99, 0x1a, 0xa1, 0x1c, 0x01, 0xde, 0x28, 0x06, 0xe2, 0x1c, 
    0xe3, 0xbd, 0x73, 0x04, 0x95, 0x39, 0xde, 0x2f, 0xfe, 0x01, 0x3b, 0x46, 0xe3, 0xdb, 0xf8, 0x0b, 
    0x07, 0x54, 0x6f, 0xff, 0xc1, 0xea, 0x41, 0x95, 0x5b, 0xff, 0x39, 0x53, 0x8e, 0x03, 0x2a, 0x7a, 
    0xff, 0xfe, 0x58, 0xa3, 0xc5, 0x64, 0x58, 0xf6, 0xaf, 0xff, 0xff, 0x83, 0x47, 0xbf, 0xfb, 0x71, 
    0xea, 0x0b, 0xc9, 0x23, 0x88, 0xda, 0x3c, 0x0f, 0xff, 0xf3, 0x28, 0xc4, 0x07, 0x0e, 0x39, 0x62, 
    0xb9, 0xbc, 0x6b, 0x0a, 0x8e, 0xd6, 0x38, 0xc2, 0xc5, 0x9b, 0x5b, 0x97, 0xc0, 0x6c, 0x44, 0x02, 
    0x8a, 0x9b, 0x56, 0xda, 0xb6, 0x99, 0xfd, 0x38, 0x21, 0x0b, 0x7e, 0x24, 0x1e, 0x7f, 0xcd, 0xfa, 
    0x80, 0xa5, 0xfe, 0xff, 0xa1, 0xdf, 0x53, 0xec, 0x42, 0x11, 0x44, 0xc2, 0xc3, 0x8a, 0x3b, 0xff, 
    0xf6, 0x39, 0xa6, 0xcc, 0x7f, 0x73, 0x13, 0x02, 0x1a, 0x0f, 0xd4, 0x05, 0xbd, 0x1c, 0x05, 0x9f, 
    0xff, 0xf3, 0x28, 0xc4, 0x09, 0x0e, 0x8a, 0x96, 0x98, 0x14, 0x10, 0x0a, 0xbd, 0x69, 0x91, 0x24, 
    0x55, 0xda, 0xff, 0xff, 0xff, 0xd1, 0x55, 0x19, 0x15, 0x1d, 0xc8, 0xd6, 0x76, 0x57, 0x57, 0x0e, 
    0x38, 0x7d, 0x41, 0xc4, 0xc7, 0x0b, 0x08, 0x83, 0x0f, 0x0a, 0x15, 0x0e, 0x14, 0x39, 0x14, 0x13, 
    0x87, 0x0e, 0x3a, 0xce, 0x5a, 0x49, 0x2d, 0x30, 0x8a, 0x78, 0x9e, 0x46, 0x80, 0x47, 0xaa, 0x03, 
    0xc7, 0x8e, 0xeb, 0x59, 0xeb, 0x1d, 0xd9, 0xee, 0xff, 0xf3, 0x28, 0xc4, 0x09, 0x0d, 0xe3, 0x1a, 
    0x98, 0x14, 0x00, 0x8d, 0xa9, 0xbb, 0x7f, 0xa5, 0x2d, 0xfc, 0x87, 0x33, 0x98, 0x8e, 0xce, 0x8e, 
    0xac, 0x87, 0x46, 0x7c, 0xce, 0x81, 0xae, 0x8a, 0x26, 0x8d, 0x3d, 0x1d, 0x57, 0x52, 0xb5, 0x5f, 
    0x31, 0xf9, 0xef, 0x85, 0xe6, 0x2b, 0xe4, 0xba, 0x4d, 0xef, 0x11, 0x94, 0x97, 0x91, 0x4a, 0x2e, 
    0x0f, 0x92, 0xf2, 0x5a, 0x03, 0x80, 0x2f, 0xff, 0x10, 0x06, 0x5f, 0xf7, 0x6a, 0x47, 0x0e, 0x72, 
    0xff, 0xf3, 0x28, 0xc4, 0x0c, 0x0c, 0xca, 0x86, 0x95, 0x50, 0x08, 0x04, 0xbc, 0x45, 0xa8, 0xe8, 
    0xb7, 0xb5, 0xb4, 0xec, 0x97, 0xba, 0x4e, 0xec, 0xa8, 0x44, 0x2a, 0xd9, 0x19, 0xab, 0x7a, 0x4c, 
    0x87, 0x60, 0x48, 0x2c, 0x19, 0x62, 0x81, 0x4c, 0x32, 0xb0, 0x69, 0xb5, 0x18, 0xd0, 0xc5, 0x58, 
    0x96, 0xbd, 0xa7, 0x46, 0x55, 0x00, 0x08, 0x97, 0x1c, 0x00, 0x00, 0xde, 0xe0, 0x06, 0x34, 0xe3, 
    0x96, 0x3f, 0x57, 0x01, 0x81, 0x5a, 0x45, 0xbe, 0xff, 0xf3, 0x28, 0xc4, 0x13, 0x0b, 0x68, 0x46, 
    0xf2, 0xfe, 0x06, 0x34, 0x42, 0x6b, 0x02, 0x7f, 0xff, 0xff, 0xff, 0xda, 0x45, 0xc0, 0xa0, 0x8d, 
    0xc7, 0x87, 0xbd, 0xdd, 0x17, 0x5c, 0xfb, 0xdd, 0xfa, 0xd2, 0xb0, 0xa0, 0x50, 0x78, 0xd0, 0xda, 
    0x00, 0x3a, 0x04, 0x10, 0x30, 0x04, 0x06, 0x01, 0xff, 0x48, 0xc4, 0x48, 0x80, 0xda, 0x3d, 0x0f, 
    0x78, 0xd7, 0xfa, 0xcc, 0x48, 0x21, 0xa7, 0xfd, 0x65, 0x23, 0x4f, 0xfe, 0xaf, 0xff, 0xff, 0x33, 
    0xff, 0xf3, 0x28, 0xc4, 0x20, 0x0c, 0x31, 0xbe, 0xa2, 0x5e, 0xa0, 0x05, 0x64, 0x94, 0x97, 0x7d, 
    0xea, 0x86, 0x0a, 0xff, 0x15, 0x39, 0xe8, 0x01, 0xff, 0xf4, 0xf8, 0xe0, 0xc8, 0x62, 0x00, 0x45, 
    0x46, 0xb8, 0x6a, 0x23, 0x92, 0x80, 0xa4, 0x46, 0xa0, 0x99, 0x1a, 0x52, 0xfe, 0x80, 0x93, 0x04, 
    0xe0, 0x4a, 0x0c, 0x3d, 0x3f, 0x40, 0x8c, 0xf7, 0xff, 0xa9, 0x17, 0xfa, 0x7f, 0xff, 0xe1, 0x50, 
    0x5d, 0xff, 0xf8, 0x74, 0x77, 0x96, 0x3f, 0xf5, 0xff, 0xf3, 0x28, 0xc4, 0x2a, 0x0c, 0x38, 0xd2, 
    0xda, 0x5e, 0x03, 0x4e, 0x52, 0x7d, 0x20, 0x38, 0xd5, 0x49, 0x1a, 0x27, 0x08, 0x49, 0x24, 0x91, 
    0xa8, 0x03, 0xff, 0xc4, 0xc1, 0x9f, 0xfe, 0xd8, 0x65, 0x63, 0x9e, 0x3f, 0x20, 0x20, 0x6c, 0x9e, 
    0xa6, 0xff, 0x7d, 0xc3, 0x77, 0x9f, 0x7a, 0x79, 0x41, 0x5f, 0xfa, 0xa0, 0x08, 0x3b, 0xfd, 0x67, 
    0xff, 0xc8, 0x34, 0x5c, 0x04, 0x1c, 0xff, 0xe8, 0x42, 0x8b, 0xfc, 0x67, 0xff, 0xa9, 0x1f, 0xff, 
    0xff, 0xf3, 0x28, 0xc4, 0x34, 0x0c, 0x71, 0x72, 0xd1, 0x1c, 0x3e, 0x0a, 0xca, 0x91, 0x4a, 0xdf, 
    0xee, 0x60, 0x29, 0xe0, 0x86, 0xc1, 0xf7, 0x16, 0x51, 0x16, 0x3d, 0xe4, 0x3c, 0x9a, 0x06, 0xeb, 
    0x81, 0x97, 0x60, 0x5c, 0xc3, 0xcf, 0xf7, 0x30, 0x44, 0x57, 0x08, 0xab, 0x7e, 0xc6, 0x67, 0xd8, 
    0x70, 0x16, 0xfe, 0xb9, 0x99, 0xb9, 0x70, 0x3a, 0x31, 0x49, 0x1d, 0x6f, 0xf3, 0x32, 0x91, 0x64, 
    0xbc, 0x97, 0x8b, 0x2a, 0x0f, 0x3f, 0xf4, 0x10, 0xff, 0xf3, 0x28, 0xc4, 0x3d, 0x0e, 0x09, 0x72, 
    0xb8, 0x50, 0x01, 0xa6, 0x60, 0x02, 0xb7, 0xf1, 0x08, 0x86, 0x00, 0x47, 0x4b, 0x0c, 0x0a, 0x5b, 
    0xfc, 0xd8, 0xfc, 0x10, 0x80, 0x6e, 0x0b, 0x00, 0x99, 0x3b, 0xd7, 0xff, 0xf8, 0x28, 0x48, 0x6c, 
    0x52, 0xcf, 0xff, 0xf9, 0xae, 0x46, 0xd0, 0xe8, 0x58, 0x9b, 0x3f, 0xeb, 0xa3, 0x9a, 0x3c, 0x32, 
    0x44, 0x2a, 0x6a, 0x35, 0x02, 0x80, 0x90, 0x20, 0x30, 0x0d, 0x81, 0x03, 0x3c, 0xff, 0x5a, 0x61, 
    0xff, 0xf3, 0x28, 0xc4, 0x3f, 0x0c, 0x99, 0x36, 0xbc, 0x28, 0x2b, 0xd2, 0xc8, 0x30, 0x09, 0xa8, 
    0x73, 0x50, 0x7f, 0xa8, 0x72, 0x02, 0x68, 0x16, 0xd2, 0x21, 0xa1, 0xb7, 0xd0, 0xd1, 0xd2, 0x28, 
    0xff, 0x8f, 0x96, 0x1b, 0x39, 0xbf, 0x52, 0x40, 0xe4, 0x22, 0x12, 0x89, 0x1d, 0xff, 0xed, 0x98, 
    0xc4, 0x82, 0x82, 0x95, 0x02, 0x3c, 0x13, 0x33, 0x67, 0xb8, 0x03, 0x81, 0xb4, 0xb0, 0xb0, 0xb0, 
    0x6e, 0x9b, 0xd4, 0x05, 0x1c, 0x03, 0x0f, 0xff, 0xff, 0xf3, 0x28, 0xc4, 0x47, 0x0c, 0x91, 0x6a, 
    0xb9, 0x78, 0x03, 0x4e, 0x5b, 0x30, 0x0e, 0x0a, 0xf4, 0x5e, 0x56, 0x0f, 0x11, 0xfe, 0x52, 0x87, 
    0x9d, 0xbf, 0xd4, 0xa9, 0xbd, 0x0c, 0x60, 0xf0, 0x04, 0x2c, 0xbe, 0x22, 0xff, 0xff, 0xff, 0xff, 
    0xff, 0xfe, 0x2e, 0x74, 0x8a, 0x00, 0x28, 0x80, 0x0b, 0x86, 0xf8, 0x0f, 0xfd, 0x46, 0x01, 0x02, 
    0x60, 0x74, 0x10, 0x22, 0x34, 0xe4, 0x1a, 0x3c, 0x38, 0xa4, 0x63, 0xff, 0xd5, 0xf2, 0x3b, 0x20, 
    0xff, 0xf3, 0x28, 0xc4, 0x4f, 0x0c, 0xe9, 0x3e, 0xda, 0x5e, 0x02, 0x0a, 0x2a, 0x82, 0x04, 0x00, 
    0x09, 0x07, 0xe4, 0xe8, 0xff, 0xff, 0x53, 0x84, 0xef, 0x10, 0x2c, 0x61, 0xc5, 0x39, 0xe4, 0x10, 
    0xc2, 0x08, 0x3e, 0x4d, 0xf1, 0xea, 0x71, 0xf3, 0x87, 0x03, 0x05, 0x14, 0x27, 0x10, 0x0b, 0x9a, 
    0xfd, 0xff, 0x36, 0x87, 0x00, 0x28, 0xf6, 0x28, 0xff, 0x43, 0xd7, 0xea, 0xd3, 0x5d, 0xb9, 0x1d, 
    0x59, 0x46, 0x20, 0xc1, 0xc2, 0xb0, 0x4d, 0x26, 0xff, 0xf3, 0x28, 0xc4, 0x56, 0x0f, 0x81, 0x62, 
    0x91, 0x9e, 0x28, 0x05, 0x0c, 0xb4, 0xec, 0xa9, 0xdc, 0xe7, 0x74, 0x99, 0x30, 0xba, 0x46, 0x2d, 
    0xff, 0x5b, 0xa0, 0x9f, 0xfc, 0xcc, 0x93, 0x3e, 0xdf, 0xe9, 0x97, 0x09, 0x44, 0xdb, 0x75, 0x67, 
    0xc4, 0x90, 0x00, 0xd0, 0x00, 0xf8, 0x4f, 0x36, 0x47, 0x53, 0x32, 0x89, 0x00, 0x13, 0xbd, 0x9f, 
    0xf9, 0x40, 0x80, 0x24, 0x67, 0x88, 0x09, 0xfd, 0x9e, 0x27, 0x4f, 0x60, 0x41, 0x34, 0x2e, 0x8a, 
    0xff, 0xf3, 0x28, 0xc4, 0x53, 0x14, 0xa1, 0x82, 0x80, 0x00, 0x0e, 0x9a, 0x54, 0x5a, 0xd1, 0xfd, 
    0xeb, 0x2a, 0x00, 0x90, 0x0b, 0xf2, 0x7f, 0xa8, 0x59, 0x98, 0x54, 0x67, 0x4d, 0x59, 0xd4, 0x36, 
    0x9e, 0x37, 0xe6, 0x45, 0xee, 0xb4, 0xc0, 0x0a, 0x60, 0xaa, 0x36, 0xff, 0x33, 0x1d, 0x86, 0xdf, 
    0xf5, 0x1a, 0x9b, 0x3f, 0xf4, 0xdc, 0xd0, 0xba, 0xdf, 0xa6, 0x48, 0x12, 0xa2, 0x54, 0x23, 0x25, 
    0x89, 0x69, 0x28, 0xb8, 0x89, 0x50, 0x2d, 0x02, 0xff, 0xf3, 0x28, 0xc4, 0x3b, 0x14, 0x6a, 0x42, 
    0x98, 0x2a, 0x6e, 0x9a, 0xc0, 0x7e, 0x3c, 0x5b, 0xf4, 0xdd, 0x05, 0xbf, 0xff, 0xff, 0xd9, 0xd1, 
    0x6f, 0xd6, 0x99, 0xc3, 0xa7, 0x9f, 0x36, 0xb1, 0x5f, 0x70, 0xff, 0x75, 0x01, 0xa8, 0x03, 0xf9, 
    0x19, 0x8e, 0x00, 0x11, 0xe8, 0x0b, 0x80, 0xac, 0x58, 0x7f, 0xe5, 0x44, 0x48, 0xf4, 0x97, 0xb1, 
    0xdc, 0xd1, 0x58, 0xbd, 0xbf, 0xa9, 0x5b, 0xfd, 0xc2, 0x89, 0xff, 0x70, 0xa5, 0x2f, 0xfa, 0x94, 
    0xff, 0xf3, 0x28, 0xc4, 0x24, 0x0d, 0x21, 0x7e, 0xca, 0x3e, 0x02, 0x84, 0x3e, 0xc2, 0x97, 0xe8, 
    0x8a, 0x14, 0x4b, 0x71, 0x53, 0xa7, 0x7f, 0xff, 0xa8, 0x3b, 0xbc, 0xad, 0x7e, 0xb5, 0x00, 0x8f, 
    0x00, 0x01, 0x47, 0xd4, 0x09, 0x3a, 0x0b, 0x13, 0x21, 0x87, 0xff, 0xf5, 0x9b, 0x14, 0xa4, 0xf7, 
    0x7f, 0xff, 0xff, 0xfd, 0x65, 0x81, 0x43, 0x37, 0xd9, 0xff, 0xfd, 0x45, 0x58, 0x14, 0x66, 0xca, 
    0x5b, 0x6c, 0xc1, 0x84, 0x0d, 0x6c, 0x55, 0x53, 0xff, 0xf3, 0x28, 0xc4, 0x2a, 0x0c, 0x28, 0x62, 
    0x91, 0x9e, 0x00, 0x52, 0x20, 0x03, 0xcc, 0x08, 0x19, 0xbd, 0xec, 0x4a, 0x03, 0xff, 0x0f, 0xd7, 
    0x34, 0x98, 0x08, 0x06, 0x00, 0xf1, 0xb0, 0xd1, 0x4f, 0xea, 0x86, 0x93, 0x32, 0x8c, 0xfe, 0xfe, 
    0x1e, 0x9e, 0xb0, 0x26, 0x1e, 0x99, 0x36, 0x21, 0xda, 0x3c, 0x63, 0xef, 0xff, 0xff, 0xff, 0xff, 
    0xfe, 0xff, 0xfd, 0xf0, 0xff, 0x5d, 0x3b, 0xc3, 0xe5, 0x28, 0x68, 0xcf, 0x76, 0xed, 0x8d, 0x9e, 
    0xff, 0xf3, 0x28, 0xc4, 0x34, 0x14, 0xbb, 0x12, 0x80, 0x14, 0x38, 0x0d, 0x11, 0x3e, 0x78, 0xba, 
    0x7a, 0xcd, 0x40, 0xa2, 0xe9, 0x1a, 0x08, 0xb1, 0x12, 0x68, 0xfe, 0x00, 0x2c, 0x3a, 0x03, 0x09, 
    0x8b, 0x24, 0x11, 0x66, 0x22, 0x4d, 0x8a, 0xa4, 0x2e, 0x2c, 0xec, 0x17, 0x08, 0xcf, 0x87, 0xed, 
    0x59, 0x8b, 0x92, 0xfb, 0x45, 0xb7, 0x8e, 0xb9, 0xff, 0xf8, 0xb4, 0x63, 0x54, 0x92, 0x86, 0x1f, 
    0x9c, 0x9b, 0x97, 0xf7, 0xf3, 0xc1, 0xd3, 0x6e, 0xff, 0xf3, 0x28, 0xc4, 0x1c, 0x12, 0xfa, 0x1e, 
    0x94, 0xca, 0x06, 0x14, 0x58, 0x46, 0x31, 0xaa, 0x38, 0xc6, 0xff, 0xcf, 0x3f, 0xff, 0x23, 0x1f, 
    0xbf, 0xf5, 0x71, 0x80, 0x14, 0x04, 0x27, 0xf4, 0x30, 0x2b, 0x80, 0xd9, 0x39, 0x88, 0x6d, 0xe7, 
    0x3b, 0x21, 0x21, 0x9f, 0xfa, 0xff, 0xff, 0xfe, 0xa8, 0x48, 0x1f, 0xb6, 0xa2, 0xef, 0xf5, 0x7a, 
    0xc4, 0xe2, 0xb8, 0xc4, 0x5e, 0x01, 0x83, 0xbf, 0xf8, 0xff, 0xd6, 0x3f, 0x03, 0x5b, 0xff, 0xc6, 
    0xff, 0xf3, 0x28, 0xc4, 0x0b, 0x0e, 0xd9, 0x5a, 0xbd, 0x90, 0x6e, 0x9a, 0xca, 0x12, 0xac, 0xe0, 
    0xb6, 0x07, 0x0a, 0x69, 0xd8, 0xeb, 0x2f, 0xd6, 0xe5, 0x4f, 0xe9, 0x83, 0x2a, 0x79, 0xa4, 0x15, 
    0xab, 0xfe, 0x3f, 0xb2, 0x64, 0xc1, 0x80, 0x1e, 0x5f, 0xd4, 0x88, 0x97, 0x84, 0xfc, 0xe3, 0xdb, 
    0xba, 0x09, 0xb8, 0x40, 0x05, 0x98, 0xc9, 0x6f, 0xe9, 0x26, 0x6a, 0x1a, 0xf2, 0xd5, 0x00, 0x38, 
    0x19, 0x02, 0xdb, 0x28, 0x90, 0x00, 0x60, 0x11, 0xff, 0xf3, 0x28, 0xc4, 0x0a, 0x0b, 0xf8, 0xf6, 
    0xda, 0x58, 0x02, 0x9e, 0x56, 0x3f, 0xe7, 0x88, 0xc1, 0x70, 0x0b, 0x24, 0xad, 0xfd, 0x8d, 0xcd, 
    0x2b, 0xab, 0x7f, 0x98, 0x51, 0x47, 0xd9, 0x8e, 0xa6, 0x0e, 0x42, 0xc4, 0xfb, 0x7f, 0xeb, 0xfa, 
    0x40, 0x25, 0x03, 0x64, 0xe0, 0x55, 0x37, 0xb0, 0x28, 0xff, 0x2a, 0x07, 0x47, 0x02, 0xa6, 0x22, 
    0x85, 0x38, 0x6e, 0xab, 0x41, 0x9f, 0x2b, 0xcb, 0x4c, 0x74, 0x0d, 0x39, 0xfe, 0xbf, 0xcf, 0xfd, 
    0xff, 0xf3, 0x28, 0xc4, 0x15, 0x0b, 0x68, 0xbe, 0xa5, 0x50, 0x03, 0x70, 0x2c, 0xe4, 0xb4, 0x00, 
    0x04, 0x1c, 0x58, 0x40, 0x52, 0x26, 0x0e, 0xa9, 0x9d, 0xef, 0xce, 0x26, 0xcb, 0xd9, 0xa2, 0xee, 
    0x87, 0x6f, 0x72, 0xc2, 0x51, 0x15, 0x02, 0x38, 0x58, 0xfa, 0x00, 0x1b, 0x80, 0x2b, 0x2e, 0x06, 
    0xd8, 0x9c, 0xb3, 0xfa, 0x87, 0xb8, 0x2d, 0xe1, 0xba, 0x4a, 0xa1, 0xd7, 0x05, 0x09, 0x07, 0xaa, 
    0x4b, 0xc3, 0x77, 0xda, 0x33, 0x04, 0xc4, 0x2e, 0xff, 0xf3, 0x28, 0xc4, 0x22, 0x0c, 0xe0, 0xb2, 
    0xca, 0x3e, 0x03, 0x52, 0x36, 0x7b, 0x1c, 0xd2, 0xbf, 0xff, 0xff, 0xff, 0xff, 0xeb, 0xbe, 0x3c, 
    0x8a, 0xbc, 0x6a, 0x1e, 0x31, 0xe0, 0x15, 0xd5, 0x41, 0xc1, 0x0d, 0x4d, 0x96, 0xd4, 0xce, 0xc4, 
    0x3e, 0x16, 0x18, 0x3c, 0xa0, 0xd7, 0x76, 0x31, 0x30, 0x8b, 0xa6, 0x0a, 0x22, 0xe1, 0x47, 0xe6, 
    0x2b, 0x20, 0xb9, 0xb7, 0xe6, 0xb0, 0x9d, 0x9a, 0x3a, 0x41, 0x61, 0x35, 0x98, 0x79, 0x9c, 0x40, 
    0xff, 0xf3, 0x28, 0xc4, 0x29, 0x0c, 0xa8, 0xae, 0x64, 0x00, 0x06, 0xb0, 0x31, 0x2e, 0xb3, 0xb4, 
    0xd6, 0x9c, 0x6a, 0xf6, 0x6d, 0xe7, 0x4a, 0xb8, 0xa1, 0x85, 0xbd, 0xb5, 0xce, 0xe1, 0x4e, 0x8c, 
    0x86, 0x5a, 0x91, 0xae, 0xf2, 0x02, 0xc3, 0x03, 0x5f, 0x7e, 0xd1, 0x00, 0x30, 0x83, 0x8a, 0x16, 
    0x20, 0x28, 0xcf, 0x7c, 0xad, 0xc0, 0x66, 0x81, 0x53, 0x9d, 0xfa, 0x59, 0xa7, 0xea, 0x08, 0xa5, 
    0x58, 0x47, 0x25, 0x22, 0xe1, 0xe9, 0x6e, 0xaf, 0xff, 0xf3, 0x28, 0xc4, 0x31, 0x0c, 0x68, 0xaa, 
    0x70, 0x00, 0x06, 0xb0, 0x2d, 0x9d, 0x0e, 0x00, 0x82, 0xd3, 0xfc, 0x4d, 0x7d, 0x3f, 0xce, 0xf5, 
    0x7c, 0xe5, 0x93, 0x62, 0x90, 0x32, 0x05, 0xa6, 0xde, 0xd4, 0xdb, 0x90, 0x80, 0x84, 0xe5, 0x80, 
    0x20, 0x6e, 0x5e, 0x76, 0xd5, 0x90, 0xad, 0xa4, 0x45, 0x91, 0x4d, 0x33, 0x89, 0x6c, 0xf8, 0x65, 
    0x5f, 0xff, 0xff, 0xff, 0xff, 0xf6, 0x8f, 0x53, 0xd5, 0x84, 0x05, 0x0f, 0xe8, 0x0e, 0x48, 0xd3, 
    0xff, 0xf3, 0x28, 0xc4, 0x3a, 0x0c, 0x90, 0xae, 0x94, 0x24, 0x00, 0xb0, 0x24, 0xa3, 0xd8, 0x13, 
    0x22, 0xc3, 0x02, 0x78, 0x02, 0xc8, 0x16, 0xc0, 0x61, 0x38, 0x6d, 0xdb, 0xd5, 0xc9, 0x11, 0x71, 
    0x21, 0x2d, 0xed, 0x0d, 0x81, 0x50, 0x23, 0xe2, 0x93, 0x16, 0x02, 0xb1, 0x0f, 0x55, 0xd6, 0x0f, 
    0x9f, 0xff, 0xff, 0xff, 0xff, 0xfd, 0x88, 0xa5, 0x04, 0xf8, 0x49, 0x06, 0x80, 0x28, 0x00, 0x68, 
    0x37, 0xe1, 0x36, 0xa1, 0x99, 0x9c, 0x3a, 0x5e, 0xff, 0xf3, 0x28, 0xc4, 0x42, 0x0c, 0x70, 0xc2, 
    0x9c, 0x0a, 0x01, 0xde, 0x2e, 0x6f, 0xfe, 0x25, 0x93, 0xd1, 0x23, 0x65, 0x20, 0x41, 0x5c, 0x6b, 
    0xaf, 0xda, 0x90, 0xd8, 0x91, 0xbf, 0x5c, 0x18, 0x65, 0xc9, 0xcb, 0xf6, 0xc5, 0x41, 0xe9, 0x04, 
    0xe7, 0xab, 0xff, 0xff, 0xff, 0xfe, 0xc0, 0x55, 0x28, 0x94, 0x30, 0x0f, 0xb8, 0xb7, 0x3f, 0x91, 
    0x6e, 0xa5, 0x09, 0x09, 0x22, 0xfa, 0x8e, 0x03, 0xe4, 0xfe, 0xad, 0xe4, 0xca, 0x29, 0xb5, 0xb4, 
    0xff, 0xf3, 0x28, 0xc4, 0x4b, 0x0d, 0x00, 0xce, 0xa5, 0xbe, 0x01, 0x5e, 0x10, 0x12, 0x64, 0x41, 
    0xc2, 0x58, 0xed, 0x40, 0x36, 0x85, 0xb5, 0x56, 0x12, 0x60, 0x92, 0xbb, 0xb4, 0x9c, 0x30, 0x6f, 
    0xb7, 0xff, 0xff, 0xff, 0xf4, 0x65, 0x71, 0x2a, 0xf5, 0x0b, 0xa0, 0x3c, 0x79, 0x88, 0x5d, 0x4b, 
    0x35, 0x9a, 0x8c, 0x53, 0xcd, 0xdd, 0x04, 0xbd, 0x34, 0xa7, 0xf2, 0x8c, 0xca, 0x1d, 0xf3, 0x51, 
    0xe5, 0xe9, 0x27, 0x04, 0x81, 0xd3, 0x1f, 0xfc, 0xff, 0xf3, 0x28, 0xc4, 0x52, 0x0c, 0x68, 0xea, 
    0x80, 0x2c, 0x86, 0x1a, 0xe0, 0x2c, 0x06, 0xb2, 0x5e, 0x25, 0x80, 0x10, 0xf6, 0x6f, 0xa1, 0x08, 
    0xb3, 0xd0, 0x80, 0xe7, 0xff, 0xff, 0xff, 0xfd, 0x08, 0xc4, 0x33, 0x94, 0x5b, 0x55, 0x17, 0xdd, 
    0x1f, 0x46, 0xce, 0xbf, 0xae, 0x5e, 0xeb, 0x18, 0xeb, 0xe5, 0xc6, 0x25, 0x23, 0xa9, 0x4e, 0xc0, 
    0x73, 0x18, 0xc0, 0x2a, 0x84, 0xd8, 0x82, 0x6d, 0x35, 0xfc, 0xff, 0xed, 0x35, 0x32, 0x30, 0xe1, 
    0xff, 0xf3, 0x28, 0xc4, 0x5b, 0x0d, 0x00, 0xee, 0x60, 0x00, 0x6e, 0x12, 0xc4, 0x61, 0xf9, 0x25, 
    0x8b, 0x2c, 0xb5, 0xf2, 0xfa, 0x42, 0x50, 0x78, 0x11, 0x28, 0xe6, 0xbc, 0x2b, 0x62, 0x61, 0x0a, 
    0x46, 0x82, 0xa8, 0x09, 0x92, 0x26, 0x21, 0x38, 0xdb, 0x2d, 0x21, 0x2c, 0x93, 0x6c, 0xd3, 0xf4, 
    0x07, 0x43, 0x41, 0x59, 0x27, 0xe1, 0x20, 0x2f, 0xe7, 0x5d, 0xa7, 0xff, 0xff, 0xff, 0xff, 0xed, 
    0x1e, 0x02, 0xf1, 0xea, 0x4c, 0x41, 0x4d, 0x45, 0xff, 0xf3, 0x28, 0xc4, 0x62, 0x0b, 0x18, 0xee, 
    0x40, 0x00, 0x03, 0xd0, 0x1d, 0x33, 0x2e, 0x39, 0x39, 0x2e, 0x35, 0xaa, 0xaa, 0xaa, 0xaa, 0xaa, 
    0xaa, 0xaa, 0xaa, 0xaa, 0xaa, 0xaa, 0xaa, 0xaa, 0xaa, 0xaa, 0xaa, 0xaa, 0xaa, 0xaa, 0xaa, 0xaa, 
    0xaa, 0xaa, 0xaa, 0xaa, 0xaa, 0xaa, 0xaa, 0xaa, 0xaa, 0xaa, 0xaa, 0xaa, 0xaa, 0xaa, 0xaa, 0xaa, 
    0xaa, 0xaa, 0xaa, 0xaa, 0xaa, 0xaa, 0xaa, 0xaa, 0xaa, 0xaa, 0xaa, 0xaa, 0xaa, 0xaa, 0xaa, 0xaa, 
    0xff, 0xf3, 0x28, 0xc4, 0x70, 0x0c, 0x18, 0xa1, 0xfc, 0x00, 0x48, 0x52, 0x68, 0xaa, 0xaa, 0xaa, 
    0xaa, 0xaa, 0xaa, 0xaa, 0xaa, 0xaa, 0xaa, 0xaa, 0xaa, 0xaa, 0xaa, 0xaa, 0xaa, 0xaa, 0xaa, 0xaa, 
    0xaa, 0xaa, 0xaa, 0xaa, 0xaa, 0xaa, 0xaa, 0xaa, 0xaa, 0xaa, 0xaa, 0xaa, 0xaa, 0xaa, 0xaa, 0xaa, 
    0xaa, 0xaa, 0xaa, 0xaa, 0xaa, 0xaa, 0xaa, 0xaa, 0xaa, 0xaa, 0xaa, 0xaa, 0xaa, 0xaa, 0xaa, 0xaa, 
    0xaa, 0xaa, 0xaa, 0xaa, 0xaa, 0xaa, 0xaa, 0xaa, 0x00, 0x00, 0x00, 0x00, 0x00, 0x00, 0x00, 0x00, 
    0x00, 0x00, 0x00, 0x00, 0x00, 0x00, 0x00, 0x00, 0x00, 0x00, 0x00, 0x00, 0x00, 0x00, 0x00, 0x00, 
    0xff, 0xf3, 0x28, 0xc4, 0x00, 0x00, 0x00, 0x03, 0x48, 0x01, 0x40, 0x00, 0x00, 0xf2, 0x75, 0xf3, 
    0xc0, 0xbf, 0xce, 0x6f, 0xc1, 0xc1, 0xaf, 0xff, 0xcf, 0xff, 0xcf, 0x98, 0xdf, 0xff, 0x57, 0x98, 
    0xdf, 0xff, 0xfa, 0x9e, 0xff, 0xff, 0xfc, 0xc6, 0xab, 0xba, 0x9f, 0xff, 0xff, 0xff, 0x42, 0x06, 
    0x2b, 0x9f, 0x90, 0x3e, 0x4f, 0xff, 0xff, 0xff, 0xf3, 0x19, 0x5d, 0xaa, 0x78, 0x97, 0xc2, 0x75, 
    0x01, 0x71, 0xa4, 0x00, 0x00, 0x00, 0xfe, 0x48, 0xff, 0xf3, 0x28, 0xc4, 0x3b, 0x0c, 0xa3, 0x12, 
    0x34, 0x01, 0x8a, 0x38, 0x01, 0xe4, 0x00, 0x3c, 0xfa, 0xc6, 0x99, 0x9a, 0xa5, 0x25, 0x82, 0x42, 
    0x00, 0x79, 0xf3, 0x33, 0xe6, 0x83, 0xb1, 0xd4, 0x5f, 0xff, 0xff, 0xff, 0xff, 0xff, 0xff, 0xff, 
    0xff, 0xe4, 0xd5, 0xc9, 0xbe, 0xc2, 0x87, 0x0d, 0xf9, 0x54, 0x48, 0xe4, 0x53, 0x9d, 0xe4, 0x63, 
    0xa4, 0xca, 0xcc, 0x65, 0x0f, 0x1d, 0x40, 0x83, 0xc5, 0xc5, 0x99, 0x18, 0xc3, 0x07, 0x98, 0xe8, 
    0xff, 0xf3, 0x28, 0xc4, 0x43, 0x18, 0x33, 0x1a, 0x8d, 0x97, 0x93, 0x28, 0x01, 0x30, 0xa2, 0xdb, 
    0x5c, 0xf4, 0x7d, 0x88, 0xd1, 0x10, 0xf8, 0xa1, 0xd8, 0x48, 0x6b, 0x94, 0x5c, 0xc2, 0x45, 0x2d, 
    0x86, 0x94, 0x60, 0x93, 0x89, 0x9c, 0x04, 0x17, 0x12, 0x13, 0x55, 0x86, 0xaa, 0x60, 0x02, 0x1f, 
    0x2e, 0x5d, 0x8f, 0xf3, 0xb6, 0x45, 0x4f, 0x37, 0xc0, 0x56, 0xe7, 0x0a, 0x5d, 0xf6, 0x6b, 0xbe, 
    0x0a, 0x52, 0x95, 0xdc, 0xa7, 0xbf, 0xff, 0x28, 0xff, 0xf3, 0x28, 0xc4, 0x1d, 0x14, 0x82, 0x8a, 
    0x99, 0x91, 0xd9, 0x38, 0x01, 0x87, 0x2d, 0xf3, 0xd0, 0xc5, 0xff, 0xff, 0xff, 0xff, 0xff, 0xff, 
    0xff, 0xff, 0xff, 0xdd, 0x47, 0x07, 0x08, 0x08, 0x85, 0x84, 0xb1, 0xc1, 0xc0, 0x26, 0x37, 0x1b, 
    0x8d, 0xdc, 0xc3, 0xd2, 0xf5, 0xcf, 0xa1, 0x33, 0xcf, 0x7a, 0xa2, 0xb9, 0x86, 0x1f, 0x33, 0x3d, 
    0x59, 0x5c, 0x71, 0x4f, 0x1b, 0x9e, 0x4e, 0x39, 0xf0, 0x24, 0x41, 0x52, 0x9c, 0xb4, 0x00, 0x49, 
    0xff, 0xf3, 0x28, 0xc4, 0x06, 0x0c, 0xd1, 0xda, 0xe2, 0x56, 0x50, 0x05, 0x32, 0x50, 0x02, 0xd7, 
    0xdc, 0x0c, 0xb8, 0x83, 0x15, 0x5f, 0x23, 0x10, 0x44, 0xde, 0x61, 0x21, 0x7f, 0xa1, 0x8f, 0xe7, 
    0x9e, 0x9f, 0xed, 0xa9, 0xce, 0x80, 0xc5, 0x0c, 0x1c, 0x9b, 0x3e, 0x5d, 0xe4, 0x02, 0xef, 0x77, 
    0x5a, 0x82, 0x15, 0x09, 0x97, 0xb3, 0xff, 0x4a, 0x86, 0x87, 0x15, 0x89, 0x45, 0x6d, 0xbb, 0x6d, 
    0x61, 0xc0, 0xa2, 0xaf, 0xff, 0x2d, 0xe3, 0xcb, 0xff, 0xf3, 0x28, 0xc4, 0x0d, 0x10, 0x20, 0x96, 
    0xde, 0x5a, 0x78, 0x8c, 0xc6, 0x72, 0xbd, 0x85, 0x94, 0x3d, 0x1a, 0x58, 0x66, 0xbd, 0xdb, 0x0e, 
    0x84, 0x70, 0x13, 0xf0, 0x81, 0x4b, 0xcc, 0x40, 0x3d, 0x4b, 0x88, 0x5d, 0x26, 0xec, 0x2c, 0x78, 
    0xd8, 0x9c, 0x0a, 0x60, 0xa3, 0x7e, 0x9f, 0xc4, 0xec, 0x7e, 0xa8, 0x7c, 0x46, 0x12, 0x36, 0x35, 
    0xd7, 0x5a, 0x91, 0x50, 0xab, 0xc6, 0xaf, 0xf8, 0xc5, 0x55, 0x61, 0xb4, 0xbf, 0xeb, 0x00, 0x06, 
    0xff, 0xf3, 0x28, 0xc4, 0x07, 0x0e, 0xd8, 0x8a, 0xba, 0x58, 0x3b, 0xc4, 0x14, 0xf8, 0xa1, 0xd8, 
    0x11, 0xc3, 0x5b, 0xc8, 0xa5, 0x8a, 0xfc, 0x74, 0xd6, 0x4b, 0xd3, 0x9d, 0xd1, 0xad, 0xe8, 0xdf, 
    0x14, 0xca, 0xc3, 0x5f, 0xa9, 0xd6, 0x6a, 0x0c, 0x4b, 0xa2, 0x04, 0x04, 0xc1, 0xf8, 0x20, 0x18, 
    0x2e, 0x50, 0xe2, 0x80, 0x0c, 0x49, 0x01, 0x50, 0xe9, 0xd9, 0x14, 0xbe, 0xa8, 0x97, 0x66, 0xff, 
    0xb5, 0x0a, 0xfd, 0x1f, 0xa8, 0x0b, 0x7f, 0x9f, 0xff, 0xf3, 0x28, 0xc4, 0x06, 0x0e, 0x2a, 0x82, 
    0xc4, 0x00, 0x10, 0x06, 0x9d, 0xf9, 0x94, 0xfc, 0x23, 0xbb, 0xf0, 0x40, 0xb7, 0x60, 0x02, 0x61, 
    0x33, 0x6e, 0x5c, 0xba, 0xf2, 0x24, 0x24, 0xeb, 0x21, 0x38, 0x2d, 0xcf, 0x82, 0x19, 0xe4, 0x2f, 
    0xe9, 0xf7, 0xf4, 0x2f, 0x42, 0x27, 0x0e, 0x37, 0x51, 0x30, 0x06, 0x2d, 0xdc, 0x27, 0xcd, 0x1e, 
    0x04, 0x4f, 0x7f, 0x1d, 0xfc, 0xbb, 0xbd, 0x1d, 0xff, 0xf2, 0xfd, 0xfc, 0xee, 0x4e, 0x52, 0x84, 
    0xff, 0xf3, 0x28, 0xc4, 0x08, 0x0d, 0xda, 0xda, 0xcc, 0x00, 0x00, 0xcd, 0x8d, 0x2c, 0x21, 0xee, 
    0x4b, 0x9e, 0x7f, 0x9e, 0xcb, 0x84, 0xb1, 0xc9, 0xce, 0x15, 0x4a, 0x74, 0x8e, 0xda, 0xdd, 0x9d, 
    0x62, 0xe5, 0x6f, 0xfe, 0xd6, 0xcb, 0xa3, 0xd0, 0x90, 0x11, 0x1a, 0x5c, 0x9b, 0x8a, 0xea, 0x88, 
    0x78, 0xfe, 0xbb, 0x94, 0xf0, 0xf2, 0xfc, 0xc5, 0x44, 0x6e, 0x9e, 0x5b, 0xaa, 0x50, 0x77, 0x78, 
    0x89, 0x89, 0x81, 0xa3, 0x18, 0x03, 0xff, 0xb4, 0xff, 0xf3, 0x28, 0xc4, 0x0b, 0x0b, 0x78, 0x6b, 
    0x17, 0x1c, 0x0a, 0x46, 0x2a, 0x62, 0x82, 0x50, 0x06, 0x44, 0x24, 0x9b, 0xbb, 0x88, 0x42, 0x81, 
    0xcf, 0x10, 0x0f, 0x25, 0x51, 0x80, 0x00, 0x44, 0x0c, 0xea, 0x7f, 0xcc, 0xc8, 0x7d, 0x2a, 0x86, 
    0x6b, 0x39, 0xff, 0xe8, 0x7a, 0x95, 0x8d, 0x35, 0x42, 0xdc, 0x2e, 0x19, 0xca, 0x08, 0x0d, 0xfe, 
    0xed, 0x9b, 0x3b, 0x58, 0x10, 0x52, 0x43, 0x8e, 0x25, 0x0d, 0x5f, 0x9e, 0xc8, 0xa2, 0xc7, 0x47, 
    0xff, 0xf3, 0x28, 0xc4, 0x18, 0x0c, 0x78, 0xf2, 0xee, 0x58, 0x3e, 0x9a, 0x2a, 0x20, 0x95, 0xb7, 
    0xf5, 0x28, 0x36, 0xc2, 0xc1, 0x95, 0xfe, 0x82, 0x1f, 0xf3, 0x88, 0x3b, 0x58, 0x4b, 0xf1, 0x03, 
    0x9c, 0x30, 0x92, 0x8f, 0xff, 0xff, 0xd2, 0x40, 0x1e, 0x3c, 0x16, 0x78, 0x00, 0x1b, 0xff, 0xf3, 
    0x81, 0xf8, 0x00, 0xce, 0x8b, 0xe8, 0x7e, 0x71, 0x81, 0x30, 0x9b, 0xfd, 0x0c, 0x00, 0xc1, 0xab, 
    0x7f, 0xc9, 0xc5, 0x7f, 0xce, 0xa0, 0xdf, 0xf3, 0xff, 0xf3, 0x28, 0xc4, 0x21, 0x0c, 0x69, 0x82, 
    0xd6, 0x58, 0x9a, 0x8a, 0x94, 0xa9, 0xbf, 0xe2, 0x61, 0x20, 0x04, 0xbd, 0x0d, 0xe2, 0x6d, 0xf4, 
    0x7f, 0xea, 0x05, 0xbd, 0x20, 0x95, 0x60, 0x85, 0x69, 0xa6, 0xd6, 0x08, 0x0c, 0x02, 0xf9, 0x7f, 
    0x31, 0x04, 0x00, 0x21, 0x17, 0x7e, 0x79, 0x04, 0x42, 0xc1, 0x0e, 0x5e, 0xae, 0x45, 0x14, 0x24, 
    0xca, 0x5f, 0xae, 0x88, 0x04, 0xff, 0xe5, 0x43, 0x7f, 0xcb, 0xfd, 0x48, 0x72, 0x86, 0x01, 0x12, 
    0xff, 0xf3, 0x28, 0xc4, 0x2a, 0x0d, 0x21, 0x4e, 0xd2, 0x5c, 0x51, 0x84, 0xa0, 0xef, 0x3d, 0xff, 
    0xff, 0xf2, 0x25, 0x43, 0x5f, 0xff, 0x50, 0xc5, 0x44, 0xb5, 0x1c, 0x16, 0xcb, 0x60, 0x00, 0x2b, 
    0x7d, 0x03, 0x00, 0x8c, 0xec, 0xfd, 0xc3, 0x0a, 0x56, 0x7d, 0x4a, 0xa5, 0x63, 0x7f, 0x75, 0x45, 
    0x6d, 0x1e, 0xdb, 0xae, 0xbb, 0x31, 0x07, 0xb4, 0xca, 0x8e, 0x18, 0x71, 0x22, 0x4a, 0x47, 0x12, 
    0xf0, 0xc3, 0xfd, 0xaf, 0xb9, 0x38, 0x7d, 0x82, 0xff, 0xf3, 0x28, 0xc4, 0x30, 0x0c, 0xd1, 0x56, 
    0xc1, 0xbe, 0x10, 0x05, 0x22, 0x7f, 0x52, 0xe7, 0x15, 0x60, 0x1d, 0x70, 0x50, 0xa0, 0x6c, 0x78, 
    0x0c, 0x17, 0x44, 0xe9, 0x9c, 0x99, 0xdf, 0x56, 0x5b, 0x49, 0x75, 0x64, 0xff, 0xff, 0xff, 0xe9, 
    0x3b, 0xd2, 0xf2, 0x15, 0xda, 0x77, 0xce, 0x7d, 0xf6, 0xff, 0x7f, 0xd7, 0xff, 0x6a, 0xb9, 0x3f, 
    0xff, 0x3b, 0xf6, 0xdb, 0xff, 0xfd, 0x1d, 0x17, 0x57, 0x57, 0x63, 0x87, 0x1e, 0xf2, 0x2e, 0x00, 
    0xff, 0xf3, 0x28, 0xc4, 0x37, 0x10, 0x03, 0x1a, 0x9c, 0x00, 0x0a, 0x44, 0x49, 0x30, 0x62, 0x32, 
    0xe8, 0xc8, 0x8c, 0x82, 0x04, 0x08, 0x1f, 0xfc, 0x05, 0x9b, 0x7d, 0x25, 0xd6, 0xce, 0x19, 0x98, 
    0x33, 0xbd, 0x95, 0x11, 0x9a, 0xf7, 0xab, 0x50, 0x4b, 0x00, 0xb8, 0x58, 0x7f, 0xfa, 0x0f, 0x1b, 
    0xff, 0x9e, 0xff, 0xfc, 0x8c, 0x9c, 0xc7, 0xfb, 0x98, 0x92, 0xa0, 0x2e, 0x1d, 0x16, 0xcc, 0x32, 
    0xb5, 0xb5, 0x08, 0x1b, 0xff, 0xff, 0xfa, 0x9e, 0xff, 0xf3, 0x28, 0xc4, 0x32, 0x0f, 0x72, 0x16, 
    0xbc, 0xc8, 0x6e, 0x14, 0x44, 0x7f, 0xfe, 0xa3, 0xf2, 0x7f, 0xff, 0x07, 0xdf, 0x6d, 0x8b, 0x0c, 
    0x21, 0x42, 0xa2, 0xa1, 0x99, 0xc0, 0xbf, 0xff, 0x9d, 0x0d, 0xb0, 0x52, 0x93, 0x6f, 0xf3, 0xa1, 
    0xcb, 0x25, 0x1b, 0xfe, 0xa4, 0x0a, 0x5a, 0x9e, 0xdf, 0xfc, 0xff, 0xff, 0x30, 0x74, 0x6a, 0x6f, 
    0x5d, 0x06, 0x83, 0x40, 0x1e, 0x2a, 0x53, 0x55, 0xfb, 0x1e, 0x79, 0xee, 0xdf, 0xfa, 0x33, 0x7e, 
    0xff, 0xf3, 0x28, 0xc4, 0x2f, 0x0f, 0x4a, 0x0e, 0xd9, 0x92, 0x68, 0x0f, 0x20, 0xa8, 0x79, 0xe3, 
    0x74, 0x1d, 0x4b, 0xd1, 0x0f, 0xab, 0xf5, 0xd6, 0x85, 0x89, 0xca, 0x2a, 0x8d, 0x81, 0x23, 0xf3, 
    0x05, 0x5f, 0x4e, 0xa2, 0x0c, 0x07, 0x07, 0x7f, 0xfc, 0x09, 0x99, 0xff, 0x38, 0x30, 0x23, 0x7f, 
    0xc8, 0xbf, 0xfd, 0x14, 0xdf, 0xfb, 0xa9, 0x7d, 0x67, 0xa1, 0x43, 0x1c, 0xb6, 0xf2, 0x08, 0x0e, 
    0xa2, 0x41, 0xad, 0x45, 0xc8, 0x82, 0xae, 0xe6, 0xff, 0xf3, 0x28, 0xc4, 0x2c, 0x0c, 0xb1, 0x96, 
    0xdd, 0x90, 0x51, 0x84, 0xc0, 0x8f, 0x5d, 0x68, 0x59, 0xbf, 0xfe, 0x76, 0xa2, 0x93, 0x63, 0xae, 
    0xfc, 0x18, 0x76, 0x80, 0x02, 0x82, 0x9b, 0xe4, 0xa8, 0x74, 0x56, 0x27, 0x61, 0x23, 0xc1, 0xdc, 
    0x90, 0x74, 0xa9, 0xdf, 0x58, 0x28, 0x79, 0x70, 0x56, 0x57, 0xff, 0x95, 0x85, 0x4e, 0x89, 0x41, 
    0x50, 0x54, 0x8f, 0xff, 0xf9, 0x62, 0xbe, 0xa3, 0xdf, 0x4f, 0x23, 0x2a, 0x8f, 0xf2, 0xa7, 0x52, 
    0xff, 0xf3, 0x28, 0xc4, 0x34, 0x0d, 0x40, 0x37, 0x02, 0x5f, 0x45, 0x10, 0x02, 0x25, 0xfd, 0xeb, 
    0x8d, 0x3f, 0x78, 0x43, 0x59, 0x52, 0x51, 0x24, 0xa5, 0xac, 0x65, 0xaf, 0xd8, 0x58, 0x69, 0xf9, 
    0xcd, 0xd6, 0xe1, 0x91, 0x00, 0x4d, 0x40, 0x3d, 0xfe, 0xed, 0x80, 0x30, 0x05, 0xca, 0x52, 0x0b, 
    0x7b, 0xfd, 0x34, 0x52, 0x62, 0xb4, 0xbe, 0x9a, 0x3f, 0xb3, 0x27, 0x5b, 0xbd, 0xd9, 0x64, 0xc7, 
    0xfa, 0xe4, 0xe3, 0x9a, 0x24, 0x4b, 0x93, 0x45, 0xff, 0xf3, 0x28, 0xc4, 0x3a, 0x17, 0xfb, 0x12, 
    0x98, 0x01, 0x98, 0x98, 0x01, 0x51, 0x5a, 0x09, 0xc0, 0xd4, 0xe7, 0xfc, 0xd2, 0x81, 0x71, 0x34, 
    0x5f, 0x21, 0xe6, 0x68, 0xad, 0x26, 0x65, 0xff, 0xff, 0xf5, 0xbb, 0xdd, 0xbe, 0xb3, 0xec, 0x7e, 
    0x87, 0xff, 0xff, 0xfb, 0xe8, 0x2f, 0xf5, 0x74, 0xcf, 0x91, 0x83, 0x36, 0x7f, 0xf4, 0x09, 0x64, 
    0x92, 0xfd, 0x45, 0xc1, 0x96, 0x0a, 0xc8, 0x73, 0x4d, 0x0b, 0xd5, 0x8b, 0xdb, 0x0e, 0x40, 0xa8, 
    0xff, 0xf3, 0x28, 0xc4, 0x15, 0x11, 0x59, 0x72, 0xc4, 0x01, 0xcd, 0x78, 0x00, 0x0d, 0xd1, 0x4a, 
    0x56, 0xc6, 0x9e, 0xff, 0x2f, 0xdf, 0xab, 0xf1, 0xad, 0xef, 0xff, 0x9f, 0x9d, 0x5e, 0xbf, 0xff, 
    0x9f, 0x7c, 0x53, 0x7a, 0xc5, 0xb1, 0xf2, 0xc6, 0xaf, 0x8c, 0xc8, 0xfd, 0x91, 0x5d, 0x2b, 0xe7, 
    0x72, 0x30, 0x32, 0x43, 0x9e, 0x67, 0x70, 0xb2, 0x1a, 0x08, 0x1c, 0x79, 0x9d, 0x4a, 0x80, 0x40, 
    0x24, 0x09, 0x46, 0x5c, 0x80, 0x00, 0x3e, 0xa0, 0xff, 0xf3, 0x28, 0xc4, 0x0a, 0x0c, 0xe0, 0xd7, 
    0x06, 0x5e, 0x10, 0x0a, 0x06, 0xdf, 0xe2, 0x60, 0x30, 0xb6, 0x85, 0xea, 0x62, 0xb2, 0x3a, 0x17, 
    0x84, 0xc6, 0x0b, 0x3f, 0xce, 0x1f, 0x20, 0xb1, 0xec, 0x98, 0x08, 0x95, 0x8d, 0x00, 0xf1, 0x38, 
    0xb0, 0x18, 0x45, 0x07, 0x05, 0xba, 0x02, 0xcf, 0x6f, 0x7d, 0x2b, 0x41, 0xaf, 0x46, 0x9a, 0x30, 
    0x8a, 0x06, 0xb0, 0x01, 0xd8, 0x12, 0x50, 0x00, 0xff, 0xca, 0x10, 0x0f, 0xd5, 0xf9, 0x18, 0x12, 
    0xff, 0xf3, 0x28, 0xc4, 0x11, 0x0b, 0xe0, 0xce, 0xe6, 0xfe, 0x13, 0x14, 0x40, 0x02, 0x95, 0xf4, 
    0xa8, 0xae, 0x35, 0x37, 0xfb, 0x0f, 0x9f, 0xf9, 0x09, 0x13, 0xbb, 0x08, 0x86, 0xba, 0xc3, 0x5d, 
    0x60, 0xaf, 0x04, 0x7a, 0xdf, 0xc3, 0x03, 0xbd, 0xcf, 0xff, 0xe2, 0x4a, 0x02, 0xcc, 0x89, 0x37, 
    0x6c, 0xc1, 0x3c, 0x0f, 0xfe, 0xb3, 0x20, 0x4d, 0xbe, 0xb4, 0xf2, 0x78, 0xe7, 0x6f, 0xae, 0x89, 
    0x89, 0xaf, 0xf3, 0x22, 0x59, 0xd7, 0xe2, 0x17, 0xff, 0xf3, 0x28, 0xc4, 0x1c, 0x0c, 0xe9, 0xa6, 
    0xd2, 0x5c, 0x68, 0x45, 0x30, 0xf2, 0x13, 0xff, 0x13, 0xff, 0x17, 0xf8, 0x50, 0x9f, 0x50, 0x89, 
    0x9e, 0xd3, 0x84, 0x7b, 0x7f, 0xff, 0xca, 0xff, 0xff, 0xfe, 0x1c, 0x19, 0x5d, 0x63, 0x4c, 0xe7, 
    0xe0, 0x00, 0x33, 0x72, 0x00, 0x0d, 0xfd, 0xd8, 0x0b, 0xa0, 0x54, 0x2c, 0x75, 0x46, 0xcd, 0x20, 
    0x13, 0xbd, 0x35, 0x34, 0xa8, 0xb0, 0xe7, 0xff, 0xff, 0xff, 0xf1, 0x2b, 0xd6, 0xc8, 0x2b, 0x13, 
    0xff, 0xf3, 0x28, 0xc4, 0x23, 0x0c, 0xd0, 0x76, 0xf2, 0x5e, 0x3b, 0xce, 0x26, 0x56, 0x64, 0x10, 
    0x7f, 0xff, 0x01, 0x1c, 0x36, 0x8f, 0xd5, 0xae, 0x7e, 0x92, 0xa7, 0x1d, 0x86, 0x95, 0x82, 0xba, 
    0x20, 0xc0, 0x00, 0x72, 0x40, 0x02, 0x3f, 0xc8, 0x0b, 0x93, 0x01, 0x63, 0x3e, 0xc2, 0x89, 0xbf, 
    0x83, 0x07, 0x3f, 0xff, 0xff, 0xff, 0xfe, 0x54, 0x08, 0xe1, 0x0c, 0x2a, 0x11, 0x7f, 0x89, 0xc3, 
    0xf1, 0x61, 0x60, 0x40, 0x13, 0x24, 0xcf, 0xea, 0xff, 0xf3, 0x28, 0xc4, 0x2a, 0x0c, 0x28, 0x56, 
    0xfa, 0x56, 0x50, 0x0c, 0x82, 0x60, 0xb0, 0x6c, 0x4e, 0xb6, 0xbc, 0xda, 0x48, 0x07, 0x6c, 0xa0, 
    0x52, 0x18, 0x09, 0xfe, 0x76, 0x0a, 0xbf, 0xff, 0x13, 0x8f, 0xf4, 0x7f, 0xc5, 0x29, 0x7c, 0xed, 
    0xa8, 0x49, 0xce, 0x37, 0xfe, 0x15, 0x1d, 0xff, 0xfa, 0x79, 0x96, 0x79, 0x43, 0x9c, 0xc8, 0x63, 
    0x11, 0x15, 0xff, 0xcc, 0x86, 0x39, 0xef, 0xf2, 0x25, 0x45, 0x5e, 0x79, 0xaa, 0x21, 0x07, 0x55, 
    0xff, 0xf3, 0x28, 0xc4, 0x34, 0x0c, 0x40, 0xae, 0xd9, 0xba, 0x3b, 0xc4, 0xaa, 0xdb, 0xff, 0xd0, 
    0xc0, 0x03, 0xbf, 0x55, 0xdc, 0x72, 0x2b, 0x08, 0xbb, 0x2b, 0x6e, 0x35, 0x12, 0x89, 0x3f, 0xaa, 
    0x13, 0x00, 0x13, 0x9d, 0xff, 0x71, 0xaa, 0xff, 0xa3, 0xff, 0xdd, 0xb6, 0xfa, 0xcc, 0x31, 0xbc, 
    0x88, 0x3e, 0xf4, 0x0a, 0x82, 0xbd, 0x7f, 0xff, 0x4f, 0x25, 0xff, 0xf9, 0x5a, 0x40, 0x8b, 0x14, 
    0x73, 0x6d, 0x00, 0x8c, 0x01, 0x3f, 0xce, 0xf6, 0xff, 0xf3, 0x28, 0xc4, 0x3e, 0x0c, 0xa1, 0x56, 
    0xca, 0x5c, 0x53, 0xce, 0x40, 0xe6, 0x30, 0xca, 0x59, 0x87, 0x7f, 0x34, 0x12, 0x2f, 0xfe, 0xa2, 
    0xc8, 0xb6, 0xff, 0xc8, 0x49, 0x45, 0x86, 0xfe, 0x71, 0x11, 0x19, 0x3f, 0xe8, 0x44, 0x22, 0x83, 
    0xd1, 0xdf, 0x58, 0x0d, 0xff, 0xff, 0xff, 0xfc, 0x87, 0xff, 0xff, 0xac, 0x07, 0x04, 0xc8, 0x43, 
    0x92, 0x40, 0x16, 0x01, 0x4f, 0xcc, 0xea, 0x00, 0x23, 0x0c, 0x6f, 0x38, 0xf2, 0x01, 0x73, 0xff, 
    0xff, 0xf3, 0x28, 0xc4, 0x46, 0x0c, 0xb9, 0x1a, 0xe2, 0x5c, 0x53, 0xd4, 0x46, 0xd4, 0x65, 0xff, 
    0x94, 0x6f, 0xfa, 0xa7, 0xfd, 0x45, 0x56, 0xff, 0x48, 0xf1, 0xbf, 0xed, 0xfe, 0xa7, 0x0a, 0xe9, 
    0xa7, 0xff, 0xff, 0xff, 0xaa, 0x37, 0xf4, 0x61, 0x87, 0xaa, 0x80, 0x01, 0x42, 0x1c, 0x7f, 0x03, 
    0xff, 0xe5, 0x40, 0x15, 0xcc, 0xff, 0x0f, 0x00, 0x80, 0x49, 0x3f, 0xac, 0xff, 0xfc, 0x9f, 0xff, 
    0xff, 0xff, 0xf6, 0x01, 0xcf, 0xd8, 0x72, 0xf8, 0xff, 0xf3, 0x28, 0xc4, 0x4e, 0x0b, 0xca, 0xe2, 
    0xd1, 0xbc, 0x50, 0x05, 0xa7, 0xe4, 0xdd, 0xf4, 0x88, 0x82, 0x70, 0x26, 0x04, 0xc7, 0x73, 0xc3, 
    0x81, 0x82, 0x84, 0xd4, 0x18, 0xff, 0xd5, 0x02, 0x38, 0xe4, 0x8c, 0xff, 0xfe, 0xb3, 0x56, 0xff, 
    0x50, 0xec, 0x0f, 0x3e, 0x93, 0x3d, 0x6a, 0x25, 0x07, 0x93, 0xff, 0x90, 0x03, 0xff, 0x31, 0x8b, 
    0xff, 0x42, 0xff, 0x00, 0x00, 0xc3, 0xaf, 0xfe, 0x77, 0xe3, 0xb6, 0x21, 0x8a, 0x82, 0xac, 0xb0, 
    0xff, 0xf3, 0x28, 0xc4, 0x59, 0x0b, 0xf9, 0x92, 0xdd, 0xb8, 0x39, 0x58, 0xbc, 0xbd, 0xf9, 0xc4, 
    0xfe, 0x7c, 0x52, 0xb0, 0x1c, 0xbc, 0xe3, 0x7e, 0xb7, 0x7a, 0x15, 0x60, 0x38, 0x21, 0x36, 0xda, 
    0x80, 0x1f, 0xff, 0x88, 0x8a, 0xff, 0x89, 0x10, 0x35, 0xbf, 0x91, 0xb1, 0x92, 0x11, 0x96, 0xdf, 
    0xd5, 0xec, 0xe7, 0xf0, 0x46, 0x1b, 0x0c, 0x3e, 0x3f, 0xff, 0x56, 0x81, 0x01, 0x02, 0xb5, 0x2f, 
    0x7f, 0xd2, 0x0c, 0x50, 0xc3, 0x5f, 0x61, 0xf0, 0xff, 0xf3, 0x28, 0xc4, 0x64, 0x0d, 0x91, 0xba, 
    0xdc, 0x78, 0x68, 0x5f, 0x2c, 0x8f, 0xa8, 0x59, 0x83, 0x00, 0x0f, 0xc0, 0x1f, 0xfd, 0x02, 0x3f, 
    0xfa, 0x82, 0x14, 0xfe, 0x67, 0xd8, 0x50, 0x23, 0x81, 0xd3, 0xd9, 0xef, 0xcd, 0x1c, 0xc0, 0x1c, 
    0x0d, 0x8f, 0x87, 0xdd, 0x39, 0x9a, 0x00, 0x08, 0x0e, 0xea, 0x5f, 0x09, 0xdc, 0x0c, 0x30, 0x30, 
    0xb9, 0x01, 0xe8, 0x2e, 0x08, 0x1c, 0x49, 0x55, 0x84, 0x09, 0xc1, 0x82, 0xb6, 0x30, 0x9a, 0x00, 
    0xff, 0xf3, 0x28, 0xc4, 0x68, 0x0b, 0xf1, 0x1e, 0xfe, 0x58, 0x2e, 0x13, 0x02, 0x80, 0x07, 0x08, 
    0x40, 0xc0, 0x2f, 0xfb, 0x94, 0x04, 0x20, 0x2d, 0x4f, 0xe4, 0x64, 0xad, 0xf5, 0x02, 0x44, 0xb7, 
    0xff, 0x10, 0x40, 0x0c, 0x20, 0x2a, 0xf3, 0xeb, 0x61, 0x33, 0x17, 0xdb, 0xc7, 0xe6, 0x65, 0x4c, 
    0xce, 0xc4, 0x10, 0x95, 0xaa, 0x82, 0xae, 0xf4, 0xff, 0xff, 0xff, 0xff, 0x5f, 0xaa, 0x62, 0x70, 
    0xa0, 0x02, 0x04, 0x7f, 0x8c, 0x00, 0x08, 0x05, 0xff, 0xf3, 0x28, 0xc4, 0x73, 0x0d, 0x39, 0x3a, 
    0xdd, 0x90, 0x13, 0x06, 0xe9, 0x53, 0x53, 0xd4, 0x7e, 0x3e, 0x7f, 0xa1, 0x20, 0xa8, 0xad, 0x7c, 
    0x10, 0x28, 0x0f, 0x9e, 0x1e, 0xa3, 0x7f, 0x2c, 0xcc, 0xd7, 0xfa, 0x4d, 0xaa, 0xd4, 0x18, 0x40, 
    0xd1, 0xc0, 0xcb, 0x24, 0x70, 0x1d, 0x01, 0x43, 0x6a, 0x20, 0xc1, 0x6c, 0x24, 0x8a, 0x00, 0x0f, 
    0x5f, 0x58, 0xb0, 0x18, 0x72, 0xf9, 0x6f, 0x8c, 0xe1, 0x22, 0x29, 0x2d, 0xba, 0x88, 0xa3, 0x94, 
    0xff, 0xf3, 0x28, 0xc4, 0x79, 0x0c, 0xf1, 0x1e, 0xea, 0xfc, 0x50, 0x0c, 0xc0, 0xe7, 0xca, 0x82, 
    0x89, 0x2f, 0xb6, 0xf8, 0x60, 0x27, 0x5f, 0x94, 0xbf, 0x08, 0x38, 0x09, 0x00, 0x8f, 0xb8, 0x0a, 
    0x77, 0xff, 0xff, 0xff, 0xff, 0xff, 0x52, 0x41, 0x52, 0xd5, 0x20, 0x02, 0x10, 0xa0, 0x5a, 0x6d, 
    0xea, 0xbc, 0x60, 0x1a, 0x40, 0x2e, 0x2e, 0x81, 0x97, 0x3b, 0x48, 0xec, 0x0a, 0x85, 0x1d, 0x56, 
    0xce, 0x3b, 0xf3, 0x45, 0x43, 0x2b, 0xf5, 0x37, 0xff, 0xf3, 0x28, 0xc4, 0x80, 0x0b, 0x51, 0x06, 
    0xd2, 0x28, 0x52, 0x0c, 0xed, 0xf9, 0xbf, 0x53, 0x00, 0x18, 0x65, 0x5b, 0xa0, 0xd8, 0x92, 0xff, 
    0xff, 0xff, 0xff, 0xff, 0xec, 0x12, 0x92, 0x96, 0x9b, 0x16, 0x1e, 0x1c, 0xda, 0xd3, 0x55, 0xa9, 
    0x36, 0xcc, 0x0b, 0x6e, 0x70, 0xb3, 0x99, 0xa2, 0xa9, 0xe3, 0x22, 0xbd, 0xdf, 0xab, 0x61, 0xa5, 
    0x0d, 0x89, 0x7e, 0x59, 0xbf, 0x1d, 0x05, 0x8f, 0xfa, 0xa7, 0xd6, 0x3e, 0x67, 0xf9, 0x35, 0x11, 
    0xff, 0xf3, 0x28, 0xc4, 0x8d, 0x0c, 0xd8, 0xfa, 0xbe, 0x46, 0x69, 0x85, 0x00, 0xfc, 0xa7, 0x9c, 
    0xe5, 0x3f, 0xff, 0xff, 0xff, 0xfb, 0xba, 0x95, 0x6d, 0x71, 0xb5, 0x6d, 0x5b, 0x36, 0x02, 0x98, 
    0x8c, 0x10, 0xe7, 0x14, 0x91, 0xa9, 0x64, 0xa7, 0x2b, 0x3d, 0xf3, 0x89, 0x63, 0x3f, 0xdc, 0xe6, 
    0x80, 0x52, 0x7f, 0xad, 0xa9, 0x5d, 0xbd, 0x42, 0x80, 0xff, 0x0c, 0x2b, 0x88, 0xba, 0xbf, 0xed, 
    0xff, 0xff, 0xfe, 0xcf, 0xfc, 0xee, 0xa5, 0xe0, 0xff, 0xf3, 0x28, 0xc4, 0x94, 0x0c, 0xc1, 0x12, 
    0x74, 0x04, 0xdb, 0x0e, 0x66, 0x40, 0x04, 0x3f, 0x40, 0xd0, 0xa4, 0x20, 0x3a, 0x26, 0x07, 0x5c, 
    0x8d, 0x47, 0x83, 0x44, 0x0b, 0x2f, 0x6a, 0xd4, 0x78, 0xef, 0x3b, 0xd4, 0xa3, 0xd5, 0xbb, 0x3d, 
    0xd9, 0xca, 0xfe, 0xbf, 0xf5, 0x7f, 0x23, 0xff, 0x22, 0x5b, 0xff, 0xf2, 0xa3, 0x0f, 0x15, 0x4c, 
    0x41, 0x4d, 0x45, 0x33, 0x2e, 0x31, 0x30, 0x30, 0x55, 0x55, 0x55, 0x55, 0x55, 0x55, 0x55, 0x55, 
    0xff, 0xf3, 0x28, 0xc4, 0x9c, 0x0c, 0x10, 0xfe, 0x5c, 0x00, 0xd1, 0xcc, 0xb4, 0x55, 0x55, 0x55, 
    0x55, 0x55, 0x55, 0x55, 0x55, 0x55, 0x55, 0x55, 0x55, 0x55, 0x55, 0x55, 0x55, 0x55, 0x55, 0x55, 
    0x55, 0x55, 0x55, 0x55, 0x55, 0x55, 0x55, 0x55, 0x55, 0x55, 0x55, 0x55, 0x55, 0x55, 0x55, 0x55, 
    0x55, 0x55, 0x55, 0x55, 0x55, 0x55, 0x55, 0x55, 0x55, 0x55, 0x55, 0x55, 0x55, 0x55, 0x55, 0x55, 
    0x55, 0x55, 0x55, 0x55, 0x55, 0x55, 0x55, 0x55, 0xff, 0xf3, 0x28, 0xc4, 0xa6, 0x0b, 0xa0, 0xfe, 
    0x50, 0x00, 0x79, 0x84, 0x74, 0x55, 0x55, 0x55, 0x55, 0x55, 0x55, 0x55, 0x55, 0x55, 0x55, 0x55, 
    0x55, 0x55, 0x55, 0x55, 0x55, 0x55, 0x55, 0x55, 0x55, 0x55, 0x55, 0x55, 0x55, 0x55, 0x55, 0x55, 
    0x55, 0x55, 0x55, 0x55, 0x55, 0x55, 0x55, 0x55, 0x55, 0x55, 0x55, 0x55, 0x55, 0x55, 0x55, 0x55, 
    0x55, 0x55, 0x55, 0x55, 0x55, 0x55, 0x55, 0x55, 0x55, 0x55, 0x55, 0x55, 0x55, 0x55, 0x55, 0x55, 
    0xff, 0xf3, 0x28, 0xc4, 0xb2, 0x0a, 0xc0, 0x02, 0x25, 0xae, 0x00, 0x46, 0x00, 0x55, 0x55, 0x55, 
    0x55, 0x55, 0x55, 0x55, 0x55, 0x55, 0x55, 0x55, 0x55, 0x55, 0x55, 0x55, 0x55, 0x55, 0x55, 0x55, 
    0x55, 0x55, 0x55, 0x55, 0x55, 0x55, 0x55, 0x55, 0x55, 0x55, 0x55, 0x55, 0x55, 0x55, 0x55, 0x55, 
    0x55, 0x55, 0x55, 0x55, 0x55, 0x55, 0x55, 0x55, 0x55, 0x55, 0x55, 0x55, 0x55, 0x55, 0x55, 0x55, 
    0x55, 0x55, 0x55, 0x55, 0x55, 0x55, 0x55, 0x55, 0xff, 0xf3, 0x28, 0xc4, 0xc2, 0x00, 0x00, 0x03, 
    0x48, 0x00, 0x00, 0x00, 0x00, 0x55, 0x55, 0x55, 0x55, 0x55, 0x55, 0x55, 0x55, 0x55, 0x55, 0x55, 
    0x55, 0x55, 0x55, 0x55, 0x55, 0x55, 0x55, 0x55, 0x55, 0x55, 0x55, 0x55, 0x55, 0x55, 0x55, 0x55, 
    0x55, 0x55, 0x55, 0x55, 0x55, 0x55, 0x55, 0x55, 0x55, 0x55, 0x55, 0x55, 0x55, 0x55, 0x55, 0x55, 
    0x55, 0x55, 0x55, 0x55, 0x55, 0x55, 0x55, 0x55, 0x55, 0x55, 0x55, 0x55, 0x55, 0x55, 0x55, 0x55, 
    0x00, 0x00, 0x00, 0x00, 0x00, 0x00, 0x00, 0x00, 0x00, 0x00, 0x00, 0x00, 0x00, 0x00, 0x00, 0x00, 
    0x00, 0x00, 0x00, 0x00, 0x00, 0x00, 0x00, 0x00, 0x00, 0x00, 0x00, 0x00, 0x00, 0x00, 0x00, 0x00, 
    0x00, 0x00, 0x00, 0x00, 0x00, 0x00, 0x00, 0x00, 0x00, 0x00, 0x00, 0x00, 0x00, 0x00, 0x00, 0x00, 
    0xff, 0xf3, 0x28, 0xc4, 0x00, 0x00, 0x00, 0x03, 0x48, 0x01, 0x40, 0x00, 0x00, 0xf2, 0x75, 0xf2, 
    0x70, 0x13, 0xf2, 0x23, 0x3f, 0x07, 0x06, 0xbf, 0xff, 0x3f, 0xff, 0x79, 0x84, 0x3f, 0xfe, 0xaf, 
    0x6f, 0xff, 0xfe, 0xc7, 0xbf, 0xff, 0xff, 0x31, 0xaa, 0x7b, 0x8f, 0x93, 0x21, 0xff, 0xff, 0xfe, 
    0x84, 0x0c, 0x30, 0xc2, 0x6c, 0x79, 0x86, 0x57, 0xff, 0xff, 0xff, 0xf7, 0x6f, 0x31, 0x86, 0xe7, 
    0xec, 0x3d, 0x04, 0x00, 0x04, 0xd7, 0xd6, 0x03, 0xff, 0xf3, 0x28, 0xc4, 0x3b, 0x0d, 0x33, 0x12, 
    0x30, 0x01, 0x8a, 0x38, 0x01, 0xcb, 0x6b, 0x13, 0xf9, 0x36, 0xa7, 0x29, 0x2c, 0x2d, 0x40, 0x07, 
    0x9f, 0x99, 0x9f, 0x34, 0x2d, 0x96, 0xa2, 0xef, 0xff, 0x5f, 0xff, 0xff, 0xff, 0xff, 0xff, 0xff, 
    0xff, 0x73, 0xe4, 0x3d, 0x07, 0x66, 0xaf, 0xcc, 0x3d, 0x85, 0xcc, 0xaa, 0x7b, 0xa1, 0x8c, 0xf9, 
    0xe2, 0xd9, 0x64, 0x3c, 0x70, 0xc3, 0x0b, 0x13, 0x26, 0x38, 0x69, 0xc6, 0xb0, 0xe0, 0xf0, 0xd8, 
    0xff, 0xf3, 0x28, 0xc4, 0x41, 0x18, 0x0b, 0x22, 0x80, 0xb5, 0x93, 0x38, 0x00, 0xa8, 0xb4, 0x66, 
    0xfa, 0x9e, 0x7d, 0xac, 0x7f, 0xc7, 0x4e, 0x2a, 0x88, 0x70, 0xe9, 0xe6, 0x9c, 0x49, 0x15, 0xe4, 
    0x80, 0x89, 0x12, 0x62, 0x83, 0xc4, 0x62, 0xec, 0x50, 0x81, 0x22, 0x66, 0xaa, 0x22, 0xfd, 0xac, 
    0x7f, 0x9d, 0xb2, 0x32, 0x90, 0x3c, 0x9c, 0x28, 0x6a, 0xd7, 0xe3, 0x5e, 0x48, 0xd2, 0x59, 0x77, 
    0xe7, 0xdf, 0xfa, 0x92, 0xcc, 0xf9, 0xe8, 0x67, 0xff, 0xf3, 0x28, 0xc4, 0x1b, 0x13, 0x0a, 0x8e, 
    0x94, 0x01, 0xd8, 0x38, 0x01, 0xff, 0xff, 0xff, 0xff, 0xff, 0xff, 0xff, 0xff, 0xff, 0xcc, 0x30, 
    0xc1, 0xa1, 0x61, 0xbc, 0x44, 0x0b, 0x84, 0xe3, 0x71, 0xbb, 0x99, 0x45, 0x79, 0xf9, 0xe8, 0x84, 
    0xd4, 0xf3, 0x99, 0x47, 0x0d, 0x76, 0x8f, 0xb9, 0x95, 0x26, 0x3e, 0x59, 0x4e, 0x20, 0x3e, 0x37, 
    0x11, 0xcf, 0x26, 0x64, 0x7a, 0x04, 0xd5, 0x20, 0x60, 0x1b, 0xd8, 0x04, 0x9c, 0x00, 0x6d, 0xf7, 
    0xff, 0xf3, 0x28, 0xc4, 0x09, 0x0d, 0x61, 0xe2, 0xc6, 0x4e, 0x50, 0x05, 0x30, 0x0c, 0x5c, 0x57, 
    0x15, 0x5f, 0x15, 0xc5, 0x62, 0x6f, 0x30, 0xc2, 0xff, 0x43, 0x1f, 0xcf, 0x3d, 0x3f, 0xdb, 0x50, 
    0xe7, 0x40, 0x62, 0x86, 0x0e, 0x0c, 0xcc, 0x5e, 0xb9, 0x70, 0xb1, 0x00, 0xbb, 0xdd, 0xbc, 0x6b, 
    0xc1, 0x05, 0xa8, 0x4c, 0x2b, 0xb1, 0x1f, 0xf4, 0xdc, 0x85, 0x91, 0x35, 0x66, 0xbb, 0x6c, 0x21, 
    0x60, 0x08, 0x75, 0x77, 0x9b, 0xf9, 0x49, 0xb4, 0xff, 0xf3, 0x28, 0xc4, 0x0e, 0x10, 0x30, 0x96, 
    0xe2, 0x5d, 0x4f, 0x18, 0x02, 0xf9, 0xad, 0xe1, 0xab, 0xd2, 0xa4, 0xd6, 0x6b, 0xf8, 0x0c, 0x8e, 
    0x4c, 0xd1, 0xbf, 0xe0, 0x95, 0x7f, 0x41, 0x87, 0x69, 0x71, 0x0b, 0xa9, 0x76, 0x16, 0x3d, 0x13, 
    0x81, 0x6a, 0xff, 0xfa, 0x45, 0x59, 0xe1, 0xf0, 0xc8, 0x2c, 0x2a, 0xb7, 0x5d, 0xa5, 0x82, 0xaf, 
    0x1a, 0xb4, 0xea, 0xb8, 0xc8, 0x48, 0x2a, 0x49, 0x5a, 0x3d, 0xda, 0x5b, 0x5a, 0x57, 0x04, 0x1a, 
    0xff, 0xf3, 0x28, 0xc4, 0x08, 0x0e, 0x91, 0xca, 0xb0, 0x01, 0x8f, 0x10, 0x00, 0x10, 0x76, 0x43, 
    0x1d, 0x29, 0x10, 0x82, 0xe8, 0x1a, 0xd3, 0x93, 0x4d, 0x06, 0xc1, 0xe9, 0xff, 0xff, 0xff, 0xff, 
    0xff, 0xff, 0xff, 0xfe, 0x74, 0x22, 0x66, 0x40, 0xef, 0x36, 0x8a, 0xc1, 0x6d, 0x88, 0x71, 0x01, 
    0x47, 0x81, 0xde, 0x64, 0x31, 0x8c, 0x85, 0x7c, 0xd1, 0xab, 0xef, 0x7f, 0xff, 0xfa, 0x26, 0x15, 
    0x92, 0x09, 0x64, 0x0e, 0x9f, 0x5f, 0x13, 0xff, 0xff, 0xf3, 0x28, 0xc4, 0x08, 0x0f, 0x3a, 0xee, 
    0xd4, 0xab, 0x82, 0x28, 0x01, 0xff, 0xff, 0xff, 0xff, 0xff, 0xff, 0xd3, 0x41, 0x02, 0x04, 0x36, 
    0x89, 0xa8, 0xbf, 0x91, 0x16, 0x7f, 0xd0, 0xe3, 0x8a, 0xb4, 0xac, 0x60, 0xc3, 0xd1, 0x15, 0x5a, 
    0xe7, 0x7f, 0xd4, 0x70, 0x85, 0xb7, 0xed, 0x43, 0x47, 0xbf, 0xb1, 0x1a, 0xb2, 0x4f, 0xb5, 0x6f, 
    0xd4, 0xa4, 0x6b, 0x91, 0xbf, 0x8e, 0x33, 0x56, 0xe3, 0xf4, 0xdf, 0xff, 0xa0, 0x26, 0x50, 0xff, 
    0xff, 0xf3, 0x28, 0xc4, 0x06, 0x0e, 0x0a, 0x16, 0xf4, 0x7d, 0xc1, 0x10, 0x02, 0xff, 0xf6, 0x65, 
    0x32, 0x03, 0x0a, 0x57, 0x49, 0x88, 0xc9, 0x9d, 0xd8, 0x8a, 0xee, 0x85, 0x7c, 0x95, 0x35, 0x1f, 
    0xd6, 0xb5, 0x77, 0x6f, 0xff, 0xfa, 0x36, 0x95, 0xff, 0xff, 0xfc, 0xe9, 0x3b, 0xa9, 0xda, 0x84, 
    0xa5, 0xd0, 0x41, 0x31, 0x64, 0x4e, 0x66, 0x51, 0x14, 0x99, 0x98, 0x7d, 0x2f, 0xde, 0xc4, 0xd5, 
    0x63, 0x5b, 0xb6, 0xde, 0xe8, 0x09, 0x65, 0xeb, 0xff, 0xf3, 0x28, 0xc4, 0x08, 0x0e, 0xa0, 0x9a, 
    0xee, 0x58, 0x0b, 0x06, 0x2e, 0xf8, 0x27, 0x11, 0x05, 0x60, 0x6c, 0x70, 0x52, 0xfa, 0xf7, 0xdb, 
    0x00, 0x29, 0x47, 0x34, 0x4b, 0x0c, 0xda, 0xe8, 0x10, 0x0f, 0x0e, 0x08, 0xf6, 0x81, 0x45, 0x4f, 
    0x16, 0x03, 0x73, 0x07, 0x17, 0xfc, 0x81, 0xb0, 0xb8, 0x08, 0x8b, 0x3e, 0x9d, 0x89, 0x08, 0x33, 
    0xd7, 0x4f, 0xfb, 0x15, 0x15, 0x73, 0xbe, 0xb5, 0x42, 0xed, 0x6d, 0x1b, 0x5a, 0x00, 0x0d, 0xfe, 
    0xff, 0xf3, 0x28, 0xc4, 0x08, 0x0b, 0xf9, 0x72, 0xee, 0x58, 0x3e, 0x54, 0x2a, 0xc4, 0x57, 0x90, 
    0x48, 0x03, 0xf3, 0x47, 0x84, 0x65, 0x57, 0x37, 0x90, 0xd9, 0xa6, 0x9a, 0x80, 0x50, 0x73, 0x7f, 
    0xc5, 0x20, 0x80, 0xd4, 0xa5, 0x71, 0xe0, 0xf1, 0xbf, 0xd4, 0x5b, 0x27, 0xff, 0x38, 0x78, 0x62, 
    0x7f, 0xff, 0xea, 0x84, 0xee, 0x20, 0x28, 0x0b, 0x4e, 0x48, 0x00, 0x41, 0x2f, 0xfe, 0xe7, 0x81, 
    0x1a, 0x42, 0x1f, 0x6f, 0xd4, 0x15, 0x7f, 0xd4, 0xff, 0xf3, 0x28, 0xc4, 0x13, 0x0c, 0x71, 0x72, 
    0xe2, 0x5a, 0x82, 0x84, 0x9e, 0x25, 0x8d, 0x7f, 0xaa, 0x0f, 0x04, 0x2f, 0xfa, 0x88, 0xb2, 0x03, 
    0xbf, 0x9e, 0x2b, 0x88, 0x6f, 0xfc, 0xe5, 0xfe, 0xca, 0x10, 0x31, 0xbd, 0xdf, 0xfa, 0x9f, 0xe6, 
    0xdb, 0xa8, 0x98, 0x0a, 0x21, 0x0f, 0x97, 0xb3, 0xfa, 0x40, 0x20, 0x06, 0x7e, 0x9c, 0x28, 0x30, 
    0x36, 0x35, 0xd7, 0xe1, 0x72, 0x26, 0xa7, 0xdc, 0x70, 0x60, 0x97, 0xfa, 0x85, 0x06, 0xcd, 0xfa, 
    0xff, 0xf3, 0x28, 0xc4, 0x1c, 0x0d, 0x01, 0x66, 0xde, 0x5c, 0x39, 0x45, 0x40, 0x89, 0x80, 0xa5, 
    0x2f, 0xf4, 0x18, 0xdf, 0xe7, 0x21, 0xbb, 0x5a, 0x40, 0x00, 0xe2, 0x4e, 0xff, 0xff, 0xfb, 0xba, 
    0x80, 0x5e, 0xa8, 0x77, 0x99, 0x20, 0x8a, 0xc6, 0xbe, 0x11, 0x80, 0x03, 0x7e, 0x18, 0x80, 0xc0, 
    0x4a, 0x10, 0x9c, 0xb5, 0xc9, 0x74, 0xe8, 0x2c, 0xfe, 0xe4, 0x3b, 0x01, 0x01, 0x3f, 0xe8, 0xe1, 
    0x4b, 0xfe, 0xa5, 0x7f, 0xf9, 0x7f, 0xa4, 0x28, 0xff, 0xf3, 0x28, 0xc4, 0x23, 0x0c, 0x99, 0x5a, 
    0xc6, 0x34, 0x2a, 0x04, 0x30, 0x96, 0x54, 0xa2, 0x29, 0x05, 0x14, 0x44, 0xdf, 0xff, 0xff, 0xcf, 
    0x34, 0x8b, 0x9a, 0x45, 0x35, 0x00, 0xa8, 0xf0, 0x37, 0x1f, 0xc0, 0x6b, 0xfb, 0x03, 0x00, 0x73, 
    0xec, 0xd6, 0x1c, 0xe0, 0x4e, 0xdf, 0x85, 0x33, 0x74, 0x0f, 0xff, 0xf4, 0x70, 0x31, 0x51, 0x18, 
    0x6d, 0xab, 0x32, 0x4d, 0x13, 0xe1, 0x89, 0xca, 0xa1, 0x85, 0xbd, 0x3d, 0x6f, 0xfa, 0x82, 0xec, 
    0xff, 0xf3, 0x28, 0xc4, 0x2b, 0x0c, 0x10, 0x72, 0xad, 0x9c, 0x09, 0x84, 0x2e, 0xfe, 0x5d, 0xf2, 
    0xfa, 0x7a, 0xd5, 0xd9, 0x39, 0xb8, 0x61, 0x22, 0xc0, 0x2b, 0x00, 0xeb, 0x1d, 0x97, 0xfa, 0x4a, 
    0x56, 0xfa, 0x41, 0xcf, 0xf7, 0xa0, 0xfa, 0x83, 0x04, 0xe8, 0x0b, 0x7c, 0xfa, 0x10, 0x72, 0xee, 
    0xbf, 0x19, 0xa3, 0xe5, 0xf4, 0xb5, 0x44, 0x37, 0x2c, 0x3f, 0x15, 0x15, 0x13, 0x85, 0x8c, 0x03, 
    0x90, 0xc0, 0x3e, 0xa2, 0x01, 0xf0, 0x22, 0x10, 0xff, 0xf3, 0x28, 0xc4, 0x35, 0x0c, 0xe8, 0x3e, 
    0xa0, 0x00, 0x08, 0x06, 0x00, 0x0d, 0x0f, 0xad, 0x4c, 0x91, 0xd2, 0xd0, 0x84, 0xc0, 0x06, 0x0c, 
    0xa9, 0x7b, 0xd4, 0xfe, 0xb2, 0x6c, 0x8b, 0xbf, 0xff, 0x33, 0xff, 0xe8, 0x37, 0x46, 0xaf, 0x47, 
    0x3f, 0x40, 0x58, 0x24, 0x37, 0xed, 0xff, 0xf8, 0x20, 0xef, 0xff, 0x5b, 0xfd, 0xb6, 0xf6, 0x7e, 
    0xaa, 0x0c, 0x81, 0x12, 0x3f, 0xfc, 0xea, 0x60, 0x30, 0x99, 0x26, 0xdf, 0xeb, 0x24, 0x02, 0xd0, 
    0xff, 0xf3, 0x28, 0xc4, 0x3c, 0x0b, 0x21, 0x62, 0xc0, 0x00, 0x80, 0x0f, 0x04, 0x42, 0x7f, 0xfd, 
    0x08, 0x2b, 0xff, 0xd0, 0xbf, 0xff, 0x3b, 0xff, 0xe4, 0x40, 0x48, 0x3e, 0x86, 0xfa, 0x83, 0x01, 
    0x6f, 0x89, 0xc8, 0x7c, 0x68, 0x58, 0xd6, 0xd5, 0x83, 0xe1, 0x66, 0xfd, 0x2e, 0xe5, 0xe2, 0x72, 
    0x55, 0x00, 0x31, 0x41, 0xdf, 0x0e, 0x00, 0x97, 0xfe, 0x34, 0x80, 0x00, 0x1e, 0x57, 0x33, 0xfc, 
    0x38, 0xb1, 0x3f, 0xf3, 0xb9, 0x0d, 0xff, 0xe6, 0xff, 0xf3, 0x28, 0xc4, 0x4a, 0x0c, 0x99, 0x66, 
    0xd0, 0xc8, 0x68, 0x93, 0x10, 0x56, 0xff, 0xf3, 0x7f, 0xfa, 0x3c, 0xcf, 0xe8, 0x50, 0xe2, 0x86, 
    0x14, 0x0c, 0xa6, 0x86, 0x85, 0xc7, 0x06, 0x00, 0xae, 0xfa, 0x68, 0xe0, 0xe0, 0x94, 0x29, 0xff, 
    0xed, 0x2c, 0x41, 0x81, 0x63, 0x49, 0xca, 0x02, 0x24, 0xc0, 0x0e, 0x9b, 0xea, 0x6f, 0xb2, 0xc0, 
    0x14, 0xcf, 0x5e, 0xa7, 0xb3, 0x4e, 0x30, 0x10, 0x57, 0x77, 0x02, 0x82, 0xa6, 0x7e, 0x0a, 0xee, 
    0xff, 0xf3, 0x28, 0xc4, 0x52, 0x0c, 0xf9, 0x8e, 0xda, 0x32, 0x3a, 0x44, 0x64, 0xb8, 0x34, 0x1d, 
    0xff, 0xd6, 0x28, 0x1d, 0xbe, 0x0a, 0x93, 0x5b, 0x7f, 0xfe, 0xb7, 0x15, 0x83, 0x5f, 0xff, 0xe7, 
    0xff, 0xdf, 0x37, 0x02, 0x13, 0x76, 0xd7, 0x6d, 0x40, 0x00, 0x50, 0xad, 0xee, 0xc6, 0x85, 0x18, 
    0x09, 0xd9, 0x91, 0x95, 0x00, 0xcd, 0x72, 0x05, 0x66, 0xa8, 0x4a, 0x01, 0x8c, 0x8d, 0x14, 0xf1, 
    0xe8, 0x11, 0x8c, 0xa7, 0x99, 0x00, 0xdd, 0x49, 0xff, 0xf3, 0x28, 0xc4, 0x59, 0x0c, 0xf8, 0x72, 
    0xda, 0x5e, 0x3a, 0x44, 0x4a, 0x5a, 0x7e, 0xff, 0xb4, 0x58, 0x36, 0x08, 0xb1, 0xc7, 0xbf, 0xff, 
    0x45, 0xab, 0x1c, 0x8b, 0xbf, 0x45, 0xc5, 0x68, 0xa5, 0xa3, 0x54, 0x1b, 0x08, 0xaf, 0xee, 0x28, 
    0x00, 0x49, 0x2e, 0xf7, 0xfc, 0x0b, 0x84, 0x57, 0x4b, 0xf2, 0x88, 0x78, 0xae, 0x99, 0x3e, 0x67, 
    0x7f, 0x33, 0xaf, 0xb2, 0x40, 0x87, 0x50, 0x91, 0x52, 0x33, 0xc2, 0xca, 0xa1, 0x37, 0xff, 0xc8, 
    0xff, 0xf3, 0x28, 0xc4, 0x60, 0x0f, 0xf9, 0x82, 0xbe, 0x5e, 0x10, 0x44, 0x9c, 0xad, 0xa3, 0x01, 
    0xf1, 0x14, 0x46, 0x97, 0x7a, 0xff, 0x4b, 0xc2, 0xf0, 0xdf, 0xff, 0xfd, 0xf4, 0x21, 0xd5, 0x63, 
    0x7f, 0xff, 0xf6, 0xd9, 0x58, 0x1e, 0xde, 0x54, 0x03, 0xa0, 0xc0, 0xa1, 0x4b, 0xdc, 0xb4, 0x60, 
    0x29, 0x9a, 0x8f, 0xfc, 0xa5, 0xf8, 0x0b, 0x08, 0xd4, 0x61, 0x99, 0x86, 0x29, 0x16, 0x54, 0xdd, 
    0xb1, 0x01, 0x00, 0x67, 0x09, 0x84, 0x66, 0x95, 0xff, 0xf3, 0x28, 0xc4, 0x5b, 0x0c, 0x58, 0xae, 
    0xca, 0x5a, 0x00, 0x06, 0x04, 0x81, 0x9e, 0xe5, 0x2e, 0xc9, 0xc8, 0x6e, 0x5f, 0xcd, 0x58, 0xc2, 
    0x77, 0x46, 0x7d, 0x2f, 0x4d, 0x7f, 0xf7, 0xa4, 0xe7, 0x24, 0x84, 0x0e, 0x06, 0xe0, 0x11, 0xe9, 
    0x80, 0x45, 0x68, 0x9f, 0x0d, 0x0a, 0xa6, 0xa9, 0x90, 0x7f, 0x31, 0xa2, 0x79, 0x00, 0x68, 0x55, 
    0xd4, 0x8f, 0xa6, 0x86, 0xe9, 0x0e, 0xb9, 0xfc, 0xa2, 0x2e, 0x67, 0x51, 0x4a, 0x5e, 0x90, 0x93, 
    0xff, 0xf3, 0x28, 0xc4, 0x64, 0x12, 0x31, 0x3f, 0x0e, 0x58, 0x2e, 0x04, 0x5b, 0x40, 0xdc, 0x7e, 
    0xac, 0x6d, 0x84, 0x5d, 0xa7, 0xb0, 0xcf, 0xff, 0xfa, 0xcf, 0x91, 0xf1, 0xd3, 0x31, 0x02, 0x09, 
    0x93, 0x62, 0x00, 0xe9, 0xa3, 0x72, 0xae, 0xbc, 0x25, 0xc7, 0x82, 0xaa, 0x40, 0x99, 0x86, 0x80, 
    0x1d, 0xa9, 0x01, 0xd0, 0x03, 0xfc, 0x08, 0xfd, 0x4e, 0x0c, 0x9a, 0x09, 0x83, 0x95, 0xb8, 0x82, 
    0xb3, 0x1f, 0xa0, 0xaf, 0xf9, 0x46, 0xf5, 0xdd, 0xff, 0xf3, 0x28, 0xc4, 0x56, 0x0e, 0x49, 0x32, 
    0xdd, 0x90, 0x0b, 0xcc, 0xad, 0x19, 0x9b, 0x27, 0x2a, 0xa5, 0x9e, 0x62, 0x4f, 0x3a, 0x2d, 0x20, 
    0x93, 0x8e, 0x38, 0x53, 0xff, 0xff, 0xff, 0xd8, 0xd3, 0xbf, 0xff, 0xa9, 0x55, 0x09, 0x43, 0x41, 
    0x9b, 0x61, 0x01, 0x83, 0xfa, 0x8b, 0xfc, 0x40, 0x01, 0x21, 0xe9, 0x32, 0xa1, 0x93, 0x5f, 0xff, 
    0xc8, 0x61, 0x06, 0xba, 0xa8, 0x70, 0xd4, 0x7f, 0xa0, 0xb3, 0x4b, 0xc2, 0x8a, 0xe7, 0xbe, 0x54, 
    0xff, 0xf3, 0x28, 0xc4, 0x57, 0x0c, 0xd9, 0x1a, 0xfa, 0xfe, 0x28, 0xcc, 0xec, 0xee, 0x3b, 0x22, 
    0xea, 0x89, 0xd6, 0x0c, 0x60, 0x43, 0xff, 0xfa, 0xc8, 0x2d, 0x66, 0x7f, 0xff, 0xf5, 0x2a, 0x22, 
    0xd5, 0x42, 0xc0, 0x01, 0x23, 0x80, 0x3f, 0xa8, 0x41, 0x47, 0x9c, 0x48, 0x0c, 0x67, 0x70, 0xde, 
    0x16, 0x52, 0xf6, 0x59, 0x70, 0x54, 0x89, 0x11, 0x39, 0x6b, 0xa7, 0xbf, 0xff, 0xff, 0xe9, 0xca, 
    0xeb, 0x41, 0x11, 0xac, 0x22, 0x2a, 0x04, 0x21, 0xff, 0xf3, 0x28, 0xc4, 0x5e, 0x0d, 0x08, 0xbe, 
    0xd2, 0x54, 0x3a, 0x44, 0x74, 0x67, 0xb1, 0x51, 0x14, 0x6b, 0xdd, 0xff, 0xbd, 0x56, 0x05, 0x46, 
    0x55, 0x57, 0x89, 0x68, 0x89, 0x00, 0x00, 0x00, 0xdb, 0xf0, 0x07, 0xf4, 0x7d, 0x87, 0xa7, 0x2f, 
    0xcb, 0xc6, 0x1c, 0x3e, 0x27, 0xc1, 0xa0, 0xa8, 0xbf, 0xa6, 0xf0, 0xce, 0x1f, 0xff, 0xff, 0xff, 
    0xff, 0xfd, 0x4b, 0x30, 0x34, 0x13, 0x40, 0x9d, 0xef, 0xfa, 0x8a, 0xb4, 0xd8, 0xc1, 0x67, 0x17, 
    0xff, 0xf3, 0x28, 0xc4, 0x64, 0x0d, 0x08, 0x52, 0xc2, 0x54, 0x2b, 0xd2, 0x28, 0x6f, 0xd7, 0x00, 
    0x29, 0x60, 0x75, 0x40, 0xc0, 0xa4, 0x90, 0x01, 0x08, 0x18, 0x03, 0xbf, 0x50, 0x9a, 0x27, 0x96, 
    0x1a, 0xb6, 0x83, 0x08, 0x40, 0x22, 0x31, 0x17, 0xfd, 0x49, 0x21, 0x5b, 0xfc, 0xfe, 0xaf, 0xff, 
    0xff, 0x23, 0xfa, 0xcf, 0xe1, 0x60, 0xc4, 0x2a, 0x11, 0x37, 0xfc, 0x52, 0xa1, 0x28, 0xbb, 0x7f, 
    0xf7, 0x2e, 0x70, 0x0c, 0x06, 0x43, 0x55, 0x41, 0xff, 0xf3, 0x28, 0xc4, 0x6a, 0x0d, 0x20, 0x5f, 
    0x23, 0x1e, 0x16, 0x1e, 0x22, 0x46, 0xa4, 0xa2, 0xdb, 0x49, 0x48, 0x05, 0x3f, 0x86, 0x64, 0xc2, 
    0x10, 0x69, 0xa4, 0x50, 0x5d, 0x51, 0x44, 0x71, 0xd7, 0x4e, 0xc7, 0x08, 0xe7, 0x68, 0x98, 0x0d, 
    0xfc, 0x7b, 0x7e, 0x7f, 0xe7, 0xfe, 0xa7, 0x7f, 0x39, 0x50, 0x9a, 0x10, 0x44, 0x34, 0x28, 0xda, 
    0xf8, 0xb3, 0xf9, 0xdf, 0xfe, 0x84, 0xff, 0xff, 0xe6, 0x15, 0x20, 0x60, 0x2b, 0x7b, 0x6d, 0x40, 
    0xff, 0xf3, 0x28, 0xc4, 0x70, 0x0c, 0xd0, 0x6a, 0xd6, 0x5c, 0x53, 0xd8, 0x82, 0x17, 0xff, 0x26, 
    0x84, 0xe0, 0x09, 0x32, 0x82, 0xeb, 0xa6, 0x01, 0x41, 0x01, 0x1a, 0x2b, 0x7c, 0xd5, 0x93, 0x0a, 
    0x7d, 0x44, 0x8b, 0x7f, 0x52, 0xbf, 0xf4, 0xfd, 0x50, 0xe7, 0xf8, 0x60, 0xee, 0x95, 0x31, 0x9c, 
    0x60, 0x33, 0x9b, 0xbb, 0xff, 0xff, 0xfd, 0x4d, 0x0f, 0xaa, 0x21, 0xa8, 0xb5, 0xdb, 0x01, 0x40, 
    0x62, 0x00, 0x5f, 0xf3, 0x02, 0x60, 0xdf, 0xbd, 0xff, 0xf3, 0x28, 0xc4, 0x77, 0x0d, 0x51, 0x46, 
    0xe2, 0x5c, 0x53, 0x0a, 0x8a, 0x02, 0xe0, 0x01, 0x25, 0x56, 0xd8, 0xc1, 0x32, 0x22, 0xf9, 0x85, 
    0x8f, 0xe2, 0x52, 0x3f, 0xfe, 0x03, 0x4c, 0xa8, 0x2c, 0x4b, 0xff, 0xff, 0xeb, 0x72, 0x06, 0x0b, 
    0x18, 0x73, 0x4d, 0x7f, 0xfe, 0x3c, 0xfb, 0xcc, 0xad, 0x6a, 0x00, 0x0c, 0x07, 0x9f, 0x60, 0xbb, 
    0x1d, 0xfd, 0x48, 0x45, 0x62, 0x34, 0x27, 0x35, 0x33, 0x4e, 0x28, 0x05, 0x01, 0xc1, 0x68, 0x78, 
    0xff, 0xf3, 0x28, 0xc4, 0x7c, 0x0c, 0x89, 0x3a, 0xc2, 0x58, 0x6b, 0x04, 0x88, 0x48, 0xaa, 0x88, 
    0x24, 0x80, 0xd8, 0xed, 0xea, 0xe9, 0x61, 0xfb, 0xff, 0x9e, 0xff, 0xff, 0xff, 0xfe, 0xad, 0xfc, 
    0x51, 0x9e, 0x65, 0x58, 0x85, 0xa1, 0xcd, 0x0c, 0xf8, 0x8a, 0xcf, 0x34, 0x66, 0x90, 0x02, 0x73, 
    0xaf, 0xfb, 0xc1, 0x09, 0xaa, 0x42, 0x10, 0x02, 0x8e, 0x48, 0x61, 0x1d, 0xfe, 0x72, 0x0d, 0xbf, 
    0xc6, 0x01, 0x2c, 0xb1, 0xf9, 0xae, 0xc2, 0xa0, 0xff, 0xf3, 0x28, 0xc4, 0x84, 0x0c, 0xc0, 0x92, 
    0xf2, 0x5e, 0x3a, 0x4a, 0xa2, 0xaa, 0x01, 0x83, 0x76, 0xfa, 0x81, 0x81, 0x7f, 0x53, 0x9b, 0xfa, 
    0x9d, 0x3f, 0xa9, 0xff, 0xd5, 0xd3, 0xed, 0xf8, 0xec, 0x43, 0x09, 0xc0, 0xa9, 0xeb, 0x77, 0x95, 
    0x1e, 0xc0, 0x70, 0x0d, 0xcb, 0x87, 0xd9, 0x63, 0x81, 0xe0, 0xd6, 0xff, 0xce, 0xf1, 0xb5, 0x20, 
    0x40, 0x12, 0x52, 0x48, 0x40, 0x7f, 0xf0, 0x20, 0x4b, 0xfa, 0x84, 0x41, 0x33, 0xf3, 0xce, 0x80, 
    0xff, 0xf3, 0x28, 0xc4, 0x8c, 0x0f, 0x71, 0xc6, 0xd2, 0x58, 0x53, 0xc7, 0xa0, 0x3e, 0x05, 0x95, 
    0x67, 0x58, 0xaa, 0xbe, 0x74, 0xfa, 0xd9, 0x33, 0x8d, 0xf2, 0x10, 0x40, 0x57, 0xec, 0x26, 0x03, 
    0x83, 0x8a, 0xfa, 0xb8, 0x08, 0x04, 0x13, 0x1c, 0xd8, 0x9c, 0x57, 0x28, 0x08, 0x07, 0xbd, 0x2a, 
    0x22, 0xd1, 0xa8, 0x13, 0x79, 0x0f, 0xfc, 0x4c, 0x57, 0xfb, 0x01, 0x4b, 0xf4, 0x10, 0x0f, 0x07, 
    0x85, 0xbd, 0x4f, 0xf2, 0x56, 0x28, 0x44, 0xc9, 0xff, 0xf3, 0x28, 0xc4, 0x89, 0x0f, 0x19, 0x9e, 
    0xd2, 0x58, 0x50, 0x99, 0x10, 0x45, 0xbf, 0x78, 0x09, 0xc4, 0xe1, 0x8c, 0x84, 0xbd, 0xf3, 0x9c, 
    0xed, 0xe7, 0x38, 0x71, 0x22, 0xbb, 0x00, 0xc0, 0x24, 0x57, 0xfc, 0x53, 0x8d, 0xff, 0xa6, 0x50, 
    0xa9, 0x09, 0xa2, 0x01, 0x16, 0x47, 0x02, 0x80, 0x08, 0x7f, 0x51, 0x20, 0x09, 0x01, 0xa7, 0xd8, 
    0x26, 0x05, 0x42, 0x5f, 0xd4, 0x53, 0x7c, 0xe0, 0x62, 0x00, 0xbe, 0xa2, 0x81, 0x5a, 0xc1, 0xe3, 
    0xff, 0xf3, 0x28, 0xc4, 0x87, 0x0c, 0xd9, 0x1a, 0xee, 0x58, 0x3b, 0xca, 0xe6, 0xb8, 0xe0, 0x90, 
    0x75, 0x60, 0xf8, 0x64, 0x15, 0xfd, 0x64, 0x5a, 0xcf, 0xff, 0xff, 0xfa, 0x54, 0x2c, 0xf1, 0x7a, 
    0x43, 0xdf, 0xfb, 0x00, 0x01, 0x00, 0x14, 0x00, 0x1d, 0xfd, 0x4c, 0xa0, 0x74, 0xc9, 0x4f, 0xfb, 
    0x79, 0x32, 0x66, 0xdd, 0x13, 0x14, 0x03, 0x3f, 0xa0, 0x88, 0x79, 0xdb, 0xa1, 0x40, 0x61, 0x6f, 
    0xaf, 0xea, 0x61, 0x11, 0x56, 0x4d, 0xc3, 0xe0, 0xff, 0xf3, 0x28, 0xc4, 0x8e, 0x0c, 0x71, 0x0a, 
    0xe6, 0x50, 0x2b, 0xc5, 0x05, 0x52, 0xbb, 0x0f, 0x3b, 0xff, 0xff, 0xff, 0xff, 0xd7, 0xa5, 0x8b, 
    0x04, 0x7c, 0x8f, 0xd5, 0x2c, 0x5a, 0xdc, 0xec, 0x6b, 0x1c, 0x7d, 0x07, 0x29, 0xa7, 0xd4, 0x93, 
    0xf7, 0x61, 0x26, 0x0b, 0x91, 0xbb, 0x2f, 0x44, 0x9c, 0x39, 0x8f, 0xb7, 0x99, 0x3f, 0x52, 0xcd, 
    0x47, 0x68, 0xf5, 0x67, 0xa2, 0xc3, 0xe8, 0x06, 0xc8, 0xea, 0x51, 0xba, 0x1a, 0xff, 0xff, 0xff, 
    0xff, 0xf3, 0x28, 0xc4, 0x97, 0x0c, 0xe0, 0xae, 0xeb, 0x1e, 0x6b, 0x04, 0x80, 0xff, 0xff, 0xfc, 
    0x35, 0x05, 0x46, 0x75, 0x67, 0xac, 0xd3, 0xc9, 0x9b, 0x63, 0x2d, 0x5c, 0xc1, 0x46, 0x0e, 0x06, 
    0x88, 0xb1, 0xad, 0x57, 0x9d, 0x60, 0x4d, 0x7e, 0xc2, 0x31, 0xb3, 0x1b, 0xe8, 0xe8, 0x03, 0x8b, 
    0xf9, 0x8c, 0x77, 0xff, 0x13, 0xf6, 0xa8, 0x28, 0x00, 0x47, 0xb0, 0x61, 0x56, 0x02, 0x69, 0xd0, 
    0x9a, 0x6e, 0x5f, 0xc6, 0x34, 0x30, 0x1c, 0xda, 0xff, 0xf3, 0x28, 0xc4, 0x9e, 0x0c, 0xc1, 0x06, 
    0xce, 0x5e, 0x53, 0xca, 0x2c, 0x49, 0x28, 0x3c, 0xb5, 0x65, 0xcd, 0x49, 0xb0, 0x21, 0x89, 0x6d, 
    0xe6, 0x0b, 0xbf, 0x1f, 0x03, 0x83, 0xf5, 0xe6, 0x9d, 0xfa, 0x0e, 0xb7, 0xd8, 0xf1, 0x6f, 0x51, 
    0x2e, 0x47, 0xb7, 0x95, 0xf7, 0x7f, 0xff, 0xff, 0x6b, 0x7e, 0xb4, 0x91, 0xe8, 0x02, 0xa4, 0x55, 
    0xcb, 0xbe, 0x11, 0xc4, 0x90, 0x01, 0x81, 0xe1, 0x91, 0x8d, 0x79, 0xa7, 0x99, 0x89, 0x49, 0xb5, 
    0xff, 0xf3, 0x28, 0xc4, 0xa6, 0x0c, 0xf9, 0x0a, 0x8c, 0x00, 0x96, 0x5a, 0x24, 0x26, 0xab, 0x56, 
    0x31, 0x85, 0x40, 0x20, 0x60, 0x59, 0x10, 0x93, 0xd8, 0x12, 0x0a, 0xba, 0x44, 0x14, 0x3c, 0x75, 
    0x04, 0x4e, 0xfe, 0xc3, 0xbf, 0xb5, 0xbf, 0xff, 0xff, 0xff, 0xfe, 0xba, 0x4c, 0x41, 0x4d, 0x45, 
    0x33, 0x2e, 0x31, 0x30, 0x30, 0x4c, 0x41, 0x4d, 0x45, 0x33, 0x2e, 0x31, 0x30, 0x30, 0xaa, 0xaa, 
    0xaa, 0xaa, 0xaa, 0xaa, 0xaa, 0xaa, 0xaa, 0xaa, 0xff, 0xf3, 0x28, 0xc4, 0xad, 0x0b, 0x29, 0x0a, 
    0x64, 0x00, 0xd1, 0x46, 0xb1, 0xaa, 0xaa, 0xaa, 0xaa, 0xaa, 0xaa, 0xaa, 0xaa, 0xaa, 0xaa, 0xaa, 
    0xaa, 0xaa, 0xaa, 0xaa, 0xaa, 0xaa, 0xaa, 0xaa, 0xaa, 0xaa, 0xaa, 0xaa, 0xaa, 0xaa, 0xaa, 0xaa, 
    0xaa, 0xaa, 0xaa, 0xaa, 0xaa, 0xaa, 0xaa, 0xaa, 0xaa, 0xaa, 0xaa, 0xaa, 0xaa, 0xaa, 0xaa, 0xaa, 
    0xaa, 0xaa, 0xaa, 0xaa, 0xaa, 0xaa, 0xaa, 0xaa, 0xaa, 0xaa, 0xaa, 0xaa, 0xaa, 0xaa, 0xaa, 0xaa, 
    0xff, 0xf3, 0x28, 0xc4, 0xbb, 0x0c, 0x80, 0xf6, 0x58, 0x00, 0xd2, 0xce, 0x64, 0xaa, 0xaa, 0xaa, 
    0xaa, 0xaa, 0xaa, 0xaa, 0xaa, 0xaa, 0xaa, 0xaa, 0xaa, 0xaa, 0xaa, 0xaa, 0xaa, 0xaa, 0xaa, 0xaa, 
    0xaa, 0xaa, 0xaa, 0xaa, 0xaa, 0xaa, 0xaa, 0xaa, 0xaa, 0xaa, 0xaa, 0xaa, 0xaa, 0xaa, 0xaa, 0xaa, 
    0xaa, 0xaa, 0xaa, 0xaa, 0xaa, 0xaa, 0xaa, 0xaa, 0xaa, 0xaa, 0xaa, 0xaa, 0xaa, 0xaa, 0xaa, 0xaa, 
    0xaa, 0xaa, 0xaa, 0xaa, 0xaa, 0xaa, 0xaa, 0xaa, 0xff, 0xf3, 0x28, 0xc4, 0xc4, 0x0c, 0x60, 0x92, 
    0x30, 0x00, 0x63, 0x06, 0x10, 0xaa, 0xaa, 0xaa, 0xaa, 0xaa, 0xaa, 0xaa, 0xaa, 0xaa, 0xaa, 0xaa, 
    0xaa, 0xaa, 0xaa, 0xaa, 0xaa, 0xaa, 0xaa, 0xaa, 0xaa, 0xaa, 0xaa, 0xaa, 0xaa, 0xaa, 0xaa, 0xaa, 
    0xaa, 0xaa, 0xaa, 0xaa, 0xaa, 0xaa, 0xaa, 0xaa, 0xaa, 0xaa, 0xaa, 0xaa, 0xaa, 0xaa, 0xaa, 0xaa, 
    0xaa, 0xaa, 0xaa, 0xaa, 0xaa, 0xaa, 0xaa, 0xaa, 0xaa, 0xaa, 0xaa, 0xaa, 0xaa, 0xaa, 0xaa, 0xaa, 
    0xff, 0xf3, 0x28, 0xc4, 0xc4, 0x00, 0x00, 0x03, 0x48, 0x00, 0x00, 0x00, 0x00, 0xaa, 0xaa, 0xaa, 
    0xaa, 0xaa, 0xaa, 0xaa, 0xaa, 0xaa, 0xaa, 0xaa, 0xaa, 0xaa, 0xaa, 0xaa, 0xaa, 0xaa, 0xaa, 0xaa, 
    0xaa, 0xaa, 0xaa, 0xaa, 0xaa, 0xaa, 0xaa, 0xaa, 0xaa, 0xaa, 0xaa, 0xaa, 0xaa, 0xaa, 0xaa, 0xaa, 
    0xaa, 0xaa, 0xaa, 0xaa, 0xaa, 0xaa, 0xaa, 0xaa, 0xaa, 0xaa, 0xaa, 0xaa, 0xaa, 0xaa, 0xaa, 0xaa, 
    0xaa, 0xaa, 0xaa, 0xaa, 0xaa, 0xaa, 0xaa, 0xaa, 0x00, 0x00, 0x00, 0x00, 0x00, 0x00, 0x00, 0x00, 
    0x00, 0x00, 0x00, 0x00, 0x00, 0x00, 0x00, 0x00, 0x00, 0x00, 0x00, 0x00, 0x00, 0x00, 0x00, 0x00, 
    0x00, 0x00, 0x00, 0x00, 0x00, 0x00, 0x00, 0x00, 0x00, 0x00, 0x00, 0x00, 0x00, 0x00, 0x00, 0x00, 
    0xff, 0xf3, 0x28, 0xc4, 0x00, 0x00, 0x00, 0x03, 0x48, 0x01, 0x40, 0x00, 0x00, 0xf7, 0x2b, 0xe3, 
    0x70, 0x43, 0xf3, 0x9b, 0xf0, 0x91, 0x7f, 0xfc, 0x9f, 0xfe, 0xf3, 0x0c, 0xff, 0xf9, 0xfb, 0x7f, 
    0xff, 0xa1, 0x8c, 0xa7, 0xbf, 0xff, 0xff, 0xcf, 0x42, 0x07, 0x8d, 0xdc, 0xff, 0xff, 0xff, 0xfc, 
    0x82, 0x18, 0x62, 0x9e, 0x7b, 0x98, 0x6f, 0xff, 0xff, 0xff, 0xe7, 0xdc, 0xc6, 0x71, 0xc2, 0x12, 
    0xea, 0x04, 0x80, 0xd9, 0x14, 0x0c, 0xfe, 0x4f, 0xff, 0xf3, 0x28, 0xc4, 0x3b, 0x0c, 0xdb, 0x0a, 
    0x2c, 0x01, 0x8a, 0x38, 0x00, 0x75, 0x33, 0xe5, 0x7a, 0xec, 0x7a, 0x5e, 0x16, 0x70, 0x3f, 0x7f, 
    0xfb, 0xaf, 0x3e, 0xe0, 0x10, 0xc6, 0x28, 0x37, 0xab, 0xec, 0xff, 0xff, 0xff, 0xff, 0xff, 0xff, 
    0xfb, 0x6f, 0xff, 0xe6, 0x19, 0x6d, 0x99, 0x86, 0xce, 0xa0, 0xf7, 0xd1, 0x5c, 0xf0, 0xec, 0xc6, 
    0xf3, 0x0c, 0x63, 0xc9, 0xb0, 0xd9, 0x8b, 0x8d, 0x5c, 0x74, 0xd2, 0x47, 0x89, 0x03, 0x46, 0x2e, 
    0xff, 0xf3, 0x28, 0xc4, 0x42, 0x18, 0x0b, 0x12, 0x7c, 0xad, 0x98, 0x38, 0x01, 0xce, 0x69, 0x73, 
    0x83, 0x6e, 0x32, 0x2d, 0xdc, 0xcd, 0x26, 0x6f, 0xcf, 0xb9, 0xa3, 0x84, 0x06, 0x48, 0x9e, 0x61, 
    0x21, 0xe5, 0xce, 0x2c, 0x3c, 0x87, 0x9c, 0x85, 0x06, 0x55, 0xd2, 0x55, 0x82, 0x5b, 0xb6, 0x14, 
    0x00, 0x04, 0x92, 0x00, 0x0e, 0x73, 0x6f, 0x72, 0xe8, 0x11, 0x40, 0xb2, 0xa2, 0x2c, 0x6c, 0xc9, 
    0xb1, 0x40, 0x08, 0xe8, 0x05, 0xd1, 0x18, 0x45, 0xff, 0xf3, 0x28, 0xc4, 0x1c, 0x14, 0x2a, 0x92, 
    0xde, 0x5f, 0xd2, 0x38, 0x03, 0x13, 0xbd, 0x64, 0x1c, 0xf7, 0xf6, 0xff, 0xff, 0xff, 0xff, 0xff, 
    0xff, 0xff, 0xff, 0xff, 0xe6, 0x29, 0x87, 0xaa, 0xba, 0x08, 0x80, 0xe1, 0x58, 0xf7, 0x5c, 0xca, 
    0x75, 0x42, 0x63, 0xe7, 0x4c, 0x97, 0x42, 0xc3, 0x41, 0xf3, 0xb3, 0x67, 0x31, 0xe8, 0xc8, 0x64, 
    0xf1, 0xc1, 0xa1, 0x26, 0x81, 0x7e, 0x10, 0xc3, 0x9e, 0xa2, 0x60, 0xea, 0xf6, 0x18, 0x00, 0x34, 
    0xff, 0xf3, 0x28, 0xc4, 0x06, 0x0d, 0x2a, 0x87, 0x02, 0x5e, 0x38, 0x05, 0x2f, 0x72, 0x00, 0x33, 
    0xfc, 0x74, 0xab, 0x98, 0xd6, 0x50, 0x8d, 0xc6, 0xe6, 0x36, 0x86, 0x0c, 0x7f, 0x7f, 0xff, 0x27, 
    0xd5, 0xc8, 0xff, 0x50, 0xe2, 0xd4, 0xd7, 0xaa, 0x10, 0x20, 0x62, 0xff, 0xf9, 0x08, 0xce, 0xf5, 
    0xd9, 0x45, 0x15, 0x3e, 0xce, 0xdd, 0xe7, 0x41, 0x7b, 0xdd, 0xd5, 0xd5, 0x40, 0xc0, 0x6c, 0x93, 
    0x6d, 0x98, 0x13, 0xbf, 0x23, 0x06, 0xa2, 0xc5, 0xff, 0xf3, 0x28, 0xc4, 0x0c, 0x0f, 0xb9, 0x8a, 
    0xde, 0x58, 0x52, 0x4f, 0x26, 0x1b, 0x94, 0x01, 0x07, 0x1f, 0x88, 0x52, 0xe9, 0x82, 0xf9, 0xbf, 
    0x91, 0xfe, 0x7a, 0x87, 0xe7, 0xfd, 0xcc, 0xa0, 0x50, 0xcf, 0x84, 0x2d, 0x03, 0x14, 0x63, 0xe2, 
    0x38, 0x03, 0x87, 0xfc, 0x7c, 0x06, 0x0f, 0xb7, 0x71, 0x40, 0xb4, 0x18, 0x49, 0xfd, 0x0d, 0xfa, 
    0x15, 0x28, 0xff, 0xff, 0xe7, 0xbf, 0xfa, 0x12, 0x82, 0x05, 0x25, 0xb5, 0xc0, 0x03, 0x8f, 0xf2, 
    0xff, 0xf3, 0x28, 0xc4, 0x08, 0x0e, 0xa0, 0xe6, 0xd1, 0xb8, 0x6a, 0x5e, 0x8e, 0xb2, 0x50, 0x37, 
    0xd4, 0xdd, 0x62, 0x38, 0x1b, 0x45, 0xff, 0x54, 0xc8, 0x48, 0x10, 0x03, 0x62, 0x74, 0x11, 0xd6, 
    0x4d, 0xb1, 0x24, 0x09, 0x00, 0x37, 0xd0, 0x45, 0xc0, 0xc1, 0x07, 0xd1, 0x29, 0x18, 0xf3, 0xef, 
    0x71, 0x0e, 0x64, 0xcb, 0xcb, 0xef, 0xd6, 0xe7, 0xea, 0x12, 0xea, 0xc1, 0xae, 0xa3, 0xd9, 0x6a, 
    0x62, 0x12, 0x13, 0xb6, 0xc0, 0x00, 0x9b, 0x7f, 0xff, 0xf3, 0x28, 0xc4, 0x08, 0x0e, 0xc0, 0xee, 
    0xca, 0x50, 0x6b, 0xc4, 0x5d, 0x51, 0x74, 0xba, 0x8a, 0x27, 0x6c, 0xf1, 0xff, 0xf9, 0x7a, 0xc4, 
    0xcc, 0x9d, 0x47, 0xc4, 0x3f, 0xd6, 0xf5, 0x9b, 0xa4, 0x92, 0xc7, 0x09, 0x27, 0x27, 0x83, 0x81, 
    0x29, 0x86, 0x23, 0xf9, 0x36, 0x58, 0x4b, 0x91, 0x92, 0x1c, 0xe2, 0x78, 0x06, 0x00, 0xe7, 0x1e, 
    0xb2, 0x5e, 0x7c, 0x97, 0x9c, 0xe0, 0x62, 0xe4, 0x17, 0xff, 0xd4, 0x4d, 0x11, 0x91, 0xbf, 0xfb, 
    0xff, 0xf3, 0x28, 0xc4, 0x08, 0x0e, 0xba, 0x02, 0xc8, 0x00, 0x69, 0xc4, 0xf0, 0x98, 0x89, 0x28, 
    0x4a, 0x0c, 0x1f, 0xab, 0xcd, 0x8a, 0x44, 0x42, 0x6f, 0xea, 0x69, 0x41, 0xa8, 0xd5, 0xd3, 0xf9, 
    0xa3, 0xa3, 0x81, 0xa0, 0xe7, 0xfe, 0x6a, 0x07, 0x06, 0x06, 0xff, 0xe9, 0x93, 0xff, 0xb7, 0xff, 
    0xfe, 0xc7, 0x40, 0x02, 0x2d, 0x1e, 0x38, 0x08, 0x06, 0xf4, 0x7f, 0xd0, 0x0f, 0xe6, 0x8b, 0xd1, 
    0x0b, 0xd8, 0x1f, 0xff, 0xe3, 0x30, 0x4f, 0xfe, 0xff, 0xf3, 0x28, 0xc4, 0x08, 0x0e, 0xb2, 0xb6, 
    0xd0, 0x2a, 0x50, 0x0a, 0xe0, 0x82, 0xb0, 0x09, 0x37, 0x95, 0xff, 0xea, 0xbf, 0xf9, 0x59, 0xbf, 
    0xea, 0x61, 0x27, 0xfe, 0x59, 0x82, 0x40, 0x76, 0xbb, 0xfb, 0x9c, 0xc0, 0x1b, 0x6f, 0xf2, 0x10, 
    0x53, 0xd7, 0xae, 0x2a, 0x3d, 0x96, 0x6d, 0x0e, 0x55, 0x56, 0xff, 0xa2, 0x2f, 0xfd, 0xdc, 0x5d, 
    0x8d, 0xb1, 0xa5, 0x7b, 0x88, 0x7e, 0x9f, 0xa5, 0xa2, 0x37, 0xab, 0xd2, 0xef, 0x63, 0xbc, 0x03, 
    0xff, 0xf3, 0x28, 0xc4, 0x08, 0x0c, 0xc1, 0x93, 0x0a, 0x5c, 0x68, 0x86, 0xbe, 0xd2, 0x1f, 0x5b, 
    0xa8, 0x90, 0x20, 0x94, 0xb6, 0x4b, 0xd5, 0x0a, 0x56, 0xfd, 0x33, 0x8a, 0x7f, 0xfa, 0x94, 0xbf, 
    0xea, 0x67, 0x47, 0xff, 0xff, 0xe8, 0xb1, 0x9b, 0x9e, 0x94, 0xd0, 0x38, 0xc0, 0x42, 0xa5, 0x49, 
    0x08, 0xbf, 0xff, 0xbb, 0xec, 0xff, 0x5d, 0x4b, 0x91, 0xa9, 0x26, 0xdb, 0xf0, 0x1b, 0x82, 0x00, 
    0x19, 0x96, 0xfa, 0xea, 0x40, 0xbe, 0x2d, 0xd8, 0xff, 0xf3, 0x28, 0xc4, 0x10, 0x0c, 0x68, 0x8e, 
    0xf2, 0x5f, 0x4d, 0x10, 0x02, 0xfb, 0x6a, 0x52, 0x66, 0x63, 0x8c, 0xf2, 0x46, 0xcb, 0x57, 0xb0, 
    0x09, 0x48, 0x04, 0x2e, 0xe5, 0x95, 0x0d, 0x36, 0x20, 0x01, 0x9d, 0x47, 0xff, 0xfd, 0x3e, 0xbf, 
    0xff, 0x86, 0xbc, 0x8f, 0xff, 0xf1, 0x12, 0x53, 0xfe, 0xa7, 0xf0, 0x5c, 0x7e, 0xc0, 0x15, 0xb1, 
    0x91, 0x0d, 0x25, 0x45, 0xda, 0x1d, 0x5c, 0xbb, 0x4b, 0x4d, 0x90, 0xbc, 0x7e, 0x26, 0x47, 0xa0, 
    0xff, 0xf3, 0x28, 0xc4, 0x19, 0x13, 0x6b, 0x02, 0xb0, 0x01, 0x98, 0x68, 0x01, 0x38, 0x4f, 0x2a, 
    0xda, 0x7c, 0xa1, 0xaf, 0xff, 0xd7, 0xff, 0xff, 0xff, 0xff, 0xff, 0xff, 0xf5, 0xa6, 0x5c, 0x67, 
    0xa6, 0x8a, 0xc6, 0x1d, 0x34, 0xc6, 0xb1, 0xe4, 0x7f, 0xff, 0xd6, 0xef, 0xa6, 0xff, 0x31, 0x2f, 
    0x49, 0x32, 0x19, 0xf4, 0x09, 0x7d, 0x3f, 0xff, 0xfd, 0x3f, 0xff, 0x3a, 0x7d, 0x02, 0xf9, 0x2e, 
    0x6e, 0xb5, 0xcf, 0x3f, 0x00, 0x27, 0x80, 0x9c, 0xff, 0xf3, 0x28, 0xc4, 0x06, 0x0d, 0xf2, 0xae, 
    0xe1, 0x8d, 0xca, 0x10, 0x01, 0x77, 0xcd, 0x0b, 0xb0, 0xbe, 0x39, 0xfd, 0x03, 0x33, 0xff, 0x30, 
    0xdf, 0xff, 0xff, 0xff, 0xff, 0xff, 0xff, 0xff, 0xff, 0xff, 0xea, 0x46, 0xb9, 0x82, 0x5c, 0xa6, 
    0x73, 0x55, 0xff, 0xfe, 0xcc, 0xd3, 0x33, 0x94, 0x32, 0xc8, 0xaf, 0x7a, 0x7d, 0x51, 0xd8, 0xea, 
    0x20, 0xe0, 0x98, 0x08, 0x2a, 0x03, 0xf1, 0x61, 0x68, 0xb6, 0xdf, 0xfe, 0x00, 0x0f, 0xfe, 0x05, 
    0xff, 0xf3, 0x28, 0xc4, 0x09, 0x0c, 0x60, 0xf6, 0xf2, 0x58, 0x3a, 0xce, 0x52, 0x40, 0x2d, 0xcf, 
    0xbf, 0xc7, 0x82, 0xe0, 0x2e, 0x43, 0xab, 0x1c, 0x11, 0x00, 0xf9, 0xe5, 0x7f, 0x01, 0x42, 0x43, 
    0xfc, 0x14, 0x12, 0x47, 0x3e, 0x82, 0x3a, 0xbf, 0xce, 0x18, 0x6d, 0x4d, 0xff, 0xff, 0xf7, 0x72, 
    0x3f, 0xd1, 0x4f, 0xff, 0xb6, 0x85, 0x46, 0x19, 0x2e, 0xdb, 0x00, 0x58, 0x3f, 0x88, 0xc1, 0xe9, 
    0xf1, 0xe1, 0x90, 0x4c, 0xa2, 0xf4, 0x38, 0x5c, 0xff, 0xf3, 0x28, 0xc4, 0x12, 0x0c, 0x10, 0xda, 
    0xe9, 0xba, 0x10, 0x0e, 0x02, 0x2f, 0x6f, 0x1d, 0x08, 0x41, 0xe1, 0xde, 0x82, 0x31, 0x71, 0x61, 
    0x9e, 0xac, 0x3c, 0x54, 0xe5, 0x60, 0xa1, 0xff, 0xff, 0xfe, 0x48, 0x55, 0x9b, 0xb7, 0xff, 0x7f, 
    0xff, 0xeb, 0x72, 0x55, 0x0a, 0x5b, 0x6a, 0x29, 0xe0, 0x08, 0xff, 0xcb, 0x79, 0xfa, 0x12, 0x62, 
    0xfa, 0xfa, 0x6f, 0xfe, 0x4f, 0xd5, 0x12, 0xfb, 0x63, 0x20, 0x8e, 0x14, 0x50, 0x14, 0x84, 0x34, 
    0xff, 0xf3, 0x28, 0xc4, 0x1c, 0x0c, 0xa8, 0x72, 0xac, 0x7c, 0x6b, 0xc4, 0x30, 0x4b, 0x87, 0x39, 
    0x69, 0x26, 0x7f, 0xec, 0xca, 0x80, 0x9d, 0x89, 0x59, 0xc2, 0x5f, 0xfd, 0x25, 0x9b, 0xff, 0xea, 
    0xb0, 0x34, 0x15, 0x72, 0x11, 0xa8, 0x91, 0x2d, 0xda, 0x6a, 0x5a, 0x7e, 0xbd, 0x39, 0x17, 0x58, 
    0x2e, 0x54, 0x67, 0x7f, 0x47, 0xc2, 0xe7, 0x17, 0x68, 0xf0, 0x76, 0xf9, 0x1a, 0xc1, 0xc1, 0x62, 
    0x2f, 0x18, 0x0c, 0xd1, 0xef, 0xf2, 0xa0, 0xa3, 0xff, 0xf3, 0x28, 0xc4, 0x24, 0x0c, 0x81, 0x3e, 
    0x68, 0x08, 0xdc, 0x44, 0xc0, 0xb7, 0xfd, 0x3f, 0xaa, 0xa3, 0xb7, 0xff, 0xfd, 0x54, 0xb1, 0x59, 
    0xe1, 0x74, 0x9b, 0x00, 0x66, 0x0e, 0x4b, 0xb8, 0xa0, 0x00, 0x54, 0x7d, 0x9a, 0x67, 0x14, 0x47, 
    0x82, 0x34, 0xcf, 0x88, 0xf4, 0x85, 0x55, 0xb8, 0x1a, 0xff, 0xeb, 0x4b, 0x9a, 0x1a, 0xa7, 0x65, 
    0x09, 0x34, 0x64, 0x72, 0xcb, 0xb0, 0xaa, 0x26, 0x43, 0x0f, 0x82, 0x8d, 0x78, 0x6d, 0x22, 0xc5, 
    0xff, 0xf3, 0x28, 0xc4, 0x2d, 0x0c, 0xa8, 0x4a, 0x95, 0x9e, 0x30, 0x5e, 0x04, 0xca, 0x34, 0x89, 
    0xcf, 0xff, 0x55, 0x04, 0xdf, 0x0f, 0x7b, 0x08, 0xce, 0x69, 0x05, 0x09, 0x08, 0xe4, 0x9a, 0xce, 
    0x88, 0xac, 0x9d, 0x44, 0xc8, 0x85, 0x8e, 0x35, 0xb6, 0x05, 0x59, 0xf8, 0xa1, 0x0b, 0xf0, 0xe7, 
    0x51, 0xa1, 0xea, 0xb7, 0xf1, 0x55, 0xf0, 0x99, 0x01, 0x8b, 0x73, 0xfd, 0x29, 0x9f, 0xff, 0xd3, 
    0x48, 0x5b, 0xf4, 0xd0, 0xb7, 0x16, 0x81, 0x10, 0xff, 0xf3, 0x28, 0xc4, 0x35, 0x12, 0x71, 0x5e, 
    0xac, 0x00, 0x4b, 0xc6, 0xc8, 0x00, 0x43, 0x9a, 0x52, 0x30, 0x04, 0x00, 0x00, 0x05, 0xc4, 0xa1, 
    0xf3, 0xe2, 0x7f, 0xff, 0xff, 0xcf, 0xff, 0xff, 0xfe, 0x4d, 0x1f, 0xf8, 0x30, 0xa2, 0x5a, 0xfe, 
    0xa6, 0xd7, 0x17, 0x1d, 0x19, 0x2a, 0x5f, 0x45, 0x2a, 0x07, 0xe0, 0x94, 0x74, 0x07, 0x82, 0xe2, 
    0xa0, 0xe6, 0x2f, 0x1d, 0xcd, 0x46, 0xeb, 0x54, 0x2c, 0x2d, 0xa6, 0x74, 0xfb, 0xed, 0xdb, 0xe7, 
    0xff, 0xf3, 0x28, 0xc4, 0x26, 0x0e, 0xb1, 0x62, 0xc8, 0x00, 0x13, 0x0c, 0x91, 0x7f, 0xfb, 0xdf, 
    0x86, 0xc6, 0xd6, 0x43, 0xc3, 0x1f, 0x69, 0x22, 0xe0, 0xc8, 0x16, 0x90, 0x8a, 0x94, 0xb9, 0xa5, 
    0x05, 0xf1, 0x62, 0x08, 0x20, 0x0a, 0x48, 0x80, 0x80, 0x00, 0xfe, 0x62, 0x7e, 0x07, 0xe6, 0x47, 
    0xef, 0x3a, 0xcb, 0x8d, 0x46, 0x15, 0x15, 0x0f, 0x87, 0xd2, 0xa2, 0x75, 0x8b, 0x5f, 0x67, 0xdf, 
    0x9e, 0xa4, 0xd3, 0x2b, 0xac, 0x73, 0x57, 0x6e, 0xff, 0xf3, 0x28, 0xc4, 0x26, 0x0c, 0xc9, 0x1b, 
    0x0e, 0x5e, 0x08, 0x18, 0xc6, 0x98, 0xfd, 0x10, 0xcb, 0x81, 0xc6, 0xb1, 0x2f, 0xff, 0xff, 0xd7, 
    0x52, 0x0b, 0xaa, 0x36, 0x57, 0x88, 0x83, 0x00, 0x08, 0x60, 0x03, 0xfc, 0x04, 0x16, 0xfa, 0xe0, 
    0x99, 0x2e, 0x7b, 0x5c, 0x36, 0x14, 0xbc, 0x86, 0xca, 0xd7, 0x6c, 0xd9, 0xcf, 0xa4, 0x0b, 0x25, 
    0x54, 0x72, 0x24, 0x9c, 0x34, 0xb1, 0x87, 0xbe, 0xb8, 0x48, 0x1a, 0x11, 0x8d, 0x3a, 0xdf, 0xff, 
    0xff, 0xf3, 0x28, 0xc4, 0x2d, 0x0c, 0x58, 0xae, 0xe3, 0x0c, 0x2a, 0x4c, 0x48, 0xff, 0xd9, 0x58, 
    0x99, 0x55, 0x25, 0x68, 0x76, 0x88, 0x09, 0x62, 0xc2, 0x80, 0x01, 0xb7, 0xe8, 0x00, 0x93, 0x6b, 
    0x80, 0x04, 0x8a, 0xbd, 0x89, 0x0c, 0x08, 0xdf, 0x0e, 0x2b, 0x5f, 0x25, 0x1d, 0x7f, 0x21, 0xc9, 
    0xb1, 0xfd, 0x14, 0x69, 0x61, 0xd7, 0x28, 0xf4, 0xa9, 0xd9, 0x53, 0xd9, 0xe9, 0x67, 0xf8, 0x77, 
    0xff, 0xff, 0x89, 0x9e, 0x5a, 0xc5, 0x2a, 0x55, 0xff, 0xf3, 0x28, 0xc4, 0x36, 0x0d, 0x08, 0xa6, 
    0xce, 0xfe, 0x5b, 0x10, 0x40, 0x66, 0x14, 0x5e, 0xb0, 0xef, 0xf6, 0xef, 0xd7, 0x77, 0xbf, 0xbb, 
    0xf7, 0xb4, 0xf4, 0x4f, 0xbd, 0xe0, 0xfc, 0x1f, 0x80, 0x00, 0x02, 0x72, 0xdd, 0xf8, 0x11, 0x40, 
    0xc7, 0x4e, 0x81, 0x8b, 0x3d, 0xdc, 0xdc, 0xc2, 0x00, 0x00, 0x08, 0x21, 0xe0, 0x19, 0xbe, 0x7f, 
    0x11, 0xcc, 0xea, 0x07, 0x73, 0x87, 0xff, 0xf9, 0x68, 0x67, 0x12, 0x13, 0xae, 0x4a, 0x22, 0x38, 
    0xff, 0xf3, 0x28, 0xc4, 0x3c, 0x0b, 0x91, 0x86, 0x9c, 0x00, 0x18, 0x47, 0x29, 0x88, 0x64, 0x6f, 
    0xfb, 0x79, 0xc1, 0x3a, 0x2f, 0xff, 0xc1, 0x08, 0x2a, 0x63, 0xa4, 0x90, 0x89, 0x34, 0xa1, 0xac, 
    0x42, 0xb5, 0x5c, 0x18, 0x5a, 0x2e, 0xc0, 0x48, 0xb0, 0x75, 0x6d, 0x06, 0x40, 0x10, 0x18, 0xc2, 
    0x4a, 0x37, 0xea, 0x63, 0x7e, 0x1d, 0x9b, 0x60, 0x08, 0xc0, 0x00, 0x4f, 0xf7, 0x20, 0x00, 0x80, 
    0xe0, 0x48, 0x5f, 0xc0, 0x03, 0x78, 0xee, 0x7b, 0xff, 0xf3, 0x28, 0xc4, 0x48, 0x0c, 0xc1, 0x9a, 
    0xb0, 0xca, 0x10, 0x52, 0xd8, 0x64, 0x67, 0xc8, 0x87, 0x44, 0xe1, 0x79, 0x0a, 0x10, 0x42, 0x0a, 
    0x35, 0x8f, 0x18, 0x52, 0x01, 0xff, 0xfa, 0x8f, 0x94, 0x59, 0xef, 0xff, 0x9c, 0x54, 0xfb, 0xcc, 
    0x9d, 0xbe, 0x9a, 0x82, 0x6c, 0x35, 0x92, 0x48, 0x13, 0x2d, 0xfe, 0x91, 0x50, 0x45, 0x84, 0x95, 
    0x0a, 0x5d, 0x77, 0x14, 0x90, 0x1c, 0x09, 0xc3, 0x6c, 0x41, 0x65, 0x4e, 0x9a, 0x22, 0x9c, 0x51, 
    0xff, 0xf3, 0x28, 0xc4, 0x50, 0x0c, 0xa0, 0xae, 0xe6, 0x5e, 0x38, 0x52, 0x6c, 0xa1, 0x62, 0xed, 
    0x06, 0x8f, 0x02, 0x9f, 0x27, 0xe2, 0x40, 0x7f, 0xfe, 0xb0, 0x38, 0x7f, 0xc2, 0x15, 0x60, 0x1a, 
    0x2b, 0x02, 0x70, 0x01, 0x80, 0x35, 0xbf, 0xc7, 0xc4, 0xa0, 0x0c, 0x21, 0xf7, 0x95, 0x11, 0xa0, 
    0xb1, 0x8f, 0xbd, 0xdf, 0xa0, 0x78, 0x06, 0x3f, 0xfc, 0xa3, 0x9f, 0xfd, 0x4a, 0x9f, 0xfa, 0x7f, 
    0xe8, 0x57, 0xfd, 0x5e, 0x24, 0x03, 0x88, 0x04, 0xff, 0xf3, 0x28, 0xc4, 0x58, 0x0b, 0x58, 0x8f, 
    0x02, 0x58, 0x6c, 0x1e, 0x6e, 0x3a, 0xd9, 0xed, 0xff, 0xff, 0xff, 0xff, 0xd8, 0xca, 0x55, 0x8c, 
    0x70, 0x2b, 0xdb, 0x00, 0x60, 0x40, 0x05, 0x12, 0xdd, 0xc9, 0xb1, 0x48, 0x64, 0x96, 0x19, 0xee, 
    0xbd, 0xe2, 0xa2, 0x96, 0x1a, 0xfe, 0x55, 0x63, 0xea, 0x01, 0x06, 0x7c, 0x8f, 0xac, 0x24, 0xf7, 
    0x36, 0xaf, 0xf8, 0x2a, 0x0d, 0x03, 0x67, 0x5f, 0xd1, 0xfa, 0x75, 0x59, 0xd4, 0xc4, 0x7f, 0xff, 
    0xff, 0xf3, 0x28, 0xc4, 0x65, 0x0c, 0xd1, 0x7e, 0xd6, 0x54, 0x3b, 0xca, 0xc0, 0xff, 0x3d, 0x42, 
    0x20, 0xbe, 0x76, 0xf9, 0xea, 0xe1, 0x18, 0x0c, 0x13, 0x1c, 0x9f, 0xb6, 0xce, 0x4f, 0xff, 0xff, 
    0xff, 0xff, 0xff, 0xeb, 0xae, 0xe1, 0x18, 0xe6, 0x69, 0x1a, 0xff, 0xbb, 0x7a, 0x9c, 0x94, 0x6b, 
    0x64, 0x57, 0x77, 0xfe, 0x27, 0xd0, 0xe7, 0x5f, 0x75, 0x73, 0xa7, 0x12, 0x7a, 0x12, 0x32, 0x58, 
    0x8f, 0x9c, 0x00, 0xc3, 0x9d, 0x40, 0x05, 0x17, 0xff, 0xf3, 0x28, 0xc4, 0x6c, 0x0c, 0xe8, 0x92, 
    0xc1, 0xbe, 0x12, 0x46, 0x50, 0x00, 0x10, 0xe4, 0xc6, 0x41, 0x69, 0xb8, 0x5b, 0x44, 0x32, 0xaa, 
    0x0b, 0x4f, 0x96, 0x2c, 0x81, 0x1e, 0x72, 0x55, 0x0b, 0xff, 0xef, 0xc0, 0x23, 0x03, 0x4b, 0xfa, 
    0x31, 0x85, 0xaa, 0xc2, 0x1a, 0x93, 0xab, 0x2a, 0xcf, 0xbb, 0xca, 0xf7, 0x32, 0xcd, 0xd0, 0x4c, 
    0x43, 0x18, 0x59, 0xd4, 0xb7, 0x5a, 0xe7, 0xf7, 0xf1, 0xec, 0xa2, 0x30, 0x00, 0xdf, 0xf2, 0x10, 
    0xff, 0xf3, 0x28, 0xc4, 0x73, 0x12, 0x8a, 0xee, 0xb8, 0xaa, 0x10, 0xcd, 0xe5, 0x9f, 0xf0, 0x60, 
    0x6e, 0x1c, 0x59, 0x3e, 0xd4, 0x21, 0x02, 0x08, 0x08, 0x14, 0x10, 0x7a, 0x79, 0x1f, 0xff, 0xff, 
    0xfd, 0xf6, 0x56, 0x0a, 0xb4, 0xf3, 0xc1, 0x50, 0x96, 0xff, 0xff, 0x7a, 0x1b, 0xf8, 0x19, 0xff, 
    0xcc, 0x08, 0x04, 0xa7, 0xf7, 0xfb, 0x78, 0xfb, 0x0e, 0xa0, 0xe1, 0x38, 0xa0, 0xea, 0xfd, 0xc6, 
    0xf2, 0x43, 0x0b, 0xc1, 0x98, 0x1b, 0xe5, 0x84, 0xff, 0xf3, 0x28, 0xc4, 0x63, 0x11, 0xa9, 0x52, 
    0xd5, 0x94, 0x2e, 0x04, 0x74, 0xef, 0x3d, 0x7b, 0x49, 0x64, 0xf5, 0x25, 0xbf, 0x1f, 0xa0, 0x08, 
    0x00, 0x20, 0x20, 0x44, 0xa3, 0x71, 0xb5, 0xc7, 0x75, 0xfc, 0x51, 0xe4, 0x4d, 0x4e, 0xb9, 0x35, 
    0x40, 0x5c, 0x00, 0x28, 0x4e, 0x02, 0x9f, 0xf8, 0xbc, 0x15, 0x81, 0x6a, 0x3f, 0xe5, 0x02, 0xe0, 
    0x2f, 0x47, 0xca, 0xdf, 0x20, 0x4e, 0x13, 0x82, 0xac, 0xca, 0x51, 0x46, 0xaf, 0xff, 0xc0, 0x51, 
    0xff, 0xf3, 0x28, 0xc4, 0x57, 0x0d, 0x99, 0x46, 0xcc, 0xc8, 0x3b, 0xd6, 0xc8, 0xae, 0x14, 0xa5, 
    0x9d, 0x77, 0x33, 0x26, 0x86, 0x63, 0x41, 0xa8, 0x94, 0xdc, 0x4b, 0x83, 0x35, 0x4a, 0x86, 0xbd, 
    0x41, 0xd5, 0x22, 0xc9, 0x44, 0x00, 0x1e, 0x01, 0xff, 0xd8, 0x68, 0x7c, 0x17, 0x1a, 0x6b, 0xeb, 
    0x7f, 0x92, 0xc6, 0xe3, 0x58, 0xbf, 0xe9, 0x8d, 0x1e, 0xc3, 0xf0, 0xb5, 0x25, 0xe9, 0xa3, 0x0f, 
    0x4c, 0x60, 0x08, 0x8c, 0xff, 0x1f, 0xbe, 0xac, 0xff, 0xf3, 0x28, 0xc4, 0x5b, 0x0d, 0x20, 0xfe, 
    0xd6, 0x38, 0x53, 0xd9, 0x04, 0x89, 0x14, 0x4a, 0x35, 0x5b, 0x03, 0x5f, 0xff, 0xff, 0xff, 0xff, 
    0x6f, 0xfa, 0x90, 0x05, 0x50, 0x75, 0x0d, 0xe8, 0x00, 0xf0, 0x07, 0x9c, 0x03, 0x5f, 0x3b, 0xff, 
    0xc8, 0x7e, 0x08, 0xe0, 0x1a, 0x4e, 0x3f, 0xd6, 0xba, 0xd3, 0x09, 0x3e, 0x3f, 0x9c, 0xd0, 0xda, 
    0x6f, 0xfe, 0xc4, 0x81, 0x80, 0x56, 0x45, 0x9e, 0x5a, 0x8e, 0x24, 0x49, 0x66, 0xe4, 0xf4, 0x1a, 
    0xff, 0xf3, 0x28, 0xc4, 0x61, 0x0d, 0xb0, 0xee, 0xd1, 0xfc, 0x3a, 0xcc, 0x38, 0x02, 0x92, 0xa0, 
    0x1a, 0x0a, 0x3f, 0xff, 0xff, 0xff, 0xfe, 0xb7, 0x02, 0xab, 0x01, 0x7f, 0xcb, 0x16, 0x7d, 0xd0, 
    0xd2, 0x0d, 0x20, 0x08, 0x11, 0x8d, 0x4d, 0x86, 0xc8, 0x00, 0x26, 0xb5, 0x99, 0x5a, 0x99, 0x82, 
    0x69, 0xd1, 0x81, 0xc8, 0x44, 0x4a, 0xca, 0x98, 0x03, 0x3d, 0x98, 0x54, 0xc5, 0x26, 0xb4, 0x58, 
    0x04, 0xff, 0x01, 0x13, 0x53, 0x80, 0x47, 0x02, 0xff, 0xf3, 0x28, 0xc4, 0x65, 0x0f, 0x68, 0xb2, 
    0xb9, 0x9f, 0x4f, 0x30, 0x00, 0xa5, 0x03, 0x30, 0xc4, 0x64, 0xf1, 0x2a, 0x16, 0x3c, 0x66, 0x4c, 
    0x25, 0x5d, 0xad, 0x7b, 0xea, 0x46, 0xba, 0x55, 0x1a, 0xdc, 0xc6, 0x33, 0x7d, 0x6f, 0xbc, 0x92, 
    0xad, 0x54, 0xa7, 0x0f, 0xab, 0x6a, 0x99, 0x4a, 0x27, 0x3e, 0x7b, 0xd6, 0xde, 0x9f, 0x9f, 0x57, 
    0xeb, 0x31, 0xd8, 0x9a, 0x2d, 0x68, 0x6d, 0xca, 0x7d, 0xe0, 0x99, 0x97, 0xa0, 0x77, 0xa0, 0x04, 
    0xff, 0xf3, 0x28, 0xc4, 0x62, 0x15, 0x60, 0xca, 0x88, 0xdf, 0x9a, 0x88, 0x00, 0x21, 0x5e, 0xbb, 
    0x0c, 0xf4, 0x48, 0x6a, 0x11, 0x00, 0xbd, 0x0b, 0x13, 0xc7, 0xe8, 0x5d, 0x4a, 0x7f, 0xff, 0xed, 
    0xff, 0xff, 0xff, 0xfd, 0xeb, 0xff, 0xfb, 0xb1, 0xe8, 0xdc, 0x9d, 0x96, 0x4c, 0x26, 0x90, 0x0b, 
    0xcb, 0x13, 0x5c, 0x5e, 0x59, 0x81, 0x51, 0x00, 0x5c, 0x3f, 0x3f, 0x7f, 0x8b, 0x24, 0x23, 0xf2, 
    0x42, 0x71, 0x34, 0xe2, 0x46, 0x30, 0x90, 0xd2, 0xff, 0xf3, 0x28, 0xc4, 0x47, 0x17, 0x52, 0xf6, 
    0xb0, 0x01, 0x8f, 0x50, 0x01, 0x03, 0xd4, 0x41, 0xb0, 0xae, 0x27, 0x2b, 0x9a, 0x71, 0x2e, 0x7f, 
    0xff, 0x91, 0x93, 0x1c, 0x41, 0x3d, 0xff, 0xcd, 0x2a, 0x5e, 0xa9, 0x2a, 0x97, 0x7b, 0xe2, 0x22, 
    0x20, 0x03, 0x6e, 0x80, 0xe5, 0xbf, 0xfd, 0x8e, 0x60, 0x15, 0xd4, 0x29, 0xe7, 0x27, 0xd8, 0x4f, 
    0x89, 0x70, 0x11, 0x4c, 0x98, 0xb0, 0x93, 0xcc, 0x45, 0x12, 0x95, 0x94, 0xea, 0xc1, 0xc3, 0xd8, 
    0xff, 0xf3, 0x28, 0xc4, 0x24, 0x0f, 0x60, 0x63, 0x02, 0x77, 0xcf, 0x10, 0x02, 0x15, 0xd2, 0xee, 
    0xff, 0xff, 0xff, 0xfc, 0x02, 0x11, 0x04, 0x85, 0xda, 0xe6, 0x7e, 0xe0, 0x20, 0x45, 0x9f, 0xe8, 
    0x69, 0x93, 0xcd, 0x70, 0x54, 0xe9, 0x8a, 0x40, 0x67, 0x58, 0x80, 0x78, 0x80, 0x09, 0xbe, 0x01, 
    0x6f, 0xe5, 0xd0, 0x55, 0x76, 0xb9, 0xa4, 0x30, 0x65, 0xb4, 0x96, 0x19, 0xe2, 0xe2, 0x53, 0xac, 
    0x92, 0xfd, 0x7e, 0xa2, 0xcb, 0xe4, 0x10, 0x7a, 0xff, 0xf3, 0x28, 0xc4, 0x21, 0x0e, 0x00, 0xaa, 
    0xff, 0x16, 0x8b, 0xc4, 0x4e, 0xbf, 0xff, 0xff, 0xff, 0xe2, 0xb5, 0x87, 0x80, 0xb5, 0x0c, 0xc9, 
    0x9d, 0x0a, 0x9b, 0x4b, 0xbf, 0xc4, 0x21, 0xd1, 0xcc, 0x87, 0x4d, 0x0e, 0x48, 0xb5, 0x20, 0x92, 
    0x03, 0x00, 0x1b, 0xfa, 0xce, 0x08, 0x01, 0xb6, 0x86, 0x07, 0xa1, 0xf3, 0x47, 0x5a, 0x8c, 0x04, 
    0x4a, 0x3f, 0x7f, 0xb7, 0xef, 0xff, 0xfb, 0x15, 0x9b, 0x45, 0x4f, 0xb9, 0x7d, 0x6f, 0xec, 0xdf, 
    0xff, 0xf3, 0x28, 0xc4, 0x24, 0x0b, 0x62, 0xaa, 0xd2, 0x46, 0x68, 0x05, 0x4e, 0xff, 0xfa, 0x29, 
    0x4a, 0x54, 0x87, 0x39, 0x5b, 0x8e, 0x5a, 0x09, 0xe9, 0xb3, 0x13, 0xfe, 0x1a, 0x0b, 0x80, 0x42, 
    0xfa, 0x00, 0xd8, 0xb2, 0x59, 0xcc, 0xca, 0x49, 0x0d, 0x60, 0x6d, 0xd4, 0x9d, 0x2c, 0xc8, 0x6c, 
    0xfd, 0x7f, 0xbf, 0xef, 0xf5, 0xfe, 0xdf, 0xb7, 0xff, 0xff, 0xf9, 0xbf, 0x2f, 0xf3, 0x7a, 0x1b, 
    0xe6, 0x15, 0xea, 0x15, 0xbf, 0xff, 0xff, 0xaa, 0xff, 0xf3, 0x28, 0xc4, 0x31, 0x0c, 0xea, 0x86, 
    0xba, 0x5e, 0x80, 0x05, 0x80, 0x01, 0x3f, 0x4d, 0x01, 0x3e, 0x81, 0xb1, 0x03, 0x80, 0x00, 0x2d, 
    0xf9, 0xd1, 0x13, 0x56, 0xbc, 0xfc, 0x38, 0x53, 0x37, 0x04, 0x0a, 0x84, 0xd2, 0xf4, 0xab, 0x52, 
    0x39, 0x50, 0xe9, 0x37, 0x7f, 0xf5, 0x12, 0x1d, 0x2d, 0xff, 0xe2, 0x53, 0xb4, 0x92, 0x67, 0xff, 
    0xe2, 0xa0, 0x90, 0xf0, 0x10, 0x32, 0x1a, 0xff, 0xf2, 0x2a, 0x34, 0xa8, 0x02, 0x5b, 0xcc, 0x29, 
    0xff, 0xf3, 0x28, 0xc4, 0x38, 0x0c, 0x58, 0x5a, 0xa1, 0x9e, 0x6e, 0x1e, 0x22, 0x56, 0x51, 0x81, 
    0x0d, 0xe7, 0x0c, 0x3e, 0x0f, 0x0e, 0xcc, 0xd4, 0x42, 0xa1, 0xb9, 0xb0, 0xc9, 0x60, 0x83, 0xb7, 
    0x00, 0x89, 0x5a, 0x9c, 0xe7, 0x3d, 0x36, 0x03, 0x32, 0x2a, 0x0a, 0xbf, 0xfd, 0x43, 0xc8, 0x90, 
    0x05, 0x42, 0x5f, 0xff, 0xff, 0xff, 0xff, 0xbb, 0x45, 0x3a, 0xe4, 0x17, 0xad, 0x35, 0x0c, 0x10, 
    0xd2, 0xcb, 0x20, 0x66, 0x17, 0x91, 0xe3, 0xce, 0xff, 0xf3, 0x28, 0xc4, 0x41, 0x0c, 0x68, 0x66, 
    0x60, 0x00, 0xe6, 0x4c, 0x48, 0xe0, 0x2d, 0x98, 0x59, 0x4f, 0x0c, 0x44, 0xdd, 0x83, 0x3e, 0x00, 
    0x72, 0x55, 0xb2, 0xcb, 0x24, 0x44, 0xa1, 0xad, 0x67, 0x7f, 0xe4, 0xcc, 0x09, 0x6c, 0x16, 0xff, 
    0xff, 0xff, 0xff, 0xfc, 0xf2, 0x48, 0x35, 0xeb, 0x2a, 0x9b, 0x8c, 0x3b, 0x69, 0xc8, 0x2c, 0x2e, 
    0x6a, 0xda, 0xe7, 0xb2, 0x7c, 0x85, 0x38, 0x2c, 0x7e, 0x13, 0x25, 0x11, 0x01, 0x12, 0xdf, 0xcc, 
    0xff, 0xf3, 0x28, 0xc4, 0x4a, 0x0b, 0xa8, 0x52, 0x58, 0x00, 0xd7, 0x30, 0x04, 0x27, 0xfe, 0x4f, 
    0xfc, 0xdf, 0xe8, 0x29, 0x7f, 0xe3, 0xee, 0xe4, 0x3a, 0x9b, 0xd3, 0xe7, 0x3f, 0xff, 0xe9, 0xe4, 
    0x00, 0x9f, 0xea, 0xf4, 0xd5, 0xab, 0x05, 0x88, 0x1e, 0x89, 0xf3, 0x04, 0x0d, 0x37, 0xd0, 0x36, 
    0x98, 0xb6, 0x72, 0xa0, 0x56, 0xde, 0xce, 0xa0, 0x46, 0xef, 0xb9, 0x8d, 0xdb, 0xff, 0x43, 0x81, 
    0x0a, 0x7a, 0xa4, 0x16, 0xc5, 0x49, 0x59, 0x88, 0xff, 0xf3, 0x28, 0xc4, 0x56, 0x0c, 0x89, 0x06, 
    0x50, 0x00, 0xda, 0x4e, 0x64, 0xb5, 0x35, 0xdf, 0xef, 0xff, 0xfe, 0xb9, 0x57, 0x2a, 0x00, 0x82, 
    0x15, 0x88, 0x11, 0x09, 0x44, 0x42, 0x52, 0x51, 0x91, 0xa1, 0x20, 0xa8, 0xc1, 0xfb, 0x2b, 0x18, 
    0x3d, 0xdf, 0x3a, 0x77, 0x51, 0x6f, 0xcf, 0x3b, 0xdb, 0xfe, 0xc6, 0x37, 0x5a, 0x90, 0x96, 0xf5, 
    0xa1, 0x9f, 0xff, 0x5b, 0xbf, 0x3a, 0x3f, 0xf4, 0xd5, 0x4c, 0x41, 0x4d, 0x45, 0x33, 0x2e, 0x31, 
    0xff, 0xf3, 0x28, 0xc4, 0x5e, 0x0a, 0xc8, 0xe2, 0x48, 0x00, 0x1e, 0x04, 0x24, 0x30, 0x30, 0x55, 
    0x55, 0x55, 0x55, 0x55, 0x55, 0x55, 0x55, 0x55, 0x55, 0x55, 0x55, 0x55, 0x55, 0x55, 0x55, 0x55, 
    0x55, 0x55, 0x55, 0x55, 0x55, 0x55, 0x55, 0x55, 0x55, 0x55, 0x55, 0x55, 0x55, 0x55, 0x55, 0x55, 
    0x55, 0x55, 0x55, 0x55, 0x55, 0x55, 0x55, 0x55, 0x55, 0x55, 0x55, 0x55, 0x55, 0x55, 0x55, 0x55, 
    0x55, 0x55, 0x55, 0x55, 0x55, 0x55, 0x55, 0x55, 0xff, 0xf3, 0x28, 0xc4, 0x6d, 0x0a, 0x88, 0x06, 
    0x1d, 0x6c, 0x00, 0xc4, 0x00, 0x55, 0x55, 0x55, 0x55, 0x55, 0x55, 0x55, 0x55, 0x55, 0x55, 0x55, 
    0x55, 0x55, 0x55, 0x55, 0x55, 0x55, 0x55, 0x55, 0x55, 0x55, 0x55, 0x55, 0x55, 0x55, 0x55, 0x55, 
    0x55, 0x55, 0x55, 0x55, 0x55, 0x55, 0x55, 0x55, 0x55, 0x55, 0x55, 0x55, 0x55, 0x55, 0x55, 0x55, 
    0x55, 0x55, 0x55, 0x55, 0x55, 0x55, 0x55, 0x55, 0x55, 0x55, 0x55, 0x55, 0x55, 0x55, 0x55, 0x55, 
    0xff, 0xf3, 0x28, 0xc4, 0x7d, 0x00, 0x00, 0x03, 0x48, 0x00, 0x00, 0x00, 0x00, 0x55, 0x55, 0x55, 
    0x55, 0x55, 0x55, 0x55, 0x55, 0x55, 0x55, 0x55, 0x55, 0x55, 0x55, 0x55, 0x55, 0x55, 0x55, 0x55, 
    0x55, 0x55, 0x55, 0x55, 0x55, 0x55, 0x55, 0x55, 0x55, 0x55, 0x55, 0x55, 0x55, 0x55, 0x55, 0x55, 
    0x55, 0x55, 0x55, 0x55, 0x55, 0x55, 0x55, 0x55, 0x55, 0x55, 0x55, 0x55, 0x55, 0x55, 0x55, 0x55, 
    0x55, 0x55, 0x55, 0x55, 0x55, 0x55, 0x55, 0x55, 0x00, 0x00, 0x00, 0x00, 0x00, 0x00, 0x00, 0x00, 
    0x00, 0x00, 0x00, 0x00, 0x00, 0x00, 0x00, 0x00, 0x00, 0x00, 0x00, 0x00, 0x00, 0x00, 0x00, 0x00, 
    0x00, 0x00, 0x00, 0x00, 0x00, 0x00, 0x00, 0x00, 0x00, 0x00, 0x00, 0x00, 0x00, 0x00, 0x00, 0x00, 
    0x00, 0x00, 0x00, 0x00, 0x00, 0x00, 0x00, 0x00, 0x00, 0x00, 0x00, 0x00, 0x00, 0x00, 0x00, 0x00, 
};
