/**
 * @file icon_dog.c
 * @brief LVGL v8 image (TRUE_COLOR_ALPHA), generated from PNG
 * @note Regenerate: cd ui/res/assets && python3 png_to_lvgl_v8_icon_c.py picture ../icon
 */
#ifdef __has_include
    #if __has_include("lvgl.h")
        #ifndef LV_LVGL_H_INCLUDE_SIMPLE
            #define LV_LVGL_H_INCLUDE_SIMPLE
        #endif
    #endif
#endif

#if defined(LV_LVGL_H_INCLUDE_SIMPLE)
    #include "lvgl.h"
#else
    #include "lvgl/lvgl.h"
#endif

#ifndef LV_ATTRIBUTE_MEM_ALIGN
#define LV_ATTRIBUTE_MEM_ALIGN
#endif

const LV_ATTRIBUTE_MEM_ALIGN LV_ATTRIBUTE_LARGE_CONST uint8_t icon_dog_map[] = {
#if LV_COLOR_DEPTH == 1 || LV_COLOR_DEPTH == 8
  /*Pixel format: LV_IMG_CF_TRUE_COLOR_ALPHA, 8-bit color + alpha*/
  0x00, 0x00, 0x00, 0x00, 0x00, 0x00, 0x00, 0x00, 0x00, 0x00, 0x00, 0x00,
  0x00, 0x00, 0x00, 0x00, 0x00, 0x00, 0x00, 0x00, 0x00, 0x00, 0x00, 0x00,
  0x00, 0x00, 0x00, 0x00, 0x00, 0x00, 0x00, 0x0a, 0x00, 0x25, 0x00, 0x45,
  0x00, 0x5d, 0x00, 0x6c, 0x00, 0x78, 0x00, 0x7f, 0x00, 0x7f, 0x00, 0x78,
  0x00, 0x6c, 0x00, 0x5d, 0x00, 0x45, 0x00, 0x25, 0x00, 0x0a, 0x00, 0x00,
  0x00, 0x00, 0x00, 0x00, 0x00, 0x00, 0x00, 0x00, 0x00, 0x00, 0x00, 0x00,
  0x00, 0x00, 0x00, 0x00, 0x00, 0x00, 0x00, 0x00, 0x00, 0x00, 0x00, 0x00,
  0x00, 0x00, 0x00, 0x00, 0x00, 0x00, 0x00, 0x00, 0x00, 0x00, 0x00, 0x00,
  0x00, 0x00, 0x00, 0x00, 0x00, 0x00, 0x00, 0x00, 0x00, 0x00, 0x00, 0x00,
  0x00, 0x00, 0x00, 0x00, 0x00, 0x04, 0x00, 0x24, 0x00, 0x5a, 0x00, 0x79,
  0x00, 0x80, 0x00, 0x80, 0x00, 0x80, 0x00, 0x80, 0x00, 0x80, 0x00, 0x80,
  0x00, 0x80, 0x00, 0x80, 0x00, 0x80, 0x00, 0x80, 0x00, 0x80, 0x00, 0x80,
  0x00, 0x79, 0x00, 0x5a, 0x00, 0x24, 0x00, 0x04, 0x00, 0x00, 0x00, 0x00,
  0x00, 0x00, 0x00, 0x00, 0x00, 0x00, 0x00, 0x00, 0x00, 0x00, 0x00, 0x00,
  0x00, 0x00, 0x00, 0x00, 0x00, 0x00, 0x00, 0x00, 0x00, 0x00, 0x00, 0x00,
  0x00, 0x00, 0x00, 0x00, 0x00, 0x00, 0x00, 0x00, 0x00, 0x00, 0x00, 0x00,
  0x00, 0x00, 0x00, 0x00, 0x00, 0x03, 0x00, 0x2b, 0x00, 0x68, 0x00, 0x80,
  0x00, 0x80, 0x00, 0x80, 0x00, 0x80, 0x00, 0x80, 0x00, 0x80, 0x00, 0x80,
  0x00, 0x80, 0x00, 0x80, 0x00, 0x80, 0x00, 0x80, 0x00, 0x80, 0x00, 0x80,
  0x00, 0x80, 0x00, 0x80, 0x00, 0x80, 0x00, 0x80, 0x00, 0x80, 0x00, 0x68,
  0x00, 0x2b, 0x00, 0x03, 0x00, 0x00, 0x00, 0x00, 0x00, 0x00, 0x00, 0x00,
  0x00, 0x00, 0x00, 0x00, 0x00, 0x00, 0x00, 0x00, 0x00, 0x00, 0x00, 0x00,
  0x00, 0x00, 0x00, 0x00, 0x00, 0x00, 0x00, 0x00, 0x00, 0x00, 0x00, 0x00,
  0x00, 0x00, 0x00, 0x00, 0x00, 0x00, 0x00, 0x15, 0x00, 0x5f, 0x00, 0x80,
  0x00, 0x80, 0x00, 0x80, 0x44, 0x96, 0x44, 0x9c, 0x00, 0x80, 0x00, 0x80,
  0x00, 0x80, 0x00, 0x80, 0x00, 0x80, 0x00, 0x80, 0x00, 0x80, 0x00, 0x80,
  0x00, 0x80, 0x00, 0x80, 0x00, 0x80, 0x00, 0x80, 0x00, 0x80, 0x00, 0x80,
  0x00, 0x80, 0x00, 0x80, 0x00, 0x80, 0x00, 0x5f, 0x00, 0x15, 0x00, 0x00,
  0x00, 0x00, 0x00, 0x00, 0x00, 0x00, 0x00, 0x00, 0x00, 0x00, 0x00, 0x00,
  0x00, 0x00, 0x00, 0x00, 0x00, 0x00, 0x00, 0x00, 0x00, 0x00, 0x00, 0x00,
  0x00, 0x00, 0x00, 0x00, 0x00, 0x00, 0x00, 0x00, 0x00, 0x32, 0x00, 0x77,
  0x00, 0x80, 0x00, 0x80, 0x00, 0x80, 0x44, 0x96, 0xcc, 0xf4, 0xa8, 0xf3,
  0x00, 0x89, 0x00, 0x80, 0x00, 0x80, 0x00, 0x80, 0x00, 0x80, 0x00, 0x80,
  0x00, 0x80, 0x00, 0x80, 0x00, 0x80, 0x00, 0x80, 0x00, 0x80, 0x00, 0x80,
  0x00, 0x80, 0x00, 0x80, 0x00, 0x80, 0x00, 0x80, 0x00, 0x80, 0x00, 0x80,
  0x00, 0x77, 0x00, 0x32, 0x00, 0x00, 0x00, 0x00, 0x00, 0x00, 0x00, 0x00,
  0x00, 0x00, 0x00, 0x00, 0x00, 0x00, 0x00, 0x00, 0x00, 0x00, 0x00, 0x00,
  0x00, 0x00, 0x00, 0x00, 0x00, 0x00, 0x00, 0x00, 0x00, 0x04, 0x00, 0x45,
  0x00, 0x80, 0x00, 0x80, 0x00, 0x80, 0x00, 0x80, 0x00, 0x85, 0xd0, 0xe6,
  0xc8, 0xff, 0xa8, 0xff, 0x88, 0xd0, 0x00, 0x81, 0x00, 0x80, 0x00, 0x80,
  0x00, 0x80, 0x00, 0x80, 0x00, 0x80, 0x00, 0x80, 0x00, 0x80, 0x00, 0x80,
  0x00, 0x80, 0x00, 0x80, 0x00, 0x80, 0x00, 0x80, 0x00, 0x80, 0x00, 0x80,
  0x00, 0x80, 0x00, 0x80, 0x00, 0x80, 0x00, 0x80, 0x00, 0x45, 0x00, 0x04,
  0x00, 0x00, 0x00, 0x00, 0x00, 0x00, 0x00, 0x00, 0x00, 0x00, 0x00, 0x00,
  0x00, 0x00, 0x00, 0x00, 0x00, 0x00, 0x00, 0x00, 0x00, 0x00, 0x00, 0x04,
  0x00, 0x4b, 0x00, 0x80, 0x00, 0x80, 0x00, 0x80, 0x00, 0x80, 0x00, 0x80,
  0x8c, 0xba, 0xcc, 0xfe, 0xa8, 0xff, 0xc8, 0xff, 0xc8, 0xff, 0x64, 0xb5,
  0x00, 0x83, 0x25, 0x9c, 0x05, 0xa3, 0x00, 0x85, 0x00, 0x80, 0x00, 0x80,
  0x00, 0x80, 0x00, 0x80, 0x00, 0x80, 0x00, 0x80, 0x00, 0x80, 0x00, 0x80,
  0x00, 0x80, 0x00, 0x80, 0x00, 0x85, 0x88, 0xc0, 0x44, 0xa8, 0x00, 0x80,
  0x00, 0x80, 0x00, 0x4b, 0x00, 0x04, 0x00, 0x00, 0x00, 0x00, 0x00, 0x00,
  0x00, 0x00, 0x00, 0x00, 0x00, 0x00, 0x00, 0x00, 0x00, 0x00, 0x00, 0x00,
  0x00, 0x00, 0x00, 0x45, 0x00, 0x80, 0x00, 0x80, 0x00, 0x80, 0x00, 0x80,
  0x00, 0x80, 0x00, 0x88, 0xd1, 0xf3, 0xcc, 0xff, 0xd1, 0xff, 0xcc, 0xff,
  0xa8, 0xff, 0x8d, 0xf7, 0x4e, 0xec, 0x29, 0xff, 0x29, 0xff, 0x05, 0xde,
  0x00, 0x84, 0x00, 0x80, 0x00, 0x80, 0x00, 0x80, 0x00, 0x80, 0x00, 0x80,
  0x00, 0x80, 0x00, 0x80, 0x00, 0x83, 0x68, 0xa9, 0xcc, 0xe7, 0xa8, 0xff,
  0x44, 0xda, 0x00, 0x80, 0x00, 0x80, 0x00, 0x80, 0x00, 0x45, 0x00, 0x00,
  0x00, 0x00, 0x00, 0x00, 0x00, 0x00, 0x00, 0x00, 0x00, 0x00, 0x00, 0x00,
  0x00, 0x00, 0x00, 0x00, 0x00, 0x32, 0x00, 0x80, 0x00, 0x80, 0x00, 0x80,
  0x00, 0x80, 0x00, 0x80, 0x00, 0x80, 0x88, 0xb0, 0xd0, 0xfe, 0xcc, 0xff,
  0xfa, 0xff, 0xfa, 0xff, 0x92, 0xff, 0x29, 0xff, 0x05, 0xff, 0x05, 0xff,
  0x05, 0xff, 0x25, 0xff, 0x00, 0x99, 0x00, 0x80, 0x00, 0x80, 0x00, 0x80,
  0x00, 0x80, 0x00, 0x80, 0x00, 0x80, 0x44, 0x9e, 0xcc, 0xe6, 0xa8, 0xfe,
  0x64, 0xff, 0x40, 0xff, 0x44, 0xea, 0x00, 0x80, 0x00, 0x80, 0x00, 0x80,
  0x00, 0x80, 0x00, 0x32, 0x00, 0x00, 0x00, 0x00, 0x00, 0x00, 0x00, 0x00,
  0x00, 0x00, 0x00, 0x00, 0x00, 0x00, 0x00, 0x15, 0x00, 0x77, 0x00, 0x80,
  0x00, 0x80, 0x00, 0x80, 0x00, 0x80, 0x00, 0x80, 0x00, 0x80, 0xac, 0xcf,
  0xcc, 0xff, 0xcc, 0xff, 0xf6, 0xff, 0xb6, 0xff, 0x29, 0xff, 0x05, 0xff,
  0x04, 0xff, 0x04, 0xff, 0x24, 0xff, 0x4d, 0xff, 0x6d, 0xbf, 0x6d, 0xad,
  0x6d, 0xa1, 0x00, 0x88, 0x00, 0x81, 0x00, 0x80, 0x44, 0x98, 0xd0, 0xf8,
  0xa8, 0xff, 0x40, 0xff, 0x40, 0xff, 0x40, 0xff, 0x44, 0xf2, 0x00, 0x81,
  0x00, 0x80, 0x00, 0x80, 0x00, 0x80, 0x00, 0x77, 0x00, 0x15, 0x00, 0x00,
  0x00, 0x00, 0x00, 0x00, 0x00, 0x00, 0x00, 0x00, 0x00, 0x03, 0x00, 0x5f,
  0x00, 0x80, 0x00, 0x80, 0x00, 0x80, 0x00, 0x80, 0x00, 0x80, 0x00, 0x80,
  0x00, 0x80, 0xac, 0xe0, 0xcc, 0xff, 0xcc, 0xff, 0xfa, 0xff, 0x6e, 0xff,
  0x25, 0xff, 0x44, 0xff, 0xad, 0xff, 0xd1, 0xff, 0xf5, 0xff, 0xff, 0xff,
  0xff, 0xff, 0xff, 0xff, 0xff, 0xff, 0xff, 0xfa, 0xd6, 0xd4, 0x48, 0x9b,
  0xd1, 0xe2, 0xcc, 0xff, 0x64, 0xff, 0x44, 0xff, 0x68, 0xff, 0x64, 0xff,
  0x44, 0xed, 0x00, 0x80, 0x00, 0x80, 0x00, 0x80, 0x00, 0x80, 0x00, 0x80,
  0x00, 0x5f, 0x00, 0x03, 0x00, 0x00, 0x00, 0x00, 0x00, 0x00, 0x00, 0x00,
  0x00, 0x2b, 0x00, 0x80, 0x00, 0x80, 0x00, 0x80, 0x00, 0x80, 0x00, 0x80,
  0x00, 0x80, 0x00, 0x80, 0x00, 0x80, 0xac, 0xd8, 0xcc, 0xff, 0xf1, 0xff,
  0xda, 0xff, 0x29, 0xff, 0xad, 0xff, 0xcd, 0xff, 0x84, 0xff, 0x60, 0xff,
  0x84, 0xff, 0xfa, 0xff, 0xff, 0xff, 0xff, 0xff, 0xff, 0xff, 0xf6, 0xff,
  0xf1, 0xff, 0xd5, 0xfe, 0xf5, 0xff, 0xa8, 0xff, 0x64, 0xff, 0x69, 0xff,
  0x69, 0xff, 0x64, 0xff, 0x44, 0xde, 0x00, 0x80, 0x00, 0x80, 0x00, 0x80,
  0x00, 0x80, 0x00, 0x80, 0x00, 0x80, 0x00, 0x2b, 0x00, 0x00, 0x00, 0x00,
  0x00, 0x00, 0x00, 0x04, 0x00, 0x68, 0x00, 0x80, 0x00, 0x80, 0x00, 0x80,
  0x00, 0x80, 0x00, 0x80, 0x00, 0x80, 0x00, 0x80, 0x00, 0x80, 0x68, 0xb6,
  0xcc, 0xfe, 0xfa, 0xff, 0xb6, 0xff, 0x8d, 0xff, 0xd1, 0xff, 0x64, 0xff,
  0x64, 0xff, 0x84, 0xff, 0x88, 0xff, 0xd6, 0xff, 0xff, 0xff, 0xff, 0xff,
  0xfb, 0xff, 0xa8, 0xff, 0x64, 0xff, 0x44, 0xff, 0xad, 0xff, 0x8d, 0xff,
  0x64, 0xff, 0x69, 0xff, 0x68, 0xff, 0x44, 0xff, 0x44, 0xc6, 0x00, 0x80,
  0x00, 0x80, 0x00, 0x80, 0x00, 0x80, 0x00, 0x80, 0x00, 0x80, 0x00, 0x68,
  0x00, 0x04, 0x00, 0x00, 0x00, 0x00, 0x00, 0x24, 0x00, 0x80, 0x00, 0x80,
  0x00, 0x80, 0x00, 0x80, 0x00, 0x80, 0x00, 0x80, 0x00, 0x80, 0x00, 0x80,
  0x00, 0x80, 0x00, 0x84, 0x88, 0xdf, 0xcc, 0xfe, 0xb1, 0xff, 0xf5, 0xff,
  0xcc, 0xff, 0x88, 0xff, 0x88, 0xff, 0xa8, 0xff, 0xcc, 0xff, 0xfa, 0xff,
  0xfb, 0xff, 0xdb, 0xff, 0xb2, 0xff, 0x64, 0xff, 0x64, 0xff, 0x44, 0xff,
  0x40, 0xff, 0x89, 0xff, 0x49, 0xff, 0x69, 0xff, 0x44, 0xff, 0x44, 0xfd,
  0x20, 0xa4, 0x00, 0x80, 0x00, 0x80, 0x00, 0x80, 0x00, 0x80, 0x00, 0x80,
  0x00, 0x80, 0x00, 0x80, 0x00, 0x24, 0x00, 0x00, 0x00, 0x00, 0x00, 0x5a,
  0x00, 0x80, 0x00, 0x80, 0x00, 0x80, 0x00, 0x80, 0x00, 0x80, 0x00, 0x80,
  0x00, 0x80, 0x00, 0x80, 0x00, 0x80, 0x00, 0x80, 0x00, 0x85, 0x44, 0xbc,
  0xf5, 0xfd, 0xf5, 0xff, 0xcc, 0xff, 0xac, 0xff, 0xac, 0xff, 0xcc, 0xff,
  0xcc, 0xff, 0xfa, 0xff, 0xdb, 0xff, 0xda, 0xff, 0xad, 0xff, 0x64, 0xff,
  0x64, 0xff, 0x64, 0xff, 0x44, 0xff, 0x89, 0xff, 0x69, 0xff, 0x69, 0xff,
  0x44, 0xff, 0x44, 0xdf, 0x00, 0x82, 0x00, 0x80, 0x00, 0x80, 0x00, 0x80,
  0x00, 0x80, 0x00, 0x80, 0x00, 0x80, 0x00, 0x80, 0x00, 0x5a, 0x00, 0x00,
  0x00, 0x0a, 0x00, 0x79, 0x00, 0x80, 0x00, 0x80, 0x00, 0x80, 0x00, 0x80,
  0x00, 0x80, 0x00, 0x80, 0x00, 0x80, 0x00, 0x80, 0x00, 0x80, 0x00, 0x80,
  0x00, 0x80, 0x69, 0xa0, 0xfa, 0xfd, 0xf1, 0xff, 0xac, 0xff, 0xb2, 0xff,
  0xb2, 0xff, 0xd1, 0xff, 0xf1, 0xff, 0xfb, 0xff, 0xfa, 0xff, 0xd6, 0xff,
  0x8d, 0xff, 0x64, 0xff, 0x44, 0xff, 0x44, 0xff, 0x64, 0xff, 0x88, 0xff,
  0x44, 0xff, 0x44, 0xfc, 0x40, 0xe3, 0x00, 0x8e, 0x00, 0x80, 0x00, 0x80,
  0x00, 0x80, 0x00, 0x80, 0x00, 0x80, 0x00, 0x80, 0x00, 0x80, 0x00, 0x80,
  0x00, 0x79, 0x00, 0x0a, 0x00, 0x25, 0x00, 0x80, 0x00, 0x80, 0x00, 0x80,
  0x00, 0x80, 0x00, 0x80, 0x00, 0x80, 0x00, 0x80, 0x00, 0x80, 0x00, 0x80,
  0x00, 0x80, 0x00, 0x80, 0x00, 0x84, 0xd6, 0xe3, 0xf5, 0xff, 0xf5, 0xff,
  0xd6, 0xff, 0xb2, 0xff, 0x44, 0xff, 0xd6, 0xff, 0xf6, 0xff, 0xff, 0xff,
  0xff, 0xff, 0xda, 0xff, 0x8d, 0xff, 0x44, 0xff, 0x69, 0xff, 0x6d, 0xff,
  0x44, 0xff, 0x68, 0xfe, 0x44, 0xbf, 0x00, 0x9f, 0x00, 0x83, 0x00, 0x80,
  0x00, 0x80, 0x00, 0x80, 0x00, 0x80, 0x00, 0x80, 0x00, 0x80, 0x00, 0x80,
  0x00, 0x80, 0x00, 0x80, 0x00, 0x80, 0x00, 0x25, 0x00, 0x45, 0x00, 0x80,
  0x00, 0x80, 0x00, 0x80, 0x00, 0x80, 0x00, 0x80, 0x00, 0x80, 0x00, 0x80,
  0x00, 0x80, 0x00, 0x80, 0x00, 0x80, 0x00, 0x82, 0xb1, 0xca, 0xfa, 0xfe,
  0xf5, 0xff, 0xf5, 0xff, 0xfb, 0xff, 0x89, 0xff, 0x44, 0xff, 0xd6, 0xff,
  0xff, 0xff, 0xdb, 0xff, 0xd6, 0xff, 0xdb, 0xff, 0xb6, 0xff, 0x44, 0xff,
  0x00, 0xff, 0x69, 0xff, 0x48, 0xff, 0x64, 0xfe, 0x44, 0xa2, 0x00, 0x80,
  0x00, 0x80, 0x00, 0x80, 0x00, 0x80, 0x00, 0x80, 0x00, 0x80, 0x00, 0x80,
  0x00, 0x80, 0x00, 0x80, 0x00, 0x80, 0x00, 0x80, 0x00, 0x80, 0x00, 0x45,
  0x00, 0x5d, 0x00, 0x80, 0x00, 0x80, 0x00, 0x80, 0x00, 0x80, 0x00, 0x80,
  0x00, 0x80, 0x00, 0x80, 0x00, 0x80, 0x00, 0x80, 0x00, 0x82, 0xb1, 0xca,
  0xfa, 0xfe, 0xf5, 0xff, 0xf5, 0xff, 0xf5, 0xff, 0xf5, 0xff, 0xf5, 0xff,
  0xfa, 0xff, 0xff, 0xff, 0x92, 0xff, 0x24, 0xff, 0x24, 0xff, 0x24, 0xff,
  0x69, 0xff, 0xad, 0xff, 0x44, 0xff, 0x69, 0xff, 0x68, 0xff, 0x64, 0xff,
  0x68, 0xc0, 0x00, 0x80, 0x00, 0x80, 0x00, 0x80, 0x00, 0x80, 0x00, 0x80,
  0x00, 0x80, 0x00, 0x80, 0x00, 0x80, 0x00, 0x80, 0x00, 0x80, 0x00, 0x80,
  0x00, 0x80, 0x00, 0x5d, 0x00, 0x6c, 0x00, 0x80, 0x00, 0x80, 0x00, 0x80,
  0x00, 0x80, 0x00, 0x80, 0x00, 0x80, 0x00, 0x80, 0x00, 0x80, 0x00, 0x80,
  0x8d, 0xb3, 0xf5, 0xfe, 0xf5, 0xff, 0xf5, 0xff, 0xf5, 0xff, 0xfa, 0xff,
  0xfa, 0xff, 0xff, 0xff, 0xff, 0xff, 0xff, 0xff, 0x69, 0xff, 0x00, 0xff,
  0x24, 0xff, 0x00, 0xff, 0x00, 0xff, 0xb6, 0xff, 0xd1, 0xff, 0xac, 0xff,
  0xac, 0xff, 0xac, 0xff, 0x8d, 0xec, 0x00, 0x84, 0x00, 0x80, 0x00, 0x80,
  0x00, 0x80, 0x00, 0x80, 0x00, 0x80, 0x00, 0x80, 0x00, 0x80, 0x00, 0x80,
  0x00, 0x80, 0x00, 0x80, 0x00, 0x80, 0x00, 0x6c, 0x00, 0x78, 0x00, 0x80,
  0x00, 0x80, 0x00, 0x80, 0x00, 0x80, 0x00, 0x80, 0x00, 0x80, 0x00, 0x80,
  0x00, 0x80, 0x00, 0x82, 0xff, 0xee, 0xfa, 0xff, 0xfa, 0xff, 0xff, 0xff,
  0xff, 0xff, 0xdb, 0xff, 0xff, 0xff, 0xff, 0xff, 0xff, 0xff, 0xff, 0xff,
  0xd6, 0xff, 0x44, 0xff, 0x00, 0xff, 0x00, 0xff, 0x49, 0xff, 0x92, 0xff,
  0xd6, 0xff, 0xf5, 0xff, 0xd1, 0xff, 0xac, 0xff, 0xad, 0xfe, 0x69, 0xb8,
  0x00, 0x80, 0x00, 0x80, 0x00, 0x80, 0x00, 0x80, 0x00, 0x80, 0x00, 0x80,
  0x00, 0x80, 0x00, 0x80, 0x00, 0x80, 0x00, 0x80, 0x00, 0x80, 0x00, 0x78,
  0x00, 0x7f, 0x00, 0x80, 0x00, 0x80, 0x00, 0x80, 0x00, 0x80, 0x00, 0x80,
  0x00, 0x80, 0x00, 0x80, 0x00, 0x80, 0x00, 0x86, 0xff, 0xf9, 0xff, 0xff,
  0xff, 0xff, 0xff, 0xff, 0xda, 0xff, 0x91, 0xff, 0xb6, 0xff, 0xff, 0xff,
  0xff, 0xff, 0xff, 0xff, 0xdb, 0xff, 0xb2, 0xff, 0x69, 0xff, 0x6d, 0xff,
  0x92, 0xff, 0x92, 0xff, 0x92, 0xff, 0xb6, 0xff, 0xd6, 0xff, 0xb1, 0xff,
  0x68, 0xff, 0x8d, 0xf4, 0x00, 0x8a, 0x00, 0x80, 0x00, 0x80, 0x00, 0x80,
  0x00, 0x80, 0x00, 0x80, 0x00, 0x80, 0x00, 0x80, 0x00, 0x80, 0x00, 0x80,
  0x00, 0x80, 0x00, 0x7f, 0x00, 0x7f, 0x00, 0x80, 0x00, 0x80, 0x00, 0x80,
  0x00, 0x80, 0x00, 0x80, 0x00, 0x80, 0x00, 0x80, 0x00, 0x80, 0x00, 0x80,
  0xdb, 0xe4, 0xff, 0xff, 0xff, 0xff, 0xfb, 0xff, 0xda, 0xff, 0xda, 0xff,
  0xda, 0xff, 0xfb, 0xff, 0xfb, 0xff, 0xdb, 0xff, 0xb6, 0xff, 0x92, 0xff,
  0x8d, 0xff, 0x8d, 0xff, 0x92, 0xff, 0x92, 0xff, 0x92, 0xff, 0x6d, 0xff,
  0x92, 0xff, 0x92, 0xff, 0x8d, 0xff, 0x8d, 0xfe, 0x48, 0xa8, 0x00, 0x80,
  0x00, 0x80, 0x00, 0x80, 0x00, 0x80, 0x00, 0x80, 0x00, 0x80, 0x00, 0x80,
  0x00, 0x80, 0x00, 0x80, 0x00, 0x80, 0x00, 0x7f, 0x00, 0x78, 0x00, 0x80,
  0x00, 0x80, 0x00, 0x80, 0x00, 0x80, 0x00, 0x80, 0x00, 0x80, 0x00, 0x80,
  0x00, 0x80, 0x00, 0x80, 0x92, 0xb2, 0xff, 0xfd, 0xfb, 0xff, 0xdb, 0xff,
  0xda, 0xff, 0xfb, 0xff, 0xff, 0xff, 0xff, 0xff, 0xb6, 0xff, 0x6d, 0xff,
  0x49, 0xff, 0x44, 0xff, 0x48, 0xff, 0x6d, 0xff, 0x6d, 0xff, 0x92, 0xff,
  0x92, 0xff, 0x8d, 0xff, 0x8e, 0xff, 0x92, 0xff, 0x92, 0xff, 0x92, 0xfe,
  0x69, 0xae, 0x00, 0x80, 0x00, 0x80, 0x00, 0x80, 0x00, 0x80, 0x00, 0x80,
  0x00, 0x80, 0x00, 0x80, 0x00, 0x80, 0x00, 0x80, 0x00, 0x80, 0x00, 0x78,
  0x00, 0x6c, 0x00, 0x80, 0x00, 0x80, 0x00, 0x80, 0x00, 0x80, 0x00, 0x80,
  0x00, 0x80, 0x00, 0x80, 0x00, 0x80, 0x00, 0x80, 0x00, 0x88, 0xb6, 0xf5,
  0xd6, 0xff, 0xda, 0xff, 0xda, 0xff, 0xfb, 0xff, 0xff, 0xff, 0xff, 0xff,
  0xff, 0xff, 0xda, 0xff, 0x6d, 0xff, 0x44, 0xff, 0x44, 0xff, 0x49, 0xff,
  0x6d, 0xff, 0x92, 0xff, 0x92, 0xff, 0x92, 0xff, 0x92, 0xff, 0x92, 0xff,
  0x92, 0xff, 0x92, 0xfa, 0x24, 0x92, 0x00, 0x80, 0x00, 0x80, 0x00, 0x80,
  0x00, 0x80, 0x00, 0x80, 0x00, 0x80, 0x00, 0x80, 0x00, 0x80, 0x00, 0x80,
  0x00, 0x80, 0x00, 0x6c, 0x00, 0x5d, 0x00, 0x80, 0x00, 0x80, 0x00, 0x80,
  0x00, 0x80, 0x00, 0x80, 0x00, 0x80, 0x00, 0x80, 0x00, 0x80, 0x00, 0x80,
  0x72, 0xb7, 0x25, 0xfe, 0x89, 0xff, 0xd1, 0xff, 0xd6, 0xff, 0xda, 0xff,
  0xfb, 0xff, 0xdb, 0xff, 0xdb, 0xff, 0xda, 0xff, 0xb6, 0xff, 0x91, 0xff,
  0x8d, 0xff, 0x92, 0xff, 0x92, 0xff, 0x92, 0xff, 0x92, 0xff, 0x92, 0xff,
  0x8e, 0xff, 0x92, 0xff, 0x92, 0xff, 0x92, 0xcf, 0x00, 0x80, 0x00, 0x80,
  0x00, 0x80, 0x00, 0x80, 0x00, 0x80, 0x00, 0x80, 0x00, 0x80, 0x00, 0x80,
  0x00, 0x80, 0x00, 0x80, 0x00, 0x80, 0x00, 0x5d, 0x00, 0x45, 0x00, 0x80,
  0x00, 0x80, 0x00, 0x80, 0x00, 0x80, 0x00, 0x80, 0x00, 0x80, 0x00, 0x80,
  0x00, 0x80, 0x00, 0x80, 0xb6, 0xcf, 0xb7, 0xff, 0x85, 0xff, 0xc4, 0xff,
  0xe9, 0xff, 0xd2, 0xff, 0xd6, 0xff, 0xd6, 0xff, 0xb1, 0xff, 0x8d, 0xff,
  0x8d, 0xff, 0x8d, 0xff, 0x8d, 0xff, 0x8d, 0xff, 0x8d, 0xff, 0x8d, 0xff,
  0x8e, 0xff, 0x6e, 0xff, 0x6d, 0xff, 0x6e, 0xff, 0x92, 0xe9, 0x00, 0x8b,
  0x00, 0x80, 0x00, 0x80, 0x00, 0x80, 0x00, 0x80, 0x00, 0x80, 0x00, 0x80,
  0x00, 0x80, 0x00, 0x80, 0x00, 0x80, 0x00, 0x80, 0x00, 0x80, 0x00, 0x45,
  0x00, 0x25, 0x00, 0x80, 0x00, 0x80, 0x00, 0x80, 0x00, 0x80, 0x00, 0x80,
  0x00, 0x80, 0x00, 0x80, 0x00, 0x80, 0x00, 0x80, 0xb6, 0xdb, 0x97, 0xff,
  0xb7, 0xff, 0xcd, 0xff, 0xe8, 0xff, 0xe8, 0xff, 0xe9, 0xff, 0xcd, 0xff,
  0xad, 0xff, 0x89, 0xff, 0x69, 0xff, 0x69, 0xff, 0x69, 0xff, 0x6d, 0xff,
  0x6d, 0xff, 0x6d, 0xff, 0x6d, 0xff, 0x6d, 0xff, 0x6d, 0xff, 0x69, 0xfe,
  0x44, 0xb0, 0x00, 0x80, 0x00, 0x80, 0x00, 0x80, 0x00, 0x80, 0x00, 0x80,
  0x00, 0x80, 0x00, 0x80, 0x00, 0x80, 0x00, 0x80, 0x00, 0x80, 0x00, 0x80,
  0x00, 0x80, 0x00, 0x25, 0x00, 0x0a, 0x00, 0x79, 0x00, 0x80, 0x00, 0x80,
  0x00, 0x80, 0x00, 0x80, 0x00, 0x80, 0x00, 0x80, 0x00, 0x80, 0x00, 0x80,
  0x49, 0xb6, 0x4e, 0xfe, 0x4e, 0xff, 0x72, 0xff, 0xb2, 0xff, 0xe8, 0xff,
  0xe8, 0xff, 0xe8, 0xff, 0xe9, 0xff, 0xa9, 0xff, 0x89, 0xff, 0x6d, 0xff,
  0x6d, 0xff, 0x6d, 0xff, 0x6d, 0xff, 0x6d, 0xff, 0x6d, 0xff, 0x6d, 0xff,
  0x45, 0xff, 0x40, 0xff, 0x44, 0xf5, 0x00, 0x98, 0x00, 0x80, 0x00, 0x80,
  0x00, 0x80, 0x00, 0x80, 0x00, 0x80, 0x00, 0x80, 0x00, 0x80, 0x00, 0x80,
  0x00, 0x80, 0x00, 0x80, 0x00, 0x79, 0x00, 0x0a, 0x00, 0x00, 0x00, 0x5a,
  0x00, 0x80, 0x00, 0x80, 0x00, 0x80, 0x00, 0x80, 0x00, 0x80, 0x00, 0x80,
  0x00, 0x80, 0x00, 0x80, 0x00, 0x82, 0x05, 0xca, 0x25, 0xfe, 0x25, 0xff,
  0x4e, 0xff, 0x8e, 0xff, 0xa4, 0xff, 0xc4, 0xff, 0xe8, 0xff, 0xe4, 0xff,
  0xc9, 0xff, 0x89, 0xff, 0x6d, 0xff, 0x6d, 0xff, 0x6d, 0xff, 0x6d, 0xff,
  0x49, 0xff, 0x44, 0xff, 0x40, 0xff, 0x60, 0xff, 0x20, 0xff, 0x29, 0xe3,
  0x00, 0x81, 0x00, 0x80, 0x00, 0x80, 0x00, 0x80, 0x00, 0x80, 0x00, 0x80,
  0x00, 0x80, 0x00, 0x80, 0x00, 0x80, 0x00, 0x80, 0x00, 0x5a, 0x00, 0x00,
  0x00, 0x00, 0x00, 0x24, 0x00, 0x80, 0x00, 0x80, 0x00, 0x80, 0x00, 0x80,
  0x00, 0x80, 0x00, 0x80, 0x00, 0x80, 0x00, 0x80, 0x00, 0x88, 0x96, 0xcd,
  0x96, 0xfe, 0x29, 0xff, 0x05, 0xff, 0x25, 0xff, 0x6e, 0xff, 0x84, 0xff,
  0xa4, 0xff, 0xa4, 0xff, 0xc4, 0xff, 0xc4, 0xff, 0xa9, 0xff, 0x8d, 0xff,
  0x6d, 0xff, 0x49, 0xff, 0x40, 0xff, 0x40, 0xff, 0x60, 0xff, 0x40, 0xff,
  0x05, 0xff, 0x09, 0xf2, 0x00, 0x83, 0x00, 0x80, 0x00, 0x80, 0x00, 0x80,
  0x00, 0x80, 0x00, 0x80, 0x00, 0x80, 0x00, 0x80, 0x00, 0x80, 0x00, 0x80,
  0x00, 0x24, 0x00, 0x00, 0x00, 0x00, 0x00, 0x04, 0x00, 0x68, 0x00, 0x80,
  0x00, 0x80, 0x00, 0x80, 0x00, 0x80, 0x00, 0x80, 0x00, 0x80, 0x49, 0x98,
  0xdb, 0xe9, 0xdb, 0xfe, 0xdb, 0xff, 0xbb, 0xff, 0x72, 0xff, 0x29, 0xff,
  0x29, 0xff, 0x6e, 0xff, 0xa4, 0xff, 0xa4, 0xff, 0xa4, 0xff, 0xa4, 0xff,
  0xc4, 0xff, 0xc4, 0xff, 0x89, 0xff, 0x60, 0xff, 0x40, 0xff, 0x40, 0xff,
  0x40, 0xff, 0x20, 0xff, 0x05, 0xfa, 0x00, 0xa7, 0x00, 0x80, 0x00, 0x80,
  0x00, 0x80, 0x00, 0x80, 0x00, 0x80, 0x00, 0x80, 0x00, 0x80, 0x00, 0x80,
  0x00, 0x80, 0x00, 0x68, 0x00, 0x04, 0x00, 0x00, 0x00, 0x00, 0x00, 0x00,
  0x00, 0x2b, 0x00, 0x80, 0x00, 0x80, 0x00, 0x80, 0x00, 0x80, 0x00, 0x80,
  0x6d, 0xa3, 0xdb, 0xf3, 0xdb, 0xff, 0xbb, 0xff, 0xbb, 0xff, 0xbb, 0xff,
  0xbb, 0xff, 0x97, 0xff, 0x72, 0xff, 0x4e, 0xff, 0x45, 0xff, 0x80, 0xff,
  0xa4, 0xff, 0xc4, 0xff, 0xc4, 0xff, 0xc4, 0xff, 0xc4, 0xff, 0xa4, 0xff,
  0x80, 0xff, 0x60, 0xff, 0x40, 0xff, 0x00, 0xff, 0x29, 0xe3, 0x00, 0x83,
  0x00, 0x80, 0x00, 0x80, 0x00, 0x80, 0x00, 0x80, 0x00, 0x80, 0x00, 0x80,
  0x00, 0x80, 0x00, 0x80, 0x00, 0x80, 0x00, 0x2b, 0x00, 0x00, 0x00, 0x00,
  0x00, 0x00, 0x00, 0x00, 0x00, 0x03, 0x00, 0x5f, 0x00, 0x80, 0x00, 0x80,
  0x00, 0x80, 0x6e, 0xad, 0xdb, 0xf9, 0xbb, 0xff, 0xbb, 0xff, 0xbb, 0xff,
  0x97, 0xff, 0xbb, 0xff, 0xbb, 0xff, 0x97, 0xff, 0x97, 0xff, 0x72, 0xff,
  0x4e, 0xff, 0x64, 0xff, 0x80, 0xff, 0x80, 0xff, 0x80, 0xff, 0x80, 0xff,
  0x80, 0xff, 0x60, 0xff, 0x60, 0xff, 0x60, 0xff, 0x20, 0xff, 0x05, 0xff,
  0x2e, 0xfe, 0x29, 0xb9, 0x00, 0x80, 0x00, 0x80, 0x00, 0x80, 0x00, 0x80,
  0x00, 0x80, 0x00, 0x80, 0x00, 0x80, 0x00, 0x80, 0x00, 0x5f, 0x00, 0x03,
  0x00, 0x00, 0x00, 0x00, 0x00, 0x00, 0x00, 0x00, 0x00, 0x00, 0x00, 0x15,
  0x00, 0x77, 0x00, 0x80, 0x6d, 0xa8, 0xdb, 0xf9, 0xbb, 0xff, 0xbb, 0xff,
  0x97, 0xff, 0x97, 0xff, 0x97, 0xff, 0x97, 0xff, 0x97, 0xff, 0x97, 0xff,
  0x96, 0xff, 0x72, 0xff, 0x72, 0xff, 0x29, 0xff, 0x65, 0xff, 0xa4, 0xff,
  0xa0, 0xff, 0x80, 0xff, 0x60, 0xff, 0x60, 0xff, 0x60, 0xff, 0x40, 0xff,
  0x00, 0xff, 0x05, 0xff, 0x2a, 0xff, 0x2e, 0xf6, 0x24, 0x92, 0x00, 0x80,
  0x00, 0x80, 0x00, 0x80, 0x00, 0x80, 0x00, 0x80, 0x00, 0x80, 0x00, 0x77,
  0x00, 0x15, 0x00, 0x00, 0x00, 0x00, 0x00, 0x00, 0x00, 0x00, 0x00, 0x00,
  0x00, 0x00, 0x00, 0x00, 0x00, 0x32, 0x49, 0x9d, 0xdb, 0xf6, 0xbb, 0xff,
  0x9b, 0xff, 0x97, 0xff, 0x72, 0xff, 0x72, 0xff, 0x52, 0xff, 0x76, 0xff,
  0x97, 0xff, 0xb7, 0xff, 0xd6, 0xff, 0xb6, 0xff, 0xb2, 0xff, 0x4e, 0xff,
  0x92, 0xff, 0xb2, 0xff, 0x84, 0xff, 0x80, 0xff, 0x60, 0xff, 0x60, 0xff,
  0x60, 0xff, 0x49, 0xff, 0x04, 0xff, 0x29, 0xff, 0x72, 0xff, 0x2a, 0xff,
  0x4e, 0xd6, 0x00, 0x81, 0x00, 0x80, 0x00, 0x80, 0x00, 0x80, 0x00, 0x80,
  0x00, 0x80, 0x00, 0x32, 0x00, 0x00, 0x00, 0x00, 0x00, 0x00, 0x00, 0x00,
  0x00, 0x00, 0x00, 0x00, 0x00, 0x00, 0x00, 0x00, 0x00, 0x00, 0xb7, 0x8c,
  0xbb, 0xff, 0x97, 0xff, 0x77, 0xff, 0x72, 0xff, 0x4e, 0xff, 0x2e, 0xff,
  0x2a, 0xff, 0x52, 0xff, 0x77, 0xff, 0xb6, 0xff, 0xd6, 0xff, 0xd6, 0xff,
  0xb2, 0xff, 0x72, 0xff, 0x4e, 0xff, 0xdb, 0xff, 0xdb, 0xff, 0xb2, 0xff,
  0x69, 0xff, 0x69, 0xff, 0x6e, 0xff, 0x4d, 0xff, 0x04, 0xff, 0x29, 0xff,
  0x6e, 0xff, 0x2a, 0xff, 0x2a, 0xfb, 0x25, 0x9c, 0x00, 0x80, 0x00, 0x80,
  0x00, 0x80, 0x00, 0x80, 0x00, 0x45, 0x00, 0x00, 0x00, 0x00, 0x00, 0x00,
  0x00, 0x00, 0x00, 0x00, 0x00, 0x00, 0x00, 0x00, 0x00, 0x00, 0x00, 0x00,
  0x00, 0x00, 0x00, 0x04, 0x96, 0xa4, 0x97, 0xff, 0x72, 0xff, 0x2e, 0xff,
  0x29, 0xff, 0x05, 0xff, 0x05, 0xff, 0x4e, 0xff, 0x72, 0xff, 0xd7, 0xff,
  0xd6, 0xff, 0xb2, 0xff, 0xb2, 0xff, 0x4e, 0xff, 0x4e, 0xff, 0xb6, 0xff,
  0xff, 0xff, 0xff, 0xff, 0xdb, 0xff, 0x92, 0xff, 0x72, 0xff, 0x4d, 0xff,
  0x05, 0xff, 0x4e, 0xff, 0x6e, 0xff, 0x29, 0xff, 0x09, 0xff, 0x29, 0xcc,
  0x00, 0x80, 0x00, 0x80, 0x00, 0x80, 0x00, 0x4b, 0x00, 0x04, 0x00, 0x00,
  0x00, 0x00, 0x00, 0x00, 0x00, 0x00, 0x00, 0x00, 0x00, 0x00, 0x00, 0x00,
  0x00, 0x00, 0x00, 0x00, 0x00, 0x00, 0x00, 0x00, 0x00, 0x04, 0x96, 0x98,
  0x97, 0xff, 0x52, 0xff, 0x25, 0xff, 0x05, 0xff, 0x05, 0xff, 0x2e, 0xff,
  0x72, 0xff, 0x92, 0xff, 0xb6, 0xff, 0x92, 0xff, 0x49, 0xff, 0x52, 0xff,
  0x72, 0xff, 0x92, 0xff, 0xff, 0xff, 0xff, 0xff, 0xff, 0xff, 0xdb, 0xff,
  0x92, 0xff, 0x6d, 0xff, 0x05, 0xff, 0x4e, 0xff, 0x72, 0xff, 0x05, 0xff,
  0x05, 0xff, 0x2a, 0xf6, 0x00, 0x88, 0x00, 0x80, 0x00, 0x45, 0x00, 0x04,
  0x00, 0x00, 0x00, 0x00, 0x00, 0x00, 0x00, 0x00, 0x00, 0x00, 0x00, 0x00,
  0x00, 0x00, 0x00, 0x00, 0x00, 0x00, 0x00, 0x00, 0x00, 0x00, 0x00, 0x00,
  0x00, 0x00, 0x00, 0x00, 0x72, 0x74, 0x77, 0xf6, 0x52, 0xff, 0x04, 0xff,
  0x00, 0xff, 0x4e, 0xff, 0x72, 0xff, 0x77, 0xff, 0x4e, 0xff, 0x29, 0xff,
  0x2a, 0xff, 0x73, 0xff, 0x72, 0xff, 0x6e, 0xff, 0xfb, 0xff, 0xff, 0xff,
  0xff, 0xff, 0xdb, 0xff, 0xb6, 0xff, 0x6e, 0xff, 0x29, 0xff, 0x29, 0xff,
  0x2a, 0xff, 0x05, 0xff, 0x05, 0xff, 0x09, 0xfe, 0x29, 0xab, 0x00, 0x32,
  0x00, 0x00, 0x00, 0x00, 0x00, 0x00, 0x00, 0x00, 0x00, 0x00, 0x00, 0x00,
  0x00, 0x00, 0x00, 0x00, 0x00, 0x00, 0x00, 0x00, 0x00, 0x00, 0x00, 0x00,
  0x00, 0x00, 0x00, 0x00, 0x00, 0x00, 0x00, 0x00, 0x00, 0x00, 0x4e, 0x2e,
  0x29, 0xcc, 0x29, 0xff, 0x05, 0xff, 0x4e, 0xff, 0x77, 0xff, 0x77, 0xff,
  0x77, 0xff, 0x73, 0xff, 0x77, 0xff, 0x73, 0xff, 0x52, 0xff, 0x6d, 0xff,
  0xfb, 0xff, 0xff, 0xff, 0xff, 0xff, 0xfb, 0xff, 0xda, 0xff, 0x92, 0xff,
  0x29, 0xff, 0x29, 0xff, 0x2a, 0xff, 0x05, 0xff, 0x05, 0xff, 0x05, 0xcc,
  0x05, 0x2d, 0x00, 0x00, 0x00, 0x00, 0x00, 0x00, 0x00, 0x00, 0x00, 0x00,
  0x00, 0x00, 0x00, 0x00, 0x00, 0x00, 0x00, 0x00, 0x00, 0x00, 0x00, 0x00,
  0x00, 0x00, 0x00, 0x00, 0x00, 0x00, 0x00, 0x00, 0x00, 0x00, 0x00, 0x00,
  0x00, 0x00, 0x00, 0x00, 0x00, 0x03, 0x05, 0x61, 0x29, 0xdf, 0x52, 0xff,
  0x77, 0xff, 0x77, 0xff, 0x97, 0xff, 0x97, 0xff, 0x77, 0xff, 0x73, 0xff,
  0x52, 0xff, 0x6e, 0xff, 0xff, 0xff, 0xff, 0xff, 0xff, 0xff, 0xdb, 0xff,
  0xda, 0xff, 0x92, 0xff, 0x4d, 0xff, 0x29, 0xff, 0x2a, 0xff, 0x05, 0xdf,
  0x05, 0x61, 0x00, 0x03, 0x00, 0x00, 0x00, 0x00, 0x00, 0x00, 0x00, 0x00,
  0x00, 0x00, 0x00, 0x00, 0x00, 0x00, 0x00, 0x00, 0x00, 0x00, 0x00, 0x00,
  0x00, 0x00, 0x00, 0x00, 0x00, 0x00, 0x00, 0x00, 0x00, 0x00, 0x00, 0x00,
  0x00, 0x00, 0x00, 0x00, 0x00, 0x00, 0x00, 0x00, 0x00, 0x00, 0x00, 0x00,
  0x00, 0x04, 0x4e, 0x56, 0x72, 0xbd, 0x97, 0xf9, 0x97, 0xff, 0x97, 0xff,
  0x97, 0xff, 0x73, 0xff, 0x4e, 0xff, 0x92, 0xff, 0xff, 0xff, 0xff, 0xff,
  0xfb, 0xff, 0xdb, 0xff, 0xb6, 0xff, 0x92, 0xff, 0x4d, 0xf9, 0x29, 0xbd,
  0x29, 0x56, 0x00, 0x04, 0x00, 0x00, 0x00, 0x00, 0x00, 0x00, 0x00, 0x00,
  0x00, 0x00, 0x00, 0x00, 0x00, 0x00, 0x00, 0x00, 0x00, 0x00, 0x00, 0x00,
  0x00, 0x00, 0x00, 0x00, 0x00, 0x00, 0x00, 0x00, 0x00, 0x00, 0x00, 0x00,
  0x00, 0x00, 0x00, 0x00, 0x00, 0x00, 0x00, 0x00, 0x00, 0x00, 0x00, 0x00,
  0x00, 0x00, 0x00, 0x00, 0x00, 0x00, 0x00, 0x00, 0x00, 0x00, 0x4d, 0x15,
  0x72, 0x5a, 0x72, 0x91, 0x72, 0xc7, 0x72, 0xe7, 0x4e, 0xf7, 0xb6, 0xfe,
  0xff, 0xfe, 0xfb, 0xf7, 0xdb, 0xe7, 0xb6, 0xc7, 0xb6, 0x91, 0x6e, 0x5a,
  0x25, 0x15, 0x00, 0x00, 0x00, 0x00, 0x00, 0x00, 0x00, 0x00, 0x00, 0x00,
  0x00, 0x00, 0x00, 0x00, 0x00, 0x00, 0x00, 0x00, 0x00, 0x00, 0x00, 0x00,
  0x00, 0x00, 0x00, 0x00, 0x00, 0x00, 0x00, 0x00,
#endif
#if LV_COLOR_DEPTH == 16 && LV_COLOR_16_SWAP == 0
  /*Pixel format: RGB565 LE + alpha*/
  0x00, 0x00, 0x00, 0x00, 0x00, 0x00, 0x00, 0x00, 0x00, 0x00, 0x00, 0x00,
  0x00, 0x00, 0x00, 0x00, 0x00, 0x00, 0x00, 0x00, 0x00, 0x00, 0x00, 0x00,
  0x00, 0x00, 0x00, 0x00, 0x00, 0x00, 0x00, 0x00, 0x00, 0x00, 0x00, 0x00,
  0x00, 0x00, 0x00, 0x00, 0x00, 0x00, 0x00, 0x00, 0x00, 0x00, 0x00, 0x0a,
  0x00, 0x00, 0x25, 0x00, 0x00, 0x45, 0x00, 0x00, 0x5d, 0x00, 0x00, 0x6c,
  0x00, 0x00, 0x78, 0x00, 0x00, 0x7f, 0x00, 0x00, 0x7f, 0x00, 0x00, 0x78,
  0x00, 0x00, 0x6c, 0x00, 0x00, 0x5d, 0x00, 0x00, 0x45, 0x00, 0x00, 0x25,
  0x00, 0x00, 0x0a, 0x00, 0x00, 0x00, 0x00, 0x00, 0x00, 0x00, 0x00, 0x00,
  0x00, 0x00, 0x00, 0x00, 0x00, 0x00, 0x00, 0x00, 0x00, 0x00, 0x00, 0x00,
  0x00, 0x00, 0x00, 0x00, 0x00, 0x00, 0x00, 0x00, 0x00, 0x00, 0x00, 0x00,
  0x00, 0x00, 0x00, 0x00, 0x00, 0x00, 0x00, 0x00, 0x00, 0x00, 0x00, 0x00,
  0x00, 0x00, 0x00, 0x00, 0x00, 0x00, 0x00, 0x00, 0x00, 0x00, 0x00, 0x00,
  0x00, 0x00, 0x00, 0x00, 0x00, 0x00, 0x00, 0x00, 0x00, 0x00, 0x00, 0x00,
  0x00, 0x00, 0x00, 0x00, 0x00, 0x00, 0x00, 0x00, 0x00, 0x00, 0x00, 0x00,
  0x00, 0x00, 0x04, 0x00, 0x00, 0x24, 0x00, 0x00, 0x5a, 0x00, 0x00, 0x79,
  0x00, 0x00, 0x80, 0x00, 0x00, 0x80, 0x00, 0x00, 0x80, 0x00, 0x00, 0x80,
  0x00, 0x00, 0x80, 0x00, 0x00, 0x80, 0x00, 0x00, 0x80, 0x00, 0x00, 0x80,
  0x00, 0x00, 0x80, 0x00, 0x00, 0x80, 0x00, 0x00, 0x80, 0x00, 0x00, 0x80,
  0x00, 0x00, 0x79, 0x00, 0x00, 0x5a, 0x00, 0x00, 0x24, 0x00, 0x00, 0x04,
  0x00, 0x00, 0x00, 0x00, 0x00, 0x00, 0x00, 0x00, 0x00, 0x00, 0x00, 0x00,
  0x00, 0x00, 0x00, 0x00, 0x00, 0x00, 0x00, 0x00, 0x00, 0x00, 0x00, 0x00,
  0x00, 0x00, 0x00, 0x00, 0x00, 0x00, 0x00, 0x00, 0x00, 0x00, 0x00, 0x00,
  0x00, 0x00, 0x00, 0x00, 0x00, 0x00, 0x00, 0x00, 0x00, 0x00, 0x00, 0x00,
  0x00, 0x00, 0x00, 0x00, 0x00, 0x00, 0x00, 0x00, 0x00, 0x00, 0x00, 0x00,
  0x00, 0x00, 0x00, 0x00, 0x00, 0x00, 0x00, 0x00, 0x03, 0x00, 0x00, 0x2b,
  0x00, 0x00, 0x68, 0x00, 0x00, 0x80, 0x00, 0x00, 0x80, 0x00, 0x00, 0x80,
  0x00, 0x00, 0x80, 0x00, 0x00, 0x80, 0x00, 0x00, 0x80, 0x00, 0x00, 0x80,
  0x00, 0x00, 0x80, 0x00, 0x00, 0x80, 0x00, 0x00, 0x80, 0x00, 0x00, 0x80,
  0x00, 0x00, 0x80, 0x00, 0x00, 0x80, 0x00, 0x00, 0x80, 0x00, 0x00, 0x80,
  0x00, 0x00, 0x80, 0x00, 0x00, 0x80, 0x00, 0x00, 0x80, 0x00, 0x00, 0x68,
  0x00, 0x00, 0x2b, 0x00, 0x00, 0x03, 0x00, 0x00, 0x00, 0x00, 0x00, 0x00,
  0x00, 0x00, 0x00, 0x00, 0x00, 0x00, 0x00, 0x00, 0x00, 0x00, 0x00, 0x00,
  0x00, 0x00, 0x00, 0x00, 0x00, 0x00, 0x00, 0x00, 0x00, 0x00, 0x00, 0x00,
  0x00, 0x00, 0x00, 0x00, 0x00, 0x00, 0x00, 0x00, 0x00, 0x00, 0x00, 0x00,
  0x00, 0x00, 0x00, 0x00, 0x00, 0x00, 0x00, 0x00, 0x00, 0x00, 0x00, 0x00,
  0x00, 0x00, 0x00, 0x00, 0x00, 0x15, 0x00, 0x00, 0x5f, 0x00, 0x00, 0x80,
  0x00, 0x00, 0x80, 0x00, 0x00, 0x80, 0x22, 0x41, 0x96, 0x22, 0x49, 0x9c,
  0x00, 0x00, 0x80, 0x00, 0x00, 0x80, 0x00, 0x00, 0x80, 0x00, 0x00, 0x80,
  0x00, 0x00, 0x80, 0x00, 0x00, 0x80, 0x00, 0x00, 0x80, 0x00, 0x00, 0x80,
  0x00, 0x00, 0x80, 0x00, 0x00, 0x80, 0x00, 0x00, 0x80, 0x00, 0x00, 0x80,
  0x00, 0x00, 0x80, 0x00, 0x00, 0x80, 0x00, 0x00, 0x80, 0x00, 0x00, 0x80,
  0x00, 0x00, 0x80, 0x00, 0x00, 0x5f, 0x00, 0x00, 0x15, 0x00, 0x00, 0x00,
  0x00, 0x00, 0x00, 0x00, 0x00, 0x00, 0x00, 0x00, 0x00, 0x00, 0x00, 0x00,
  0x00, 0x00, 0x00, 0x00, 0x00, 0x00, 0x00, 0x00, 0x00, 0x00, 0x00, 0x00,
  0x00, 0x00, 0x00, 0x00, 0x00, 0x00, 0x00, 0x00, 0x00, 0x00, 0x00, 0x00,
  0x00, 0x00, 0x00, 0x00, 0x00, 0x00, 0x00, 0x00, 0x00, 0x00, 0x00, 0x00,
  0x00, 0x00, 0x32, 0x00, 0x00, 0x77, 0x00, 0x00, 0x80, 0x00, 0x00, 0x80,
  0x00, 0x00, 0x80, 0x83, 0x41, 0x96, 0x46, 0xcb, 0xf4, 0x44, 0xb2, 0xf3,
  0x60, 0x18, 0x89, 0x00, 0x00, 0x80, 0x00, 0x00, 0x80, 0x00, 0x00, 0x80,
  0x00, 0x00, 0x80, 0x00, 0x00, 0x80, 0x00, 0x00, 0x80, 0x00, 0x00, 0x80,
  0x00, 0x00, 0x80, 0x00, 0x00, 0x80, 0x00, 0x00, 0x80, 0x00, 0x00, 0x80,
  0x00, 0x00, 0x80, 0x00, 0x00, 0x80, 0x00, 0x00, 0x80, 0x00, 0x00, 0x80,
  0x00, 0x00, 0x80, 0x00, 0x00, 0x80, 0x00, 0x00, 0x77, 0x00, 0x00, 0x32,
  0x00, 0x00, 0x00, 0x00, 0x00, 0x00, 0x00, 0x00, 0x00, 0x00, 0x00, 0x00,
  0x00, 0x00, 0x00, 0x00, 0x00, 0x00, 0x00, 0x00, 0x00, 0x00, 0x00, 0x00,
  0x00, 0x00, 0x00, 0x00, 0x00, 0x00, 0x00, 0x00, 0x00, 0x00, 0x00, 0x00,
  0x00, 0x00, 0x00, 0x00, 0x00, 0x00, 0x00, 0x00, 0x04, 0x00, 0x00, 0x45,
  0x00, 0x00, 0x80, 0x00, 0x00, 0x80, 0x00, 0x00, 0x80, 0x00, 0x00, 0x80,
  0x61, 0x10, 0x85, 0x07, 0xcc, 0xe6, 0x84, 0xc2, 0xff, 0x64, 0xba, 0xff,
  0x24, 0x9a, 0xd0, 0x00, 0x00, 0x81, 0x00, 0x00, 0x80, 0x00, 0x00, 0x80,
  0x00, 0x00, 0x80, 0x00, 0x00, 0x80, 0x00, 0x00, 0x80, 0x00, 0x00, 0x80,
  0x00, 0x00, 0x80, 0x00, 0x00, 0x80, 0x00, 0x00, 0x80, 0x00, 0x00, 0x80,
  0x00, 0x00, 0x80, 0x00, 0x00, 0x80, 0x00, 0x00, 0x80, 0x00, 0x00, 0x80,
  0x00, 0x00, 0x80, 0x00, 0x00, 0x80, 0x00, 0x00, 0x80, 0x00, 0x00, 0x80,
  0x00, 0x00, 0x45, 0x00, 0x00, 0x04, 0x00, 0x00, 0x00, 0x00, 0x00, 0x00,
  0x00, 0x00, 0x00, 0x00, 0x00, 0x00, 0x00, 0x00, 0x00, 0x00, 0x00, 0x00,
  0x00, 0x00, 0x00, 0x00, 0x00, 0x00, 0x00, 0x00, 0x00, 0x00, 0x00, 0x00,
  0x00, 0x00, 0x00, 0x00, 0x00, 0x04, 0x00, 0x00, 0x4b, 0x00, 0x00, 0x80,
  0x00, 0x00, 0x80, 0x00, 0x00, 0x80, 0x00, 0x00, 0x80, 0x00, 0x00, 0x80,
  0x27, 0x93, 0xba, 0xc6, 0xdb, 0xfe, 0x03, 0xb2, 0xff, 0x84, 0xc2, 0xff,
  0x64, 0xc2, 0xff, 0x63, 0x61, 0xb5, 0x41, 0x00, 0x83, 0xa8, 0x21, 0x9c,
  0x68, 0x19, 0xa3, 0x21, 0x00, 0x85, 0x00, 0x00, 0x80, 0x00, 0x00, 0x80,
  0x00, 0x00, 0x80, 0x00, 0x00, 0x80, 0x00, 0x00, 0x80, 0x00, 0x00, 0x80,
  0x00, 0x00, 0x80, 0x00, 0x00, 0x80, 0x00, 0x00, 0x80, 0x00, 0x00, 0x80,
  0x60, 0x10, 0x85, 0xc5, 0x92, 0xc0, 0x22, 0x51, 0xa8, 0x00, 0x00, 0x80,
  0x00, 0x00, 0x80, 0x00, 0x00, 0x4b, 0x00, 0x00, 0x04, 0x00, 0x00, 0x00,
  0x00, 0x00, 0x00, 0x00, 0x00, 0x00, 0x00, 0x00, 0x00, 0x00, 0x00, 0x00,
  0x00, 0x00, 0x00, 0x00, 0x00, 0x00, 0x00, 0x00, 0x00, 0x00, 0x00, 0x00,
  0x00, 0x00, 0x00, 0x00, 0x00, 0x45, 0x00, 0x00, 0x80, 0x00, 0x00, 0x80,
  0x00, 0x00, 0x80, 0x00, 0x00, 0x80, 0x00, 0x00, 0x80, 0xa1, 0x18, 0x88,
  0x68, 0xdc, 0xf3, 0xa6, 0xdb, 0xff, 0x29, 0xd4, 0xff, 0x46, 0xcb, 0xff,
  0x84, 0xba, 0xff, 0x2c, 0x83, 0xf7, 0x51, 0x43, 0xec, 0x8e, 0x32, 0xff,
  0x2c, 0x22, 0xff, 0xcb, 0x19, 0xde, 0x21, 0x00, 0x84, 0x00, 0x00, 0x80,
  0x00, 0x00, 0x80, 0x00, 0x00, 0x80, 0x00, 0x00, 0x80, 0x00, 0x00, 0x80,
  0x00, 0x00, 0x80, 0x00, 0x00, 0x80, 0x40, 0x08, 0x83, 0x04, 0x72, 0xa9,
  0x86, 0xc3, 0xe7, 0x64, 0xaa, 0xff, 0x43, 0x59, 0xda, 0x00, 0x00, 0x80,
  0x00, 0x00, 0x80, 0x00, 0x00, 0x80, 0x00, 0x00, 0x45, 0x00, 0x00, 0x00,
  0x00, 0x00, 0x00, 0x00, 0x00, 0x00, 0x00, 0x00, 0x00, 0x00, 0x00, 0x00,
  0x00, 0x00, 0x00, 0x00, 0x00, 0x00, 0x00, 0x00, 0x00, 0x00, 0x00, 0x00,
  0x00, 0x00, 0x32, 0x00, 0x00, 0x80, 0x00, 0x00, 0x80, 0x00, 0x00, 0x80,
  0x00, 0x00, 0x80, 0x00, 0x00, 0x80, 0x00, 0x00, 0x80, 0xa6, 0x82, 0xb0,
  0x27, 0xdc, 0xfe, 0xc6, 0xdb, 0xff, 0x11, 0xee, 0xff, 0x32, 0xee, 0xff,
  0x30, 0x9c, 0xff, 0x8d, 0x3a, 0xff, 0x8a, 0x19, 0xff, 0x89, 0x19, 0xff,
  0x8a, 0x19, 0xff, 0xec, 0x21, 0xff, 0xc5, 0x10, 0x99, 0x00, 0x00, 0x80,
  0x00, 0x00, 0x80, 0x00, 0x00, 0x80, 0x00, 0x00, 0x80, 0x00, 0x00, 0x80,
  0x00, 0x00, 0x80, 0xc4, 0x59, 0x9e, 0x46, 0xc3, 0xe6, 0x23, 0xaa, 0xfe,
  0x22, 0x71, 0xff, 0xc1, 0x50, 0xff, 0x83, 0x59, 0xea, 0x00, 0x00, 0x80,
  0x00, 0x00, 0x80, 0x00, 0x00, 0x80, 0x00, 0x00, 0x80, 0x00, 0x00, 0x32,
  0x00, 0x00, 0x00, 0x00, 0x00, 0x00, 0x00, 0x00, 0x00, 0x00, 0x00, 0x00,
  0x00, 0x00, 0x00, 0x00, 0x00, 0x00, 0x00, 0x00, 0x00, 0x00, 0x00, 0x15,
  0x00, 0x00, 0x77, 0x00, 0x00, 0x80, 0x00, 0x00, 0x80, 0x00, 0x00, 0x80,
  0x00, 0x00, 0x80, 0x00, 0x00, 0x80, 0x00, 0x00, 0x80, 0x66, 0xab, 0xcf,
  0xc6, 0xdb, 0xff, 0x85, 0xd3, 0xff, 0xd0, 0xed, 0xff, 0xd6, 0xbd, 0xff,
  0x6d, 0x3a, 0xff, 0x68, 0x19, 0xff, 0x27, 0x11, 0xff, 0x06, 0x19, 0xff,
  0x67, 0x31, 0xff, 0x0e, 0x53, 0xff, 0x8f, 0x6b, 0xbf, 0xaf, 0x73, 0xad,
  0x4d, 0x6b, 0xa1, 0xe3, 0x18, 0x88, 0x20, 0x00, 0x81, 0x00, 0x00, 0x80,
  0xa3, 0x49, 0x98, 0x07, 0xdc, 0xf8, 0x43, 0xb2, 0xff, 0xe2, 0x50, 0xff,
  0xa1, 0x40, 0xff, 0xe2, 0x48, 0xff, 0x83, 0x59, 0xf2, 0x00, 0x00, 0x81,
  0x00, 0x00, 0x80, 0x00, 0x00, 0x80, 0x00, 0x00, 0x80, 0x00, 0x00, 0x77,
  0x00, 0x00, 0x15, 0x00, 0x00, 0x00, 0x00, 0x00, 0x00, 0x00, 0x00, 0x00,
  0x00, 0x00, 0x00, 0x00, 0x00, 0x00, 0x00, 0x00, 0x03, 0x00, 0x00, 0x5f,
  0x00, 0x00, 0x80, 0x00, 0x00, 0x80, 0x00, 0x00, 0x80, 0x00, 0x00, 0x80,
  0x00, 0x00, 0x80, 0x00, 0x00, 0x80, 0x00, 0x00, 0x80, 0xa7, 0xbb, 0xe0,
  0xa5, 0xd3, 0xff, 0xc6, 0xd3, 0xff, 0x34, 0xe6, 0xff, 0xb1, 0x63, 0xff,
  0x48, 0x21, 0xff, 0xe7, 0x51, 0xff, 0xa9, 0xa3, 0xff, 0x6b, 0xcc, 0xff,
  0x6d, 0xe5, 0xff, 0x7c, 0xf7, 0xff, 0xbe, 0xf7, 0xff, 0xde, 0xff, 0xff,
  0xff, 0xff, 0xff, 0x7b, 0xf7, 0xfa, 0x30, 0xc5, 0xd4, 0x47, 0x52, 0x9b,
  0x8a, 0xd4, 0xe2, 0x25, 0xd3, 0xff, 0x22, 0x71, 0xff, 0xe6, 0x59, 0xff,
  0x67, 0x6a, 0xff, 0xe5, 0x61, 0xff, 0x63, 0x59, 0xed, 0x00, 0x00, 0x80,
  0x00, 0x00, 0x80, 0x00, 0x00, 0x80, 0x00, 0x00, 0x80, 0x00, 0x00, 0x80,
  0x00, 0x00, 0x5f, 0x00, 0x00, 0x03, 0x00, 0x00, 0x00, 0x00, 0x00, 0x00,
  0x00, 0x00, 0x00, 0x00, 0x00, 0x00, 0x00, 0x00, 0x2b, 0x00, 0x00, 0x80,
  0x00, 0x00, 0x80, 0x00, 0x00, 0x80, 0x00, 0x00, 0x80, 0x00, 0x00, 0x80,
  0x00, 0x00, 0x80, 0x00, 0x00, 0x80, 0x00, 0x00, 0x80, 0x46, 0xb3, 0xd8,
  0xa5, 0xd3, 0xff, 0xea, 0xec, 0xff, 0x16, 0xce, 0xff, 0x0a, 0x3a, 0xff,
  0xa9, 0xa3, 0xff, 0xa8, 0xc3, 0xff, 0xc3, 0x89, 0xff, 0xe1, 0x68, 0xff,
  0xa3, 0x81, 0xff, 0x96, 0xee, 0xff, 0x9d, 0xf7, 0xff, 0xbd, 0xf7, 0xff,
  0xbd, 0xff, 0xff, 0xf1, 0xf5, 0xff, 0xca, 0xe4, 0xff, 0x0d, 0xdd, 0xfe,
  0x4d, 0xe5, 0xff, 0x64, 0xaa, 0xff, 0x84, 0x61, 0xff, 0x88, 0x6a, 0xff,
  0xa8, 0x6a, 0xff, 0xa4, 0x61, 0xff, 0x43, 0x51, 0xde, 0x00, 0x00, 0x80,
  0x00, 0x00, 0x80, 0x00, 0x00, 0x80, 0x00, 0x00, 0x80, 0x00, 0x00, 0x80,
  0x00, 0x00, 0x80, 0x00, 0x00, 0x2b, 0x00, 0x00, 0x00, 0x00, 0x00, 0x00,
  0x00, 0x00, 0x00, 0x00, 0x00, 0x04, 0x00, 0x00, 0x68, 0x00, 0x00, 0x80,
  0x00, 0x00, 0x80, 0x00, 0x00, 0x80, 0x00, 0x00, 0x80, 0x00, 0x00, 0x80,
  0x00, 0x00, 0x80, 0x00, 0x00, 0x80, 0x00, 0x00, 0x80, 0x44, 0x7a, 0xb6,
  0xc6, 0xd3, 0xfe, 0x32, 0xf6, 0xff, 0x14, 0xa5, 0xff, 0xeb, 0x9b, 0xff,
  0x08, 0xc4, 0xff, 0x42, 0x71, 0xff, 0x82, 0x79, 0xff, 0xc3, 0x81, 0xff,
  0x43, 0x9a, 0xff, 0xd3, 0xdd, 0xff, 0x3b, 0xef, 0xff, 0x3b, 0xef, 0xff,
  0xb8, 0xee, 0xff, 0xc5, 0xaa, 0xff, 0x22, 0x69, 0xff, 0x22, 0x59, 0xff,
  0x88, 0xab, 0xff, 0x08, 0x93, 0xff, 0x43, 0x61, 0xff, 0x88, 0x6a, 0xff,
  0x47, 0x62, 0xff, 0x23, 0x51, 0xff, 0x02, 0x41, 0xc6, 0x00, 0x00, 0x80,
  0x00, 0x00, 0x80, 0x00, 0x00, 0x80, 0x00, 0x00, 0x80, 0x00, 0x00, 0x80,
  0x00, 0x00, 0x80, 0x00, 0x00, 0x68, 0x00, 0x00, 0x04, 0x00, 0x00, 0x00,
  0x00, 0x00, 0x00, 0x00, 0x00, 0x24, 0x00, 0x00, 0x80, 0x00, 0x00, 0x80,
  0x00, 0x00, 0x80, 0x00, 0x00, 0x80, 0x00, 0x00, 0x80, 0x00, 0x00, 0x80,
  0x00, 0x00, 0x80, 0x00, 0x00, 0x80, 0x00, 0x00, 0x80, 0x40, 0x08, 0x84,
  0x64, 0x9a, 0xdf, 0xc7, 0xd3, 0xfe, 0x6d, 0xb4, 0xff, 0xef, 0xf5, 0xff,
  0xe6, 0xd3, 0xff, 0x23, 0x9a, 0xff, 0x03, 0x92, 0xff, 0xa4, 0xaa, 0xff,
  0x25, 0xc3, 0xff, 0x14, 0xe6, 0xff, 0xd9, 0xe6, 0xff, 0x98, 0xde, 0xff,
  0xd0, 0xbc, 0xff, 0xa3, 0x71, 0xff, 0x62, 0x61, 0xff, 0x01, 0x51, 0xff,
  0xe2, 0x48, 0xff, 0xe8, 0x8a, 0xff, 0x48, 0x5a, 0xff, 0x89, 0x6a, 0xff,
  0x84, 0x51, 0xff, 0x02, 0x51, 0xfd, 0xc2, 0x30, 0xa4, 0x00, 0x00, 0x80,
  0x00, 0x00, 0x80, 0x00, 0x00, 0x80, 0x00, 0x00, 0x80, 0x00, 0x00, 0x80,
  0x00, 0x00, 0x80, 0x00, 0x00, 0x80, 0x00, 0x00, 0x24, 0x00, 0x00, 0x00,
  0x00, 0x00, 0x00, 0x00, 0x00, 0x5a, 0x00, 0x00, 0x80, 0x00, 0x00, 0x80,
  0x00, 0x00, 0x80, 0x00, 0x00, 0x80, 0x00, 0x00, 0x80, 0x00, 0x00, 0x80,
  0x00, 0x00, 0x80, 0x00, 0x00, 0x80, 0x00, 0x00, 0x80, 0x00, 0x00, 0x80,
  0x20, 0x08, 0x85, 0x01, 0x59, 0xbc, 0xaf, 0xe5, 0xfd, 0x4b, 0xed, 0xff,
  0x85, 0xd3, 0xff, 0x05, 0xb3, 0xff, 0x66, 0xbb, 0xff, 0x86, 0xcb, 0xff,
  0xc5, 0xdb, 0xff, 0x76, 0xe6, 0xff, 0x98, 0xde, 0xff, 0x16, 0xce, 0xff,
  0xcc, 0xa3, 0xff, 0x82, 0x69, 0xff, 0x42, 0x61, 0xff, 0x41, 0x61, 0xff,
  0x62, 0x59, 0xff, 0xe8, 0x8a, 0xff, 0xaa, 0x62, 0xff, 0xa9, 0x6a, 0xff,
  0x23, 0x49, 0xff, 0x02, 0x49, 0xdf, 0x00, 0x00, 0x82, 0x00, 0x00, 0x80,
  0x00, 0x00, 0x80, 0x00, 0x00, 0x80, 0x00, 0x00, 0x80, 0x00, 0x00, 0x80,
  0x00, 0x00, 0x80, 0x00, 0x00, 0x80, 0x00, 0x00, 0x5a, 0x00, 0x00, 0x00,
  0x00, 0x00, 0x0a, 0x00, 0x00, 0x79, 0x00, 0x00, 0x80, 0x00, 0x00, 0x80,
  0x00, 0x00, 0x80, 0x00, 0x00, 0x80, 0x00, 0x00, 0x80, 0x00, 0x00, 0x80,
  0x00, 0x00, 0x80, 0x00, 0x00, 0x80, 0x00, 0x00, 0x80, 0x00, 0x00, 0x80,
  0x00, 0x00, 0x80, 0xa8, 0x62, 0xa0, 0x31, 0xf6, 0xfd, 0xc9, 0xec, 0xff,
  0xa7, 0xbb, 0xff, 0xb0, 0xac, 0xff, 0xd1, 0xac, 0xff, 0xab, 0xd4, 0xff,
  0x88, 0xe4, 0xff, 0xf9, 0xee, 0xff, 0x97, 0xe6, 0xff, 0xf5, 0xcd, 0xff,
  0x6b, 0x93, 0xff, 0x62, 0x61, 0xff, 0x23, 0x51, 0xff, 0x42, 0x59, 0xff,
  0x62, 0x61, 0xff, 0x86, 0x82, 0xff, 0xa5, 0x51, 0xff, 0x23, 0x49, 0xfc,
  0xe2, 0x40, 0xe3, 0x40, 0x10, 0x8e, 0x00, 0x00, 0x80, 0x00, 0x00, 0x80,
  0x00, 0x00, 0x80, 0x00, 0x00, 0x80, 0x00, 0x00, 0x80, 0x00, 0x00, 0x80,
  0x00, 0x00, 0x80, 0x00, 0x00, 0x80, 0x00, 0x00, 0x79, 0x00, 0x00, 0x0a,
  0x00, 0x00, 0x25, 0x00, 0x00, 0x80, 0x00, 0x00, 0x80, 0x00, 0x00, 0x80,
  0x00, 0x00, 0x80, 0x00, 0x00, 0x80, 0x00, 0x00, 0x80, 0x00, 0x00, 0x80,
  0x00, 0x00, 0x80, 0x00, 0x00, 0x80, 0x00, 0x00, 0x80, 0x00, 0x00, 0x80,
  0x61, 0x08, 0x84, 0xb0, 0xdd, 0xe3, 0xce, 0xf5, 0xff, 0x0a, 0xed, 0xff,
  0xf5, 0xd5, 0xff, 0xb1, 0xa4, 0xff, 0x64, 0x51, 0xff, 0x71, 0xdd, 0xff,
  0xd0, 0xed, 0xff, 0x5b, 0xf7, 0xff, 0x1a, 0xef, 0xff, 0x77, 0xde, 0xff,
  0xcc, 0x9b, 0xff, 0xe6, 0x59, 0xff, 0xeb, 0x62, 0xff, 0x4d, 0x73, 0xff,
  0x62, 0x59, 0xff, 0x45, 0x7a, 0xfe, 0x64, 0x41, 0xbf, 0x60, 0x18, 0x9f,
  0x00, 0x00, 0x83, 0x00, 0x00, 0x80, 0x00, 0x00, 0x80, 0x00, 0x00, 0x80,
  0x00, 0x00, 0x80, 0x00, 0x00, 0x80, 0x00, 0x00, 0x80, 0x00, 0x00, 0x80,
  0x00, 0x00, 0x80, 0x00, 0x00, 0x80, 0x00, 0x00, 0x80, 0x00, 0x00, 0x25,
  0x00, 0x00, 0x45, 0x00, 0x00, 0x80, 0x00, 0x00, 0x80, 0x00, 0x00, 0x80,
  0x00, 0x00, 0x80, 0x00, 0x00, 0x80, 0x00, 0x00, 0x80, 0x00, 0x00, 0x80,
  0x00, 0x00, 0x80, 0x00, 0x00, 0x80, 0x00, 0x00, 0x80, 0x40, 0x08, 0x82,
  0xcd, 0xb4, 0xca, 0x30, 0xf6, 0xfe, 0xce, 0xf5, 0xff, 0xad, 0xf5, 0xff,
  0xf8, 0xf6, 0xff, 0xa8, 0x82, 0xff, 0x83, 0x59, 0xff, 0x70, 0xdd, 0xff,
  0x5a, 0xf7, 0xff, 0x79, 0xd6, 0xff, 0xd6, 0xc5, 0xff, 0x38, 0xce, 0xff,
  0x32, 0xbd, 0xff, 0xa5, 0x59, 0xff, 0x40, 0x10, 0xff, 0xea, 0x7a, 0xff,
  0x06, 0x5a, 0xff, 0xe4, 0x71, 0xfe, 0xc6, 0x49, 0xa2, 0x00, 0x00, 0x80,
  0x00, 0x00, 0x80, 0x00, 0x00, 0x80, 0x00, 0x00, 0x80, 0x00, 0x00, 0x80,
  0x00, 0x00, 0x80, 0x00, 0x00, 0x80, 0x00, 0x00, 0x80, 0x00, 0x00, 0x80,
  0x00, 0x00, 0x80, 0x00, 0x00, 0x80, 0x00, 0x00, 0x80, 0x00, 0x00, 0x45,
  0x00, 0x00, 0x5d, 0x00, 0x00, 0x80, 0x00, 0x00, 0x80, 0x00, 0x00, 0x80,
  0x00, 0x00, 0x80, 0x00, 0x00, 0x80, 0x00, 0x00, 0x80, 0x00, 0x00, 0x80,
  0x00, 0x00, 0x80, 0x00, 0x00, 0x80, 0x41, 0x08, 0x82, 0xad, 0xb4, 0xca,
  0x10, 0xf6, 0xfe, 0xef, 0xf5, 0xff, 0xad, 0xf5, 0xff, 0x8c, 0xf5, 0xff,
  0x8c, 0xf5, 0xff, 0xcf, 0xf5, 0xff, 0xb6, 0xf6, 0xff, 0xde, 0xff, 0xff,
  0x92, 0x9c, 0xff, 0x86, 0x39, 0xff, 0x66, 0x31, 0xff, 0x66, 0x31, 0xff,
  0xec, 0x62, 0xff, 0x8b, 0xa3, 0xff, 0x63, 0x59, 0xff, 0xc9, 0x7a, 0xff,
  0x26, 0x6a, 0xff, 0xe4, 0x69, 0xff, 0x67, 0x6a, 0xc0, 0x00, 0x00, 0x80,
  0x00, 0x00, 0x80, 0x00, 0x00, 0x80, 0x00, 0x00, 0x80, 0x00, 0x00, 0x80,
  0x00, 0x00, 0x80, 0x00, 0x00, 0x80, 0x00, 0x00, 0x80, 0x00, 0x00, 0x80,
  0x00, 0x00, 0x80, 0x00, 0x00, 0x80, 0x00, 0x00, 0x80, 0x00, 0x00, 0x5d,
  0x00, 0x00, 0x6c, 0x00, 0x00, 0x80, 0x00, 0x00, 0x80, 0x00, 0x00, 0x80,
  0x00, 0x00, 0x80, 0x00, 0x00, 0x80, 0x00, 0x00, 0x80, 0x00, 0x00, 0x80,
  0x00, 0x00, 0x80, 0x00, 0x00, 0x80, 0xed, 0x8b, 0xb3, 0xef, 0xf5, 0xfe,
  0x8d, 0xf5, 0xff, 0x8d, 0xf5, 0xff, 0xae, 0xf5, 0xff, 0x11, 0xf6, 0xff,
  0x94, 0xf6, 0xff, 0x5a, 0xff, 0xff, 0xff, 0xff, 0xff, 0xde, 0xff, 0xff,
  0xca, 0x62, 0xff, 0x41, 0x08, 0xff, 0x04, 0x29, 0xff, 0x41, 0x08, 0xff,
  0xa3, 0x10, 0xff, 0x14, 0xa5, 0xff, 0x6a, 0xd4, 0xff, 0x87, 0xbb, 0xff,
  0xa7, 0xbb, 0xff, 0x47, 0xab, 0xff, 0x29, 0x93, 0xec, 0x41, 0x08, 0x84,
  0x00, 0x00, 0x80, 0x00, 0x00, 0x80, 0x00, 0x00, 0x80, 0x00, 0x00, 0x80,
  0x00, 0x00, 0x80, 0x00, 0x00, 0x80, 0x00, 0x00, 0x80, 0x00, 0x00, 0x80,
  0x00, 0x00, 0x80, 0x00, 0x00, 0x80, 0x00, 0x00, 0x80, 0x00, 0x00, 0x6c,
  0x00, 0x00, 0x78, 0x00, 0x00, 0x80, 0x00, 0x00, 0x80, 0x00, 0x00, 0x80,
  0x00, 0x00, 0x80, 0x00, 0x00, 0x80, 0x00, 0x00, 0x80, 0x00, 0x00, 0x80,
  0x00, 0x00, 0x80, 0x41, 0x08, 0x82, 0x1b, 0xe7, 0xee, 0x53, 0xf6, 0xff,
  0x11, 0xf6, 0xff, 0x19, 0xf7, 0xff, 0x5c, 0xf7, 0xff, 0xb9, 0xde, 0xff,
  0x9d, 0xf7, 0xff, 0xff, 0xff, 0xff, 0xde, 0xff, 0xff, 0x9d, 0xf7, 0xff,
  0xd5, 0xc5, 0xff, 0xc7, 0x41, 0xff, 0xa3, 0x18, 0xff, 0xc3, 0x18, 0xff,
  0xac, 0x52, 0xff, 0x73, 0x8c, 0xff, 0xf6, 0xcd, 0xff, 0x2d, 0xe5, 0xff,
  0x28, 0xd4, 0xff, 0x66, 0xbb, 0xff, 0x48, 0xa3, 0xfe, 0x88, 0x6a, 0xb8,
  0x00, 0x00, 0x80, 0x00, 0x00, 0x80, 0x00, 0x00, 0x80, 0x00, 0x00, 0x80,
  0x00, 0x00, 0x80, 0x00, 0x00, 0x80, 0x00, 0x00, 0x80, 0x00, 0x00, 0x80,
  0x00, 0x00, 0x80, 0x00, 0x00, 0x80, 0x00, 0x00, 0x80, 0x00, 0x00, 0x78,
  0x00, 0x00, 0x7f, 0x00, 0x00, 0x80, 0x00, 0x00, 0x80, 0x00, 0x00, 0x80,
  0x00, 0x00, 0x80, 0x00, 0x00, 0x80, 0x00, 0x00, 0x80, 0x00, 0x00, 0x80,
  0x00, 0x00, 0x80, 0xa2, 0x10, 0x86, 0x7d, 0xf7, 0xf9, 0xbd, 0xff, 0xff,
  0x9d, 0xf7, 0xff, 0x5b, 0xef, 0xff, 0x36, 0xd6, 0xff, 0x4f, 0x9c, 0xff,
  0x74, 0xbd, 0xff, 0xbe, 0xff, 0xff, 0x9d, 0xf7, 0xff, 0x3b, 0xef, 0xff,
  0x78, 0xde, 0xff, 0xf2, 0xac, 0xff, 0xeb, 0x62, 0xff, 0xae, 0x7b, 0xff,
  0x10, 0x84, 0xff, 0x72, 0x8c, 0xff, 0xd4, 0x94, 0xff, 0x54, 0xb5, 0xff,
  0x94, 0xc5, 0xff, 0x2f, 0xa4, 0xff, 0x87, 0x7a, 0xff, 0x4a, 0x9b, 0xf4,
  0xa2, 0x18, 0x8a, 0x00, 0x00, 0x80, 0x00, 0x00, 0x80, 0x00, 0x00, 0x80,
  0x00, 0x00, 0x80, 0x00, 0x00, 0x80, 0x00, 0x00, 0x80, 0x00, 0x00, 0x80,
  0x00, 0x00, 0x80, 0x00, 0x00, 0x80, 0x00, 0x00, 0x80, 0x00, 0x00, 0x7f,
  0x00, 0x00, 0x7f, 0x00, 0x00, 0x80, 0x00, 0x00, 0x80, 0x00, 0x00, 0x80,
  0x00, 0x00, 0x80, 0x00, 0x00, 0x80, 0x00, 0x00, 0x80, 0x00, 0x00, 0x80,
  0x00, 0x00, 0x80, 0x00, 0x00, 0x80, 0xba, 0xde, 0xe4, 0x7c, 0xf7, 0xff,
  0x5c, 0xf7, 0xff, 0xda, 0xe6, 0xff, 0x16, 0xd6, 0xff, 0x16, 0xd6, 0xff,
  0x57, 0xd6, 0xff, 0xb9, 0xe6, 0xff, 0xfa, 0xe6, 0xff, 0x78, 0xde, 0xff,
  0x74, 0xbd, 0xff, 0x70, 0x9c, 0xff, 0xce, 0x83, 0xff, 0xef, 0x83, 0xff,
  0x10, 0x84, 0xff, 0x52, 0x8c, 0xff, 0x73, 0x8c, 0xff, 0x8d, 0x7b, 0xff,
  0x30, 0x8c, 0xff, 0x51, 0x8c, 0xff, 0xef, 0x83, 0xff, 0x09, 0x8b, 0xfe,
  0x07, 0x52, 0xa8, 0x00, 0x00, 0x80, 0x00, 0x00, 0x80, 0x00, 0x00, 0x80,
  0x00, 0x00, 0x80, 0x00, 0x00, 0x80, 0x00, 0x00, 0x80, 0x00, 0x00, 0x80,
  0x00, 0x00, 0x80, 0x00, 0x00, 0x80, 0x00, 0x00, 0x80, 0x00, 0x00, 0x7f,
  0x00, 0x00, 0x78, 0x00, 0x00, 0x80, 0x00, 0x00, 0x80, 0x00, 0x00, 0x80,
  0x00, 0x00, 0x80, 0x00, 0x00, 0x80, 0x00, 0x00, 0x80, 0x00, 0x00, 0x80,
  0x00, 0x00, 0x80, 0x00, 0x00, 0x80, 0x50, 0x8c, 0xb2, 0x3b, 0xf7, 0xfd,
  0xfa, 0xee, 0xff, 0x98, 0xde, 0xff, 0x77, 0xde, 0xff, 0xd9, 0xe6, 0xff,
  0x7c, 0xf7, 0xff, 0x5c, 0xef, 0xff, 0x13, 0xb5, 0xff, 0x2b, 0x7b, 0xff,
  0x68, 0x5a, 0xff, 0xc6, 0x41, 0xff, 0x27, 0x52, 0xff, 0x4c, 0x73, 0xff,
  0xcf, 0x7b, 0xff, 0x30, 0x84, 0xff, 0x31, 0x8c, 0xff, 0xef, 0x83, 0xff,
  0xf0, 0x83, 0xff, 0x10, 0x84, 0xff, 0x51, 0x8c, 0xff, 0xb3, 0x94, 0xfe,
  0xec, 0x62, 0xae, 0x00, 0x00, 0x80, 0x00, 0x00, 0x80, 0x00, 0x00, 0x80,
  0x00, 0x00, 0x80, 0x00, 0x00, 0x80, 0x00, 0x00, 0x80, 0x00, 0x00, 0x80,
  0x00, 0x00, 0x80, 0x00, 0x00, 0x80, 0x00, 0x00, 0x80, 0x00, 0x00, 0x78,
  0x00, 0x00, 0x6c, 0x00, 0x00, 0x80, 0x00, 0x00, 0x80, 0x00, 0x00, 0x80,
  0x00, 0x00, 0x80, 0x00, 0x00, 0x80, 0x00, 0x00, 0x80, 0x00, 0x00, 0x80,
  0x00, 0x00, 0x80, 0x00, 0x00, 0x80, 0xa2, 0x10, 0x88, 0x54, 0xb5, 0xf5,
  0xf5, 0xd5, 0xff, 0x36, 0xd6, 0xff, 0x56, 0xde, 0xff, 0xb8, 0xe6, 0xff,
  0x1a, 0xef, 0xff, 0x5c, 0xf7, 0xff, 0x5c, 0xf7, 0xff, 0x17, 0xce, 0xff,
  0x4c, 0x7b, 0xff, 0xe7, 0x49, 0xff, 0x86, 0x41, 0xff, 0x29, 0x4a, 0xff,
  0xaf, 0x7b, 0xff, 0x52, 0x8c, 0xff, 0x51, 0x8c, 0xff, 0x10, 0x84, 0xff,
  0x10, 0x84, 0xff, 0x10, 0x84, 0xff, 0x51, 0x84, 0xff, 0xf5, 0x9c, 0xfa,
  0x86, 0x31, 0x92, 0x00, 0x00, 0x80, 0x00, 0x00, 0x80, 0x00, 0x00, 0x80,
  0x00, 0x00, 0x80, 0x00, 0x00, 0x80, 0x00, 0x00, 0x80, 0x00, 0x00, 0x80,
  0x00, 0x00, 0x80, 0x00, 0x00, 0x80, 0x00, 0x00, 0x80, 0x00, 0x00, 0x6c,
  0x00, 0x00, 0x5d, 0x00, 0x00, 0x80, 0x00, 0x00, 0x80, 0x00, 0x00, 0x80,
  0x00, 0x00, 0x80, 0x00, 0x00, 0x80, 0x00, 0x00, 0x80, 0x00, 0x00, 0x80,
  0x00, 0x00, 0x80, 0x00, 0x00, 0x80, 0x31, 0x7c, 0xb7, 0xe9, 0x39, 0xfe,
  0x69, 0x92, 0xff, 0x6f, 0xcc, 0xff, 0xb4, 0xcd, 0xff, 0x57, 0xde, 0xff,
  0x98, 0xe6, 0xff, 0x98, 0xde, 0xff, 0x78, 0xde, 0xff, 0x77, 0xde, 0xff,
  0x33, 0xb5, 0xff, 0x0f, 0x8c, 0xff, 0xef, 0x83, 0xff, 0x10, 0x84, 0xff,
  0x51, 0x8c, 0xff, 0x31, 0x8c, 0xff, 0x10, 0x84, 0xff, 0x10, 0x84, 0xff,
  0xf0, 0x83, 0xff, 0x10, 0x84, 0xff, 0x52, 0x8c, 0xff, 0x51, 0x84, 0xcf,
  0x00, 0x00, 0x80, 0x00, 0x00, 0x80, 0x00, 0x00, 0x80, 0x00, 0x00, 0x80,
  0x00, 0x00, 0x80, 0x00, 0x00, 0x80, 0x00, 0x00, 0x80, 0x00, 0x00, 0x80,
  0x00, 0x00, 0x80, 0x00, 0x00, 0x80, 0x00, 0x00, 0x80, 0x00, 0x00, 0x5d,
  0x00, 0x00, 0x45, 0x00, 0x00, 0x80, 0x00, 0x00, 0x80, 0x00, 0x00, 0x80,
  0x00, 0x00, 0x80, 0x00, 0x00, 0x80, 0x00, 0x00, 0x80, 0x00, 0x00, 0x80,
  0x00, 0x00, 0x80, 0x00, 0x00, 0x80, 0x76, 0xa5, 0xcf, 0xb8, 0xa5, 0xff,
  0xe8, 0x81, 0xff, 0x86, 0xd9, 0xff, 0xc9, 0xe2, 0xff, 0xb0, 0xdc, 0xff,
  0xb4, 0xd5, 0xff, 0x94, 0xcd, 0xff, 0x4f, 0xac, 0xff, 0xcd, 0x9b, 0xff,
  0x8c, 0x8b, 0xff, 0x6c, 0x83, 0xff, 0x6d, 0x83, 0xff, 0xae, 0x83, 0xff,
  0xcf, 0x83, 0xff, 0xef, 0x83, 0xff, 0xf0, 0x83, 0xff, 0xd0, 0x7b, 0xff,
  0xcf, 0x7b, 0xff, 0xf0, 0x7b, 0xff, 0x31, 0x84, 0xe9, 0xe3, 0x18, 0x8b,
  0x00, 0x00, 0x80, 0x00, 0x00, 0x80, 0x00, 0x00, 0x80, 0x00, 0x00, 0x80,
  0x00, 0x00, 0x80, 0x00, 0x00, 0x80, 0x00, 0x00, 0x80, 0x00, 0x00, 0x80,
  0x00, 0x00, 0x80, 0x00, 0x00, 0x80, 0x00, 0x00, 0x80, 0x00, 0x00, 0x45,
  0x00, 0x00, 0x25, 0x00, 0x00, 0x80, 0x00, 0x00, 0x80, 0x00, 0x00, 0x80,
  0x00, 0x00, 0x80, 0x00, 0x00, 0x80, 0x00, 0x00, 0x80, 0x00, 0x00, 0x80,
  0x00, 0x00, 0x80, 0x00, 0x00, 0x80, 0x97, 0xa5, 0xdb, 0xda, 0x9d, 0xff,
  0xd9, 0xad, 0xff, 0x6d, 0xd3, 0xff, 0x06, 0xe2, 0xff, 0x07, 0xea, 0xff,
  0xc9, 0xea, 0xff, 0xed, 0xd3, 0xff, 0xcd, 0xa3, 0xff, 0xea, 0x8a, 0xff,
  0xa9, 0x7a, 0xff, 0xc9, 0x7a, 0xff, 0xea, 0x7a, 0xff, 0x2c, 0x7b, 0xff,
  0x8e, 0x7b, 0xff, 0xaf, 0x7b, 0xff, 0xaf, 0x7b, 0xff, 0xaf, 0x7b, 0xff,
  0x6e, 0x73, 0xff, 0xec, 0x62, 0xfe, 0x87, 0x41, 0xb0, 0x00, 0x00, 0x80,
  0x00, 0x00, 0x80, 0x00, 0x00, 0x80, 0x00, 0x00, 0x80, 0x00, 0x00, 0x80,
  0x00, 0x00, 0x80, 0x00, 0x00, 0x80, 0x00, 0x00, 0x80, 0x00, 0x00, 0x80,
  0x00, 0x00, 0x80, 0x00, 0x00, 0x80, 0x00, 0x00, 0x80, 0x00, 0x00, 0x25,
  0x00, 0x00, 0x0a, 0x00, 0x00, 0x79, 0x00, 0x00, 0x80, 0x00, 0x00, 0x80,
  0x00, 0x00, 0x80, 0x00, 0x00, 0x80, 0x00, 0x00, 0x80, 0x00, 0x00, 0x80,
  0x00, 0x00, 0x80, 0x00, 0x00, 0x80, 0xac, 0x4a, 0xb6, 0xb2, 0x5b, 0xfe,
  0xf3, 0x5b, 0xff, 0xb6, 0x7c, 0xff, 0x11, 0xb4, 0xff, 0x47, 0xe2, 0xff,
  0x47, 0xea, 0xff, 0x27, 0xea, 0xff, 0x68, 0xe2, 0xff, 0xca, 0xaa, 0xff,
  0xeb, 0x82, 0xff, 0x0b, 0x7b, 0xff, 0x2c, 0x7b, 0xff, 0x4d, 0x7b, 0xff,
  0x6e, 0x73, 0xff, 0x8e, 0x73, 0xff, 0x6e, 0x73, 0xff, 0x0d, 0x63, 0xff,
  0xe8, 0x51, 0xff, 0xa4, 0x58, 0xff, 0x26, 0x41, 0xf5, 0xa4, 0x08, 0x98,
  0x00, 0x00, 0x80, 0x00, 0x00, 0x80, 0x00, 0x00, 0x80, 0x00, 0x00, 0x80,
  0x00, 0x00, 0x80, 0x00, 0x00, 0x80, 0x00, 0x00, 0x80, 0x00, 0x00, 0x80,
  0x00, 0x00, 0x80, 0x00, 0x00, 0x80, 0x00, 0x00, 0x79, 0x00, 0x00, 0x0a,
  0x00, 0x00, 0x00, 0x00, 0x00, 0x5a, 0x00, 0x00, 0x80, 0x00, 0x00, 0x80,
  0x00, 0x00, 0x80, 0x00, 0x00, 0x80, 0x00, 0x00, 0x80, 0x00, 0x00, 0x80,
  0x00, 0x00, 0x80, 0x00, 0x00, 0x80, 0x20, 0x00, 0x82, 0x68, 0x19, 0xca,
  0xaa, 0x21, 0xfe, 0xeb, 0x21, 0xff, 0x30, 0x43, 0xff, 0x71, 0x83, 0xff,
  0x65, 0xa9, 0xff, 0xe6, 0xd1, 0xff, 0x27, 0xea, 0xff, 0xe6, 0xe1, 0xff,
  0x28, 0xca, 0xff, 0xeb, 0x92, 0xff, 0x4d, 0x7b, 0xff, 0x4e, 0x73, 0xff,
  0x4e, 0x73, 0xff, 0x2d, 0x6b, 0xff, 0x8b, 0x5a, 0xff, 0x05, 0x51, 0xff,
  0x63, 0x58, 0xff, 0x84, 0x60, 0xff, 0xc5, 0x30, 0xff, 0x0d, 0x22, 0xe3,
  0x00, 0x00, 0x81, 0x00, 0x00, 0x80, 0x00, 0x00, 0x80, 0x00, 0x00, 0x80,
  0x00, 0x00, 0x80, 0x00, 0x00, 0x80, 0x00, 0x00, 0x80, 0x00, 0x00, 0x80,
  0x00, 0x00, 0x80, 0x00, 0x00, 0x80, 0x00, 0x00, 0x5a, 0x00, 0x00, 0x00,
  0x00, 0x00, 0x00, 0x00, 0x00, 0x24, 0x00, 0x00, 0x80, 0x00, 0x00, 0x80,
  0x00, 0x00, 0x80, 0x00, 0x00, 0x80, 0x00, 0x00, 0x80, 0x00, 0x00, 0x80,
  0x00, 0x00, 0x80, 0x00, 0x00, 0x80, 0xe3, 0x18, 0x88, 0x35, 0x9d, 0xcd,
  0x57, 0x95, 0xfe, 0xcf, 0x3a, 0xff, 0x48, 0x11, 0xff, 0xeb, 0x21, 0xff,
  0x50, 0x63, 0xff, 0x86, 0x99, 0xff, 0x03, 0xa1, 0xff, 0x44, 0xb9, 0xff,
  0x65, 0xd1, 0xff, 0x86, 0xd1, 0xff, 0x6a, 0xb2, 0xff, 0x4e, 0x83, 0xff,
  0x2e, 0x6b, 0xff, 0x09, 0x52, 0xff, 0x83, 0x58, 0xff, 0x62, 0x58, 0xff,
  0x63, 0x60, 0xff, 0x83, 0x58, 0xff, 0x08, 0x19, 0xff, 0x0d, 0x1a, 0xf2,
  0x20, 0x00, 0x83, 0x00, 0x00, 0x80, 0x00, 0x00, 0x80, 0x00, 0x00, 0x80,
  0x00, 0x00, 0x80, 0x00, 0x00, 0x80, 0x00, 0x00, 0x80, 0x00, 0x00, 0x80,
  0x00, 0x00, 0x80, 0x00, 0x00, 0x80, 0x00, 0x00, 0x24, 0x00, 0x00, 0x00,
  0x00, 0x00, 0x00, 0x00, 0x00, 0x04, 0x00, 0x00, 0x68, 0x00, 0x00, 0x80,
  0x00, 0x00, 0x80, 0x00, 0x00, 0x80, 0x00, 0x00, 0x80, 0x00, 0x00, 0x80,
  0x00, 0x00, 0x80, 0x28, 0x4a, 0x98, 0x7a, 0xce, 0xe9, 0xdd, 0xc6, 0xfe,
  0xdc, 0xce, 0xff, 0x7b, 0xb6, 0xff, 0x75, 0x6c, 0xff, 0x6d, 0x32, 0xff,
  0x2c, 0x2a, 0xff, 0x10, 0x63, 0xff, 0x65, 0xb9, 0xff, 0xa5, 0xb9, 0xff,
  0x65, 0xb1, 0xff, 0x04, 0xb9, 0xff, 0x45, 0xc9, 0xff, 0xc7, 0xc9, 0xff,
  0x09, 0x8a, 0xff, 0xa3, 0x70, 0xff, 0x42, 0x58, 0xff, 0x42, 0x58, 0xff,
  0x62, 0x50, 0xff, 0x42, 0x20, 0xff, 0x6a, 0x11, 0xfa, 0xe5, 0x08, 0xa7,
  0x00, 0x00, 0x80, 0x00, 0x00, 0x80, 0x00, 0x00, 0x80, 0x00, 0x00, 0x80,
  0x00, 0x00, 0x80, 0x00, 0x00, 0x80, 0x00, 0x00, 0x80, 0x00, 0x00, 0x80,
  0x00, 0x00, 0x80, 0x00, 0x00, 0x68, 0x00, 0x00, 0x04, 0x00, 0x00, 0x00,
  0x00, 0x00, 0x00, 0x00, 0x00, 0x00, 0x00, 0x00, 0x2b, 0x00, 0x00, 0x80,
  0x00, 0x00, 0x80, 0x00, 0x00, 0x80, 0x00, 0x00, 0x80, 0x00, 0x00, 0x80,
  0x2d, 0x63, 0xa3, 0xbb, 0xce, 0xf3, 0xbc, 0xc6, 0xff, 0x9c, 0xb6, 0xff,
  0x7c, 0xb6, 0xff, 0x9c, 0xb6, 0xff, 0x5b, 0xae, 0xff, 0xda, 0x95, 0xff,
  0x75, 0x6c, 0xff, 0x72, 0x4b, 0xff, 0xea, 0x59, 0xff, 0xa3, 0x90, 0xff,
  0x24, 0xb1, 0xff, 0x85, 0xc1, 0xff, 0xa6, 0xc9, 0xff, 0xc6, 0xd9, 0xff,
  0xa6, 0xc9, 0xff, 0x25, 0xa9, 0xff, 0xa3, 0x80, 0xff, 0x43, 0x60, 0xff,
  0x62, 0x50, 0xff, 0xa6, 0x10, 0xff, 0x4d, 0x2a, 0xe3, 0x21, 0x00, 0x83,
  0x00, 0x00, 0x80, 0x00, 0x00, 0x80, 0x00, 0x00, 0x80, 0x00, 0x00, 0x80,
  0x00, 0x00, 0x80, 0x00, 0x00, 0x80, 0x00, 0x00, 0x80, 0x00, 0x00, 0x80,
  0x00, 0x00, 0x80, 0x00, 0x00, 0x2b, 0x00, 0x00, 0x00, 0x00, 0x00, 0x00,
  0x00, 0x00, 0x00, 0x00, 0x00, 0x00, 0x00, 0x00, 0x03, 0x00, 0x00, 0x5f,
  0x00, 0x00, 0x80, 0x00, 0x00, 0x80, 0x00, 0x00, 0x80, 0xf0, 0x7b, 0xad,
  0xfd, 0xce, 0xf9, 0xbc, 0xbe, 0xff, 0x7c, 0xb6, 0xff, 0x3b, 0xa6, 0xff,
  0xfa, 0x9d, 0xff, 0x3b, 0xae, 0xff, 0x1b, 0xa6, 0xff, 0xfa, 0x9d, 0xff,
  0x78, 0x8d, 0xff, 0x55, 0x6c, 0xff, 0x72, 0x4b, 0xff, 0x06, 0x61, 0xff,
  0xa3, 0x90, 0xff, 0xa3, 0x90, 0xff, 0xa3, 0x90, 0xff, 0x83, 0x88, 0xff,
  0x83, 0x80, 0xff, 0x63, 0x70, 0xff, 0x42, 0x68, 0xff, 0x42, 0x60, 0xff,
  0x42, 0x28, 0xff, 0x29, 0x11, 0xff, 0x53, 0x3b, 0xfe, 0x8d, 0x3a, 0xb9,
  0x00, 0x00, 0x80, 0x00, 0x00, 0x80, 0x00, 0x00, 0x80, 0x00, 0x00, 0x80,
  0x00, 0x00, 0x80, 0x00, 0x00, 0x80, 0x00, 0x00, 0x80, 0x00, 0x00, 0x80,
  0x00, 0x00, 0x5f, 0x00, 0x00, 0x03, 0x00, 0x00, 0x00, 0x00, 0x00, 0x00,
  0x00, 0x00, 0x00, 0x00, 0x00, 0x00, 0x00, 0x00, 0x00, 0x00, 0x00, 0x15,
  0x00, 0x00, 0x77, 0x00, 0x00, 0x80, 0x8e, 0x6b, 0xa8, 0xfc, 0xce, 0xf9,
  0x9c, 0xbe, 0xff, 0x3b, 0xa6, 0xff, 0xda, 0x95, 0xff, 0x79, 0x85, 0xff,
  0x38, 0x85, 0xff, 0xda, 0x9d, 0xff, 0xda, 0x95, 0xff, 0xda, 0x95, 0xff,
  0x37, 0x95, 0xff, 0x54, 0x74, 0xff, 0x76, 0x64, 0xff, 0x8e, 0x3a, 0xff,
  0xe8, 0x71, 0xff, 0x24, 0xa9, 0xff, 0xe4, 0xa0, 0xff, 0x83, 0x80, 0xff,
  0x42, 0x68, 0xff, 0x42, 0x60, 0xff, 0x22, 0x60, 0xff, 0x83, 0x50, 0xff,
  0xa4, 0x10, 0xff, 0xab, 0x19, 0xff, 0xf2, 0x2a, 0xff, 0x53, 0x3b, 0xf6,
  0x46, 0x21, 0x92, 0x00, 0x00, 0x80, 0x00, 0x00, 0x80, 0x00, 0x00, 0x80,
  0x00, 0x00, 0x80, 0x00, 0x00, 0x80, 0x00, 0x00, 0x80, 0x00, 0x00, 0x77,
  0x00, 0x00, 0x15, 0x00, 0x00, 0x00, 0x00, 0x00, 0x00, 0x00, 0x00, 0x00,
  0x00, 0x00, 0x00, 0x00, 0x00, 0x00, 0x00, 0x00, 0x00, 0x00, 0x00, 0x00,
  0x00, 0x00, 0x32, 0xcb, 0x52, 0x9d, 0xbc, 0xc6, 0xf6, 0x7c, 0xb6, 0xff,
  0x1a, 0x9e, 0xff, 0x79, 0x85, 0xff, 0xd7, 0x74, 0xff, 0x76, 0x64, 0xff,
  0x55, 0x5c, 0xff, 0x17, 0x7d, 0xff, 0x79, 0x85, 0xff, 0xd9, 0xa5, 0xff,
  0xd6, 0xc5, 0xff, 0x53, 0xb5, 0xff, 0xf3, 0xa4, 0xff, 0xd4, 0x53, 0xff,
  0x11, 0x84, 0xff, 0x71, 0xac, 0xff, 0xe7, 0x99, 0xff, 0x83, 0x88, 0xff,
  0x42, 0x68, 0xff, 0x22, 0x60, 0xff, 0xc5, 0x60, 0xff, 0x8c, 0x52, 0xff,
  0x06, 0x19, 0xff, 0xaf, 0x3a, 0xff, 0x14, 0x64, 0xff, 0xb1, 0x2a, 0xff,
  0x50, 0x4b, 0xd6, 0x00, 0x00, 0x81, 0x00, 0x00, 0x80, 0x00, 0x00, 0x80,
  0x00, 0x00, 0x80, 0x00, 0x00, 0x80, 0x00, 0x00, 0x80, 0x00, 0x00, 0x32,
  0x00, 0x00, 0x00, 0x00, 0x00, 0x00, 0x00, 0x00, 0x00, 0x00, 0x00, 0x00,
  0x00, 0x00, 0x00, 0x00, 0x00, 0x00, 0x00, 0x00, 0x00, 0x00, 0x00, 0x00,
  0x00, 0x00, 0x00, 0xb8, 0xa5, 0x8c, 0x5b, 0xae, 0xff, 0xda, 0x95, 0xff,
  0x38, 0x7d, 0xff, 0x56, 0x64, 0xff, 0x93, 0x43, 0xff, 0x10, 0x3b, 0xff,
  0xf0, 0x3a, 0xff, 0x34, 0x5c, 0xff, 0x18, 0x7d, 0xff, 0xf7, 0xbd, 0xff,
  0xd3, 0xdd, 0xff, 0x50, 0xd5, 0xff, 0xd2, 0xac, 0xff, 0x55, 0x64, 0xff,
  0x50, 0x5b, 0xff, 0xb9, 0xde, 0xff, 0x99, 0xde, 0xff, 0x50, 0xa4, 0xff,
  0x29, 0x72, 0xff, 0x2a, 0x6a, 0xff, 0xb1, 0x73, 0xff, 0x0e, 0x5b, 0xff,
  0x27, 0x11, 0xff, 0x8e, 0x3a, 0xff, 0x71, 0x7b, 0xff, 0x90, 0x2a, 0xff,
  0xd1, 0x2a, 0xfb, 0xa8, 0x21, 0x9c, 0x00, 0x00, 0x80, 0x00, 0x00, 0x80,
  0x00, 0x00, 0x80, 0x00, 0x00, 0x80, 0x00, 0x00, 0x45, 0x00, 0x00, 0x00,
  0x00, 0x00, 0x00, 0x00, 0x00, 0x00, 0x00, 0x00, 0x00, 0x00, 0x00, 0x00,
  0x00, 0x00, 0x00, 0x00, 0x00, 0x00, 0x00, 0x00, 0x00, 0x00, 0x00, 0x00,
  0x00, 0x00, 0x00, 0x00, 0x00, 0x04, 0x57, 0x8d, 0xa4, 0x99, 0x8d, 0xff,
  0xb7, 0x6c, 0xff, 0x31, 0x3b, 0xff, 0x0d, 0x22, 0xff, 0xab, 0x19, 0xff,
  0xcb, 0x19, 0xff, 0x51, 0x4b, 0xff, 0xd7, 0x6c, 0xff, 0xf8, 0xc5, 0xff,
  0x51, 0xc5, 0xff, 0x90, 0xa4, 0xff, 0xb2, 0xa4, 0xff, 0xb3, 0x53, 0xff,
  0xb3, 0x53, 0xff, 0x55, 0xad, 0xff, 0x5c, 0xf7, 0xff, 0x5c, 0xef, 0xff,
  0x58, 0xce, 0xff, 0xb4, 0x94, 0xff, 0x12, 0x7c, 0xff, 0x2e, 0x5b, 0xff,
  0x48, 0x11, 0xff, 0x10, 0x43, 0xff, 0x92, 0x6b, 0xff, 0x6f, 0x2a, 0xff,
  0x4f, 0x1a, 0xff, 0x8e, 0x2a, 0xcc, 0x00, 0x00, 0x80, 0x00, 0x00, 0x80,
  0x00, 0x00, 0x80, 0x00, 0x00, 0x4b, 0x00, 0x00, 0x04, 0x00, 0x00, 0x00,
  0x00, 0x00, 0x00, 0x00, 0x00, 0x00, 0x00, 0x00, 0x00, 0x00, 0x00, 0x00,
  0x00, 0x00, 0x00, 0x00, 0x00, 0x00, 0x00, 0x00, 0x00, 0x00, 0x00, 0x00,
  0x00, 0x00, 0x00, 0x00, 0x00, 0x00, 0x00, 0x00, 0x04, 0x17, 0x85, 0x98,
  0x79, 0x85, 0xff, 0x56, 0x5c, 0xff, 0xec, 0x21, 0xff, 0x29, 0x09, 0xff,
  0x28, 0x09, 0xff, 0x10, 0x3b, 0xff, 0xb7, 0x6c, 0xff, 0xd4, 0x9c, 0xff,
  0x13, 0xad, 0xff, 0x71, 0x9c, 0xff, 0x2a, 0x4a, 0xff, 0x14, 0x5c, 0xff,
  0x76, 0x64, 0xff, 0x11, 0x84, 0xff, 0x3b, 0xef, 0xff, 0x7c, 0xf7, 0xff,
  0x3b, 0xef, 0xff, 0x58, 0xce, 0xff, 0xb4, 0x94, 0xff, 0x4f, 0x63, 0xff,
  0xaa, 0x19, 0xff, 0x71, 0x53, 0xff, 0x34, 0x6c, 0xff, 0xec, 0x19, 0xff,
  0xed, 0x11, 0xff, 0x90, 0x22, 0xf6, 0x82, 0x08, 0x88, 0x00, 0x00, 0x80,
  0x00, 0x00, 0x45, 0x00, 0x00, 0x04, 0x00, 0x00, 0x00, 0x00, 0x00, 0x00,
  0x00, 0x00, 0x00, 0x00, 0x00, 0x00, 0x00, 0x00, 0x00, 0x00, 0x00, 0x00,
  0x00, 0x00, 0x00, 0x00, 0x00, 0x00, 0x00, 0x00, 0x00, 0x00, 0x00, 0x00,
  0x00, 0x00, 0x00, 0x00, 0x00, 0x00, 0x00, 0x00, 0x00, 0x00, 0x00, 0x00,
  0xd6, 0x74, 0x74, 0x38, 0x7d, 0xf6, 0x15, 0x5c, 0xff, 0x07, 0x11, 0xff,
  0xa5, 0x08, 0xff, 0x10, 0x43, 0xff, 0xd7, 0x6c, 0xff, 0x18, 0x7d, 0xff,
  0x50, 0x4b, 0xff, 0x0b, 0x2a, 0xff, 0xf0, 0x3a, 0xff, 0xf8, 0x74, 0xff,
  0xb6, 0x6c, 0xff, 0x90, 0x73, 0xff, 0xfa, 0xe6, 0xff, 0x7d, 0xf7, 0xff,
  0x5c, 0xef, 0xff, 0xda, 0xde, 0xff, 0xb6, 0xbd, 0xff, 0xd1, 0x73, 0xff,
  0x2c, 0x2a, 0xff, 0x4e, 0x22, 0xff, 0xd0, 0x32, 0xff, 0x6a, 0x11, 0xff,
  0xcc, 0x11, 0xff, 0x2e, 0x1a, 0xfe, 0x2c, 0x2a, 0xab, 0x00, 0x00, 0x32,
  0x00, 0x00, 0x00, 0x00, 0x00, 0x00, 0x00, 0x00, 0x00, 0x00, 0x00, 0x00,
  0x00, 0x00, 0x00, 0x00, 0x00, 0x00, 0x00, 0x00, 0x00, 0x00, 0x00, 0x00,
  0x00, 0x00, 0x00, 0x00, 0x00, 0x00, 0x00, 0x00, 0x00, 0x00, 0x00, 0x00,
  0x00, 0x00, 0x00, 0x00, 0x00, 0x00, 0x00, 0x00, 0x00, 0x00, 0x00, 0x00,
  0x00, 0x00, 0x00, 0x30, 0x43, 0x2e, 0x8f, 0x2a, 0xcc, 0x8d, 0x3a, 0xff,
  0x68, 0x19, 0xff, 0x92, 0x4b, 0xff, 0x18, 0x75, 0xff, 0x59, 0x7d, 0xff,
  0x59, 0x7d, 0xff, 0xf8, 0x74, 0xff, 0x18, 0x75, 0xff, 0xf8, 0x74, 0xff,
  0x55, 0x5c, 0xff, 0x8f, 0x73, 0xff, 0xda, 0xe6, 0xff, 0x7c, 0xf7, 0xff,
  0x5c, 0xef, 0xff, 0xda, 0xe6, 0xff, 0x17, 0xc6, 0xff, 0x73, 0x84, 0xff,
  0xae, 0x3a, 0xff, 0x2e, 0x22, 0xff, 0x90, 0x22, 0xff, 0x29, 0x09, 0xff,
  0xac, 0x11, 0xff, 0xed, 0x11, 0xcc, 0xec, 0x19, 0x2d, 0x00, 0x00, 0x00,
  0x00, 0x00, 0x00, 0x00, 0x00, 0x00, 0x00, 0x00, 0x00, 0x00, 0x00, 0x00,
  0x00, 0x00, 0x00, 0x00, 0x00, 0x00, 0x00, 0x00, 0x00, 0x00, 0x00, 0x00,
  0x00, 0x00, 0x00, 0x00, 0x00, 0x00, 0x00, 0x00, 0x00, 0x00, 0x00, 0x00,
  0x00, 0x00, 0x00, 0x00, 0x00, 0x00, 0x00, 0x00, 0x00, 0x00, 0x00, 0x00,
  0x00, 0x00, 0x00, 0x00, 0x00, 0x00, 0x00, 0x00, 0x03, 0xcb, 0x19, 0x61,
  0x0b, 0x2a, 0xdf, 0x14, 0x54, 0xff, 0x18, 0x75, 0xff, 0x59, 0x7d, 0xff,
  0x79, 0x85, 0xff, 0x79, 0x85, 0xff, 0x38, 0x7d, 0xff, 0xf8, 0x74, 0xff,
  0x14, 0x5c, 0xff, 0xf0, 0x7b, 0xff, 0x1b, 0xe7, 0xff, 0x7c, 0xf7, 0xff,
  0x3b, 0xef, 0xff, 0xba, 0xde, 0xff, 0x17, 0xc6, 0xff, 0xb4, 0x94, 0xff,
  0x2f, 0x4b, 0xff, 0x6f, 0x22, 0xff, 0x90, 0x22, 0xff, 0x08, 0x09, 0xdf,
  0x49, 0x09, 0x61, 0x00, 0x00, 0x03, 0x00, 0x00, 0x00, 0x00, 0x00, 0x00,
  0x00, 0x00, 0x00, 0x00, 0x00, 0x00, 0x00, 0x00, 0x00, 0x00, 0x00, 0x00,
  0x00, 0x00, 0x00, 0x00, 0x00, 0x00, 0x00, 0x00, 0x00, 0x00, 0x00, 0x00,
  0x00, 0x00, 0x00, 0x00, 0x00, 0x00, 0x00, 0x00, 0x00, 0x00, 0x00, 0x00,
  0x00, 0x00, 0x00, 0x00, 0x00, 0x00, 0x00, 0x00, 0x00, 0x00, 0x00, 0x00,
  0x00, 0x00, 0x00, 0x00, 0x00, 0x00, 0x00, 0x00, 0x00, 0x00, 0x00, 0x00,
  0x00, 0x00, 0x04, 0xb2, 0x53, 0x56, 0xb6, 0x6c, 0xbd, 0x79, 0x85, 0xf9,
  0xba, 0x8d, 0xff, 0x9a, 0x8d, 0xff, 0x58, 0x85, 0xff, 0xf8, 0x6c, 0xff,
  0xd3, 0x53, 0xff, 0x92, 0x94, 0xff, 0x3c, 0xef, 0xff, 0x5c, 0xef, 0xff,
  0xfb, 0xe6, 0xff, 0x78, 0xd6, 0xff, 0x96, 0xbd, 0xff, 0x93, 0x8c, 0xff,
  0x2f, 0x53, 0xf9, 0x6e, 0x22, 0xbd, 0x2d, 0x22, 0x56, 0x00, 0x00, 0x04,
  0x00, 0x00, 0x00, 0x00, 0x00, 0x00, 0x00, 0x00, 0x00, 0x00, 0x00, 0x00,
  0x00, 0x00, 0x00, 0x00, 0x00, 0x00, 0x00, 0x00, 0x00, 0x00, 0x00, 0x00,
  0x00, 0x00, 0x00, 0x00, 0x00, 0x00, 0x00, 0x00, 0x00, 0x00, 0x00, 0x00,
  0x00, 0x00, 0x00, 0x00, 0x00, 0x00, 0x00, 0x00, 0x00, 0x00, 0x00, 0x00,
  0x00, 0x00, 0x00, 0x00, 0x00, 0x00, 0x00, 0x00, 0x00, 0x00, 0x00, 0x00,
  0x00, 0x00, 0x00, 0x00, 0x00, 0x00, 0x00, 0x00, 0x00, 0x00, 0x00, 0x00,
  0x00, 0x00, 0x00, 0x00, 0x00, 0x00, 0x00, 0x00, 0x00, 0x6f, 0x53, 0x15,
  0x95, 0x6c, 0x5a, 0xf7, 0x7c, 0x91, 0x75, 0x64, 0xc7, 0x96, 0x64, 0xe7,
  0x71, 0x53, 0xf7, 0x55, 0xad, 0xfe, 0x3b, 0xef, 0xfe, 0xfb, 0xe6, 0xf7,
  0x78, 0xd6, 0xe7, 0xb6, 0xbd, 0xc7, 0x14, 0xa5, 0x91, 0xb0, 0x73, 0x5a,
  0xe9, 0x39, 0x15, 0x00, 0x00, 0x00, 0x00, 0x00, 0x00, 0x00, 0x00, 0x00,
  0x00, 0x00, 0x00, 0x00, 0x00, 0x00, 0x00, 0x00, 0x00, 0x00, 0x00, 0x00,
  0x00, 0x00, 0x00, 0x00, 0x00, 0x00, 0x00, 0x00, 0x00, 0x00, 0x00, 0x00,
  0x00, 0x00, 0x00, 0x00, 0x00, 0x00, 0x00, 0x00, 0x00, 0x00, 0x00, 0x00,
#endif
#if LV_COLOR_DEPTH == 16 && LV_COLOR_16_SWAP != 0
  /*Pixel format: RGB565 byte-swapped + alpha*/
  0x00, 0x00, 0x00, 0x00, 0x00, 0x00, 0x00, 0x00, 0x00, 0x00, 0x00, 0x00,
  0x00, 0x00, 0x00, 0x00, 0x00, 0x00, 0x00, 0x00, 0x00, 0x00, 0x00, 0x00,
  0x00, 0x00, 0x00, 0x00, 0x00, 0x00, 0x00, 0x00, 0x00, 0x00, 0x00, 0x00,
  0x00, 0x00, 0x00, 0x00, 0x00, 0x00, 0x00, 0x00, 0x00, 0x00, 0x00, 0x0a,
  0x00, 0x00, 0x25, 0x00, 0x00, 0x45, 0x00, 0x00, 0x5d, 0x00, 0x00, 0x6c,
  0x00, 0x00, 0x78, 0x00, 0x00, 0x7f, 0x00, 0x00, 0x7f, 0x00, 0x00, 0x78,
  0x00, 0x00, 0x6c, 0x00, 0x00, 0x5d, 0x00, 0x00, 0x45, 0x00, 0x00, 0x25,
  0x00, 0x00, 0x0a, 0x00, 0x00, 0x00, 0x00, 0x00, 0x00, 0x00, 0x00, 0x00,
  0x00, 0x00, 0x00, 0x00, 0x00, 0x00, 0x00, 0x00, 0x00, 0x00, 0x00, 0x00,
  0x00, 0x00, 0x00, 0x00, 0x00, 0x00, 0x00, 0x00, 0x00, 0x00, 0x00, 0x00,
  0x00, 0x00, 0x00, 0x00, 0x00, 0x00, 0x00, 0x00, 0x00, 0x00, 0x00, 0x00,
  0x00, 0x00, 0x00, 0x00, 0x00, 0x00, 0x00, 0x00, 0x00, 0x00, 0x00, 0x00,
  0x00, 0x00, 0x00, 0x00, 0x00, 0x00, 0x00, 0x00, 0x00, 0x00, 0x00, 0x00,
  0x00, 0x00, 0x00, 0x00, 0x00, 0x00, 0x00, 0x00, 0x00, 0x00, 0x00, 0x00,
  0x00, 0x00, 0x04, 0x00, 0x00, 0x24, 0x00, 0x00, 0x5a, 0x00, 0x00, 0x79,
  0x00, 0x00, 0x80, 0x00, 0x00, 0x80, 0x00, 0x00, 0x80, 0x00, 0x00, 0x80,
  0x00, 0x00, 0x80, 0x00, 0x00, 0x80, 0x00, 0x00, 0x80, 0x00, 0x00, 0x80,
  0x00, 0x00, 0x80, 0x00, 0x00, 0x80, 0x00, 0x00, 0x80, 0x00, 0x00, 0x80,
  0x00, 0x00, 0x79, 0x00, 0x00, 0x5a, 0x00, 0x00, 0x24, 0x00, 0x00, 0x04,
  0x00, 0x00, 0x00, 0x00, 0x00, 0x00, 0x00, 0x00, 0x00, 0x00, 0x00, 0x00,
  0x00, 0x00, 0x00, 0x00, 0x00, 0x00, 0x00, 0x00, 0x00, 0x00, 0x00, 0x00,
  0x00, 0x00, 0x00, 0x00, 0x00, 0x00, 0x00, 0x00, 0x00, 0x00, 0x00, 0x00,
  0x00, 0x00, 0x00, 0x00, 0x00, 0x00, 0x00, 0x00, 0x00, 0x00, 0x00, 0x00,
  0x00, 0x00, 0x00, 0x00, 0x00, 0x00, 0x00, 0x00, 0x00, 0x00, 0x00, 0x00,
  0x00, 0x00, 0x00, 0x00, 0x00, 0x00, 0x00, 0x00, 0x03, 0x00, 0x00, 0x2b,
  0x00, 0x00, 0x68, 0x00, 0x00, 0x80, 0x00, 0x00, 0x80, 0x00, 0x00, 0x80,
  0x00, 0x00, 0x80, 0x00, 0x00, 0x80, 0x00, 0x00, 0x80, 0x00, 0x00, 0x80,
  0x00, 0x00, 0x80, 0x00, 0x00, 0x80, 0x00, 0x00, 0x80, 0x00, 0x00, 0x80,
  0x00, 0x00, 0x80, 0x00, 0x00, 0x80, 0x00, 0x00, 0x80, 0x00, 0x00, 0x80,
  0x00, 0x00, 0x80, 0x00, 0x00, 0x80, 0x00, 0x00, 0x80, 0x00, 0x00, 0x68,
  0x00, 0x00, 0x2b, 0x00, 0x00, 0x03, 0x00, 0x00, 0x00, 0x00, 0x00, 0x00,
  0x00, 0x00, 0x00, 0x00, 0x00, 0x00, 0x00, 0x00, 0x00, 0x00, 0x00, 0x00,
  0x00, 0x00, 0x00, 0x00, 0x00, 0x00, 0x00, 0x00, 0x00, 0x00, 0x00, 0x00,
  0x00, 0x00, 0x00, 0x00, 0x00, 0x00, 0x00, 0x00, 0x00, 0x00, 0x00, 0x00,
  0x00, 0x00, 0x00, 0x00, 0x00, 0x00, 0x00, 0x00, 0x00, 0x00, 0x00, 0x00,
  0x00, 0x00, 0x00, 0x00, 0x00, 0x15, 0x00, 0x00, 0x5f, 0x00, 0x00, 0x80,
  0x00, 0x00, 0x80, 0x00, 0x00, 0x80, 0x41, 0x22, 0x96, 0x49, 0x22, 0x9c,
  0x00, 0x00, 0x80, 0x00, 0x00, 0x80, 0x00, 0x00, 0x80, 0x00, 0x00, 0x80,
  0x00, 0x00, 0x80, 0x00, 0x00, 0x80, 0x00, 0x00, 0x80, 0x00, 0x00, 0x80,
  0x00, 0x00, 0x80, 0x00, 0x00, 0x80, 0x00, 0x00, 0x80, 0x00, 0x00, 0x80,
  0x00, 0x00, 0x80, 0x00, 0x00, 0x80, 0x00, 0x00, 0x80, 0x00, 0x00, 0x80,
  0x00, 0x00, 0x80, 0x00, 0x00, 0x5f, 0x00, 0x00, 0x15, 0x00, 0x00, 0x00,
  0x00, 0x00, 0x00, 0x00, 0x00, 0x00, 0x00, 0x00, 0x00, 0x00, 0x00, 0x00,
  0x00, 0x00, 0x00, 0x00, 0x00, 0x00, 0x00, 0x00, 0x00, 0x00, 0x00, 0x00,
  0x00, 0x00, 0x00, 0x00, 0x00, 0x00, 0x00, 0x00, 0x00, 0x00, 0x00, 0x00,
  0x00, 0x00, 0x00, 0x00, 0x00, 0x00, 0x00, 0x00, 0x00, 0x00, 0x00, 0x00,
  0x00, 0x00, 0x32, 0x00, 0x00, 0x77, 0x00, 0x00, 0x80, 0x00, 0x00, 0x80,
  0x00, 0x00, 0x80, 0x41, 0x83, 0x96, 0xcb, 0x46, 0xf4, 0xb2, 0x44, 0xf3,
  0x18, 0x60, 0x89, 0x00, 0x00, 0x80, 0x00, 0x00, 0x80, 0x00, 0x00, 0x80,
  0x00, 0x00, 0x80, 0x00, 0x00, 0x80, 0x00, 0x00, 0x80, 0x00, 0x00, 0x80,
  0x00, 0x00, 0x80, 0x00, 0x00, 0x80, 0x00, 0x00, 0x80, 0x00, 0x00, 0x80,
  0x00, 0x00, 0x80, 0x00, 0x00, 0x80, 0x00, 0x00, 0x80, 0x00, 0x00, 0x80,
  0x00, 0x00, 0x80, 0x00, 0x00, 0x80, 0x00, 0x00, 0x77, 0x00, 0x00, 0x32,
  0x00, 0x00, 0x00, 0x00, 0x00, 0x00, 0x00, 0x00, 0x00, 0x00, 0x00, 0x00,
  0x00, 0x00, 0x00, 0x00, 0x00, 0x00, 0x00, 0x00, 0x00, 0x00, 0x00, 0x00,
  0x00, 0x00, 0x00, 0x00, 0x00, 0x00, 0x00, 0x00, 0x00, 0x00, 0x00, 0x00,
  0x00, 0x00, 0x00, 0x00, 0x00, 0x00, 0x00, 0x00, 0x04, 0x00, 0x00, 0x45,
  0x00, 0x00, 0x80, 0x00, 0x00, 0x80, 0x00, 0x00, 0x80, 0x00, 0x00, 0x80,
  0x10, 0x61, 0x85, 0xcc, 0x07, 0xe6, 0xc2, 0x84, 0xff, 0xba, 0x64, 0xff,
  0x9a, 0x24, 0xd0, 0x00, 0x00, 0x81, 0x00, 0x00, 0x80, 0x00, 0x00, 0x80,
  0x00, 0x00, 0x80, 0x00, 0x00, 0x80, 0x00, 0x00, 0x80, 0x00, 0x00, 0x80,
  0x00, 0x00, 0x80, 0x00, 0x00, 0x80, 0x00, 0x00, 0x80, 0x00, 0x00, 0x80,
  0x00, 0x00, 0x80, 0x00, 0x00, 0x80, 0x00, 0x00, 0x80, 0x00, 0x00, 0x80,
  0x00, 0x00, 0x80, 0x00, 0x00, 0x80, 0x00, 0x00, 0x80, 0x00, 0x00, 0x80,
  0x00, 0x00, 0x45, 0x00, 0x00, 0x04, 0x00, 0x00, 0x00, 0x00, 0x00, 0x00,
  0x00, 0x00, 0x00, 0x00, 0x00, 0x00, 0x00, 0x00, 0x00, 0x00, 0x00, 0x00,
  0x00, 0x00, 0x00, 0x00, 0x00, 0x00, 0x00, 0x00, 0x00, 0x00, 0x00, 0x00,
  0x00, 0x00, 0x00, 0x00, 0x00, 0x04, 0x00, 0x00, 0x4b, 0x00, 0x00, 0x80,
  0x00, 0x00, 0x80, 0x00, 0x00, 0x80, 0x00, 0x00, 0x80, 0x00, 0x00, 0x80,
  0x93, 0x27, 0xba, 0xdb, 0xc6, 0xfe, 0xb2, 0x03, 0xff, 0xc2, 0x84, 0xff,
  0xc2, 0x64, 0xff, 0x61, 0x63, 0xb5, 0x00, 0x41, 0x83, 0x21, 0xa8, 0x9c,
  0x19, 0x68, 0xa3, 0x00, 0x21, 0x85, 0x00, 0x00, 0x80, 0x00, 0x00, 0x80,
  0x00, 0x00, 0x80, 0x00, 0x00, 0x80, 0x00, 0x00, 0x80, 0x00, 0x00, 0x80,
  0x00, 0x00, 0x80, 0x00, 0x00, 0x80, 0x00, 0x00, 0x80, 0x00, 0x00, 0x80,
  0x10, 0x60, 0x85, 0x92, 0xc5, 0xc0, 0x51, 0x22, 0xa8, 0x00, 0x00, 0x80,
  0x00, 0x00, 0x80, 0x00, 0x00, 0x4b, 0x00, 0x00, 0x04, 0x00, 0x00, 0x00,
  0x00, 0x00, 0x00, 0x00, 0x00, 0x00, 0x00, 0x00, 0x00, 0x00, 0x00, 0x00,
  0x00, 0x00, 0x00, 0x00, 0x00, 0x00, 0x00, 0x00, 0x00, 0x00, 0x00, 0x00,
  0x00, 0x00, 0x00, 0x00, 0x00, 0x45, 0x00, 0x00, 0x80, 0x00, 0x00, 0x80,
  0x00, 0x00, 0x80, 0x00, 0x00, 0x80, 0x00, 0x00, 0x80, 0x18, 0xa1, 0x88,
  0xdc, 0x68, 0xf3, 0xdb, 0xa6, 0xff, 0xd4, 0x29, 0xff, 0xcb, 0x46, 0xff,
  0xba, 0x84, 0xff, 0x83, 0x2c, 0xf7, 0x43, 0x51, 0xec, 0x32, 0x8e, 0xff,
  0x22, 0x2c, 0xff, 0x19, 0xcb, 0xde, 0x00, 0x21, 0x84, 0x00, 0x00, 0x80,
  0x00, 0x00, 0x80, 0x00, 0x00, 0x80, 0x00, 0x00, 0x80, 0x00, 0x00, 0x80,
  0x00, 0x00, 0x80, 0x00, 0x00, 0x80, 0x08, 0x40, 0x83, 0x72, 0x04, 0xa9,
  0xc3, 0x86, 0xe7, 0xaa, 0x64, 0xff, 0x59, 0x43, 0xda, 0x00, 0x00, 0x80,
  0x00, 0x00, 0x80, 0x00, 0x00, 0x80, 0x00, 0x00, 0x45, 0x00, 0x00, 0x00,
  0x00, 0x00, 0x00, 0x00, 0x00, 0x00, 0x00, 0x00, 0x00, 0x00, 0x00, 0x00,
  0x00, 0x00, 0x00, 0x00, 0x00, 0x00, 0x00, 0x00, 0x00, 0x00, 0x00, 0x00,
  0x00, 0x00, 0x32, 0x00, 0x00, 0x80, 0x00, 0x00, 0x80, 0x00, 0x00, 0x80,
  0x00, 0x00, 0x80, 0x00, 0x00, 0x80, 0x00, 0x00, 0x80, 0x82, 0xa6, 0xb0,
  0xdc, 0x27, 0xfe, 0xdb, 0xc6, 0xff, 0xee, 0x11, 0xff, 0xee, 0x32, 0xff,
  0x9c, 0x30, 0xff, 0x3a, 0x8d, 0xff, 0x19, 0x8a, 0xff, 0x19, 0x89, 0xff,
  0x19, 0x8a, 0xff, 0x21, 0xec, 0xff, 0x10, 0xc5, 0x99, 0x00, 0x00, 0x80,
  0x00, 0x00, 0x80, 0x00, 0x00, 0x80, 0x00, 0x00, 0x80, 0x00, 0x00, 0x80,
  0x00, 0x00, 0x80, 0x59, 0xc4, 0x9e, 0xc3, 0x46, 0xe6, 0xaa, 0x23, 0xfe,
  0x71, 0x22, 0xff, 0x50, 0xc1, 0xff, 0x59, 0x83, 0xea, 0x00, 0x00, 0x80,
  0x00, 0x00, 0x80, 0x00, 0x00, 0x80, 0x00, 0x00, 0x80, 0x00, 0x00, 0x32,
  0x00, 0x00, 0x00, 0x00, 0x00, 0x00, 0x00, 0x00, 0x00, 0x00, 0x00, 0x00,
  0x00, 0x00, 0x00, 0x00, 0x00, 0x00, 0x00, 0x00, 0x00, 0x00, 0x00, 0x15,
  0x00, 0x00, 0x77, 0x00, 0x00, 0x80, 0x00, 0x00, 0x80, 0x00, 0x00, 0x80,
  0x00, 0x00, 0x80, 0x00, 0x00, 0x80, 0x00, 0x00, 0x80, 0xab, 0x66, 0xcf,
  0xdb, 0xc6, 0xff, 0xd3, 0x85, 0xff, 0xed, 0xd0, 0xff, 0xbd, 0xd6, 0xff,
  0x3a, 0x6d, 0xff, 0x19, 0x68, 0xff, 0x11, 0x27, 0xff, 0x19, 0x06, 0xff,
  0x31, 0x67, 0xff, 0x53, 0x0e, 0xff, 0x6b, 0x8f, 0xbf, 0x73, 0xaf, 0xad,
  0x6b, 0x4d, 0xa1, 0x18, 0xe3, 0x88, 0x00, 0x20, 0x81, 0x00, 0x00, 0x80,
  0x49, 0xa3, 0x98, 0xdc, 0x07, 0xf8, 0xb2, 0x43, 0xff, 0x50, 0xe2, 0xff,
  0x40, 0xa1, 0xff, 0x48, 0xe2, 0xff, 0x59, 0x83, 0xf2, 0x00, 0x00, 0x81,
  0x00, 0x00, 0x80, 0x00, 0x00, 0x80, 0x00, 0x00, 0x80, 0x00, 0x00, 0x77,
  0x00, 0x00, 0x15, 0x00, 0x00, 0x00, 0x00, 0x00, 0x00, 0x00, 0x00, 0x00,
  0x00, 0x00, 0x00, 0x00, 0x00, 0x00, 0x00, 0x00, 0x03, 0x00, 0x00, 0x5f,
  0x00, 0x00, 0x80, 0x00, 0x00, 0x80, 0x00, 0x00, 0x80, 0x00, 0x00, 0x80,
  0x00, 0x00, 0x80, 0x00, 0x00, 0x80, 0x00, 0x00, 0x80, 0xbb, 0xa7, 0xe0,
  0xd3, 0xa5, 0xff, 0xd3, 0xc6, 0xff, 0xe6, 0x34, 0xff, 0x63, 0xb1, 0xff,
  0x21, 0x48, 0xff, 0x51, 0xe7, 0xff, 0xa3, 0xa9, 0xff, 0xcc, 0x6b, 0xff,
  0xe5, 0x6d, 0xff, 0xf7, 0x7c, 0xff, 0xf7, 0xbe, 0xff, 0xff, 0xde, 0xff,
  0xff, 0xff, 0xff, 0xf7, 0x7b, 0xfa, 0xc5, 0x30, 0xd4, 0x52, 0x47, 0x9b,
  0xd4, 0x8a, 0xe2, 0xd3, 0x25, 0xff, 0x71, 0x22, 0xff, 0x59, 0xe6, 0xff,
  0x6a, 0x67, 0xff, 0x61, 0xe5, 0xff, 0x59, 0x63, 0xed, 0x00, 0x00, 0x80,
  0x00, 0x00, 0x80, 0x00, 0x00, 0x80, 0x00, 0x00, 0x80, 0x00, 0x00, 0x80,
  0x00, 0x00, 0x5f, 0x00, 0x00, 0x03, 0x00, 0x00, 0x00, 0x00, 0x00, 0x00,
  0x00, 0x00, 0x00, 0x00, 0x00, 0x00, 0x00, 0x00, 0x2b, 0x00, 0x00, 0x80,
  0x00, 0x00, 0x80, 0x00, 0x00, 0x80, 0x00, 0x00, 0x80, 0x00, 0x00, 0x80,
  0x00, 0x00, 0x80, 0x00, 0x00, 0x80, 0x00, 0x00, 0x80, 0xb3, 0x46, 0xd8,
  0xd3, 0xa5, 0xff, 0xec, 0xea, 0xff, 0xce, 0x16, 0xff, 0x3a, 0x0a, 0xff,
  0xa3, 0xa9, 0xff, 0xc3, 0xa8, 0xff, 0x89, 0xc3, 0xff, 0x68, 0xe1, 0xff,
  0x81, 0xa3, 0xff, 0xee, 0x96, 0xff, 0xf7, 0x9d, 0xff, 0xf7, 0xbd, 0xff,
  0xff, 0xbd, 0xff, 0xf5, 0xf1, 0xff, 0xe4, 0xca, 0xff, 0xdd, 0x0d, 0xfe,
  0xe5, 0x4d, 0xff, 0xaa, 0x64, 0xff, 0x61, 0x84, 0xff, 0x6a, 0x88, 0xff,
  0x6a, 0xa8, 0xff, 0x61, 0xa4, 0xff, 0x51, 0x43, 0xde, 0x00, 0x00, 0x80,
  0x00, 0x00, 0x80, 0x00, 0x00, 0x80, 0x00, 0x00, 0x80, 0x00, 0x00, 0x80,
  0x00, 0x00, 0x80, 0x00, 0x00, 0x2b, 0x00, 0x00, 0x00, 0x00, 0x00, 0x00,
  0x00, 0x00, 0x00, 0x00, 0x00, 0x04, 0x00, 0x00, 0x68, 0x00, 0x00, 0x80,
  0x00, 0x00, 0x80, 0x00, 0x00, 0x80, 0x00, 0x00, 0x80, 0x00, 0x00, 0x80,
  0x00, 0x00, 0x80, 0x00, 0x00, 0x80, 0x00, 0x00, 0x80, 0x7a, 0x44, 0xb6,
  0xd3, 0xc6, 0xfe, 0xf6, 0x32, 0xff, 0xa5, 0x14, 0xff, 0x9b, 0xeb, 0xff,
  0xc4, 0x08, 0xff, 0x71, 0x42, 0xff, 0x79, 0x82, 0xff, 0x81, 0xc3, 0xff,
  0x9a, 0x43, 0xff, 0xdd, 0xd3, 0xff, 0xef, 0x3b, 0xff, 0xef, 0x3b, 0xff,
  0xee, 0xb8, 0xff, 0xaa, 0xc5, 0xff, 0x69, 0x22, 0xff, 0x59, 0x22, 0xff,
  0xab, 0x88, 0xff, 0x93, 0x08, 0xff, 0x61, 0x43, 0xff, 0x6a, 0x88, 0xff,
  0x62, 0x47, 0xff, 0x51, 0x23, 0xff, 0x41, 0x02, 0xc6, 0x00, 0x00, 0x80,
  0x00, 0x00, 0x80, 0x00, 0x00, 0x80, 0x00, 0x00, 0x80, 0x00, 0x00, 0x80,
  0x00, 0x00, 0x80, 0x00, 0x00, 0x68, 0x00, 0x00, 0x04, 0x00, 0x00, 0x00,
  0x00, 0x00, 0x00, 0x00, 0x00, 0x24, 0x00, 0x00, 0x80, 0x00, 0x00, 0x80,
  0x00, 0x00, 0x80, 0x00, 0x00, 0x80, 0x00, 0x00, 0x80, 0x00, 0x00, 0x80,
  0x00, 0x00, 0x80, 0x00, 0x00, 0x80, 0x00, 0x00, 0x80, 0x08, 0x40, 0x84,
  0x9a, 0x64, 0xdf, 0xd3, 0xc7, 0xfe, 0xb4, 0x6d, 0xff, 0xf5, 0xef, 0xff,
  0xd3, 0xe6, 0xff, 0x9a, 0x23, 0xff, 0x92, 0x03, 0xff, 0xaa, 0xa4, 0xff,
  0xc3, 0x25, 0xff, 0xe6, 0x14, 0xff, 0xe6, 0xd9, 0xff, 0xde, 0x98, 0xff,
  0xbc, 0xd0, 0xff, 0x71, 0xa3, 0xff, 0x61, 0x62, 0xff, 0x51, 0x01, 0xff,
  0x48, 0xe2, 0xff, 0x8a, 0xe8, 0xff, 0x5a, 0x48, 0xff, 0x6a, 0x89, 0xff,
  0x51, 0x84, 0xff, 0x51, 0x02, 0xfd, 0x30, 0xc2, 0xa4, 0x00, 0x00, 0x80,
  0x00, 0x00, 0x80, 0x00, 0x00, 0x80, 0x00, 0x00, 0x80, 0x00, 0x00, 0x80,
  0x00, 0x00, 0x80, 0x00, 0x00, 0x80, 0x00, 0x00, 0x24, 0x00, 0x00, 0x00,
  0x00, 0x00, 0x00, 0x00, 0x00, 0x5a, 0x00, 0x00, 0x80, 0x00, 0x00, 0x80,
  0x00, 0x00, 0x80, 0x00, 0x00, 0x80, 0x00, 0x00, 0x80, 0x00, 0x00, 0x80,
  0x00, 0x00, 0x80, 0x00, 0x00, 0x80, 0x00, 0x00, 0x80, 0x00, 0x00, 0x80,
  0x08, 0x20, 0x85, 0x59, 0x01, 0xbc, 0xe5, 0xaf, 0xfd, 0xed, 0x4b, 0xff,
  0xd3, 0x85, 0xff, 0xb3, 0x05, 0xff, 0xbb, 0x66, 0xff, 0xcb, 0x86, 0xff,
  0xdb, 0xc5, 0xff, 0xe6, 0x76, 0xff, 0xde, 0x98, 0xff, 0xce, 0x16, 0xff,
  0xa3, 0xcc, 0xff, 0x69, 0x82, 0xff, 0x61, 0x42, 0xff, 0x61, 0x41, 0xff,
  0x59, 0x62, 0xff, 0x8a, 0xe8, 0xff, 0x62, 0xaa, 0xff, 0x6a, 0xa9, 0xff,
  0x49, 0x23, 0xff, 0x49, 0x02, 0xdf, 0x00, 0x00, 0x82, 0x00, 0x00, 0x80,
  0x00, 0x00, 0x80, 0x00, 0x00, 0x80, 0x00, 0x00, 0x80, 0x00, 0x00, 0x80,
  0x00, 0x00, 0x80, 0x00, 0x00, 0x80, 0x00, 0x00, 0x5a, 0x00, 0x00, 0x00,
  0x00, 0x00, 0x0a, 0x00, 0x00, 0x79, 0x00, 0x00, 0x80, 0x00, 0x00, 0x80,
  0x00, 0x00, 0x80, 0x00, 0x00, 0x80, 0x00, 0x00, 0x80, 0x00, 0x00, 0x80,
  0x00, 0x00, 0x80, 0x00, 0x00, 0x80, 0x00, 0x00, 0x80, 0x00, 0x00, 0x80,
  0x00, 0x00, 0x80, 0x62, 0xa8, 0xa0, 0xf6, 0x31, 0xfd, 0xec, 0xc9, 0xff,
  0xbb, 0xa7, 0xff, 0xac, 0xb0, 0xff, 0xac, 0xd1, 0xff, 0xd4, 0xab, 0xff,
  0xe4, 0x88, 0xff, 0xee, 0xf9, 0xff, 0xe6, 0x97, 0xff, 0xcd, 0xf5, 0xff,
  0x93, 0x6b, 0xff, 0x61, 0x62, 0xff, 0x51, 0x23, 0xff, 0x59, 0x42, 0xff,
  0x61, 0x62, 0xff, 0x82, 0x86, 0xff, 0x51, 0xa5, 0xff, 0x49, 0x23, 0xfc,
  0x40, 0xe2, 0xe3, 0x10, 0x40, 0x8e, 0x00, 0x00, 0x80, 0x00, 0x00, 0x80,
  0x00, 0x00, 0x80, 0x00, 0x00, 0x80, 0x00, 0x00, 0x80, 0x00, 0x00, 0x80,
  0x00, 0x00, 0x80, 0x00, 0x00, 0x80, 0x00, 0x00, 0x79, 0x00, 0x00, 0x0a,
  0x00, 0x00, 0x25, 0x00, 0x00, 0x80, 0x00, 0x00, 0x80, 0x00, 0x00, 0x80,
  0x00, 0x00, 0x80, 0x00, 0x00, 0x80, 0x00, 0x00, 0x80, 0x00, 0x00, 0x80,
  0x00, 0x00, 0x80, 0x00, 0x00, 0x80, 0x00, 0x00, 0x80, 0x00, 0x00, 0x80,
  0x08, 0x61, 0x84, 0xdd, 0xb0, 0xe3, 0xf5, 0xce, 0xff, 0xed, 0x0a, 0xff,
  0xd5, 0xf5, 0xff, 0xa4, 0xb1, 0xff, 0x51, 0x64, 0xff, 0xdd, 0x71, 0xff,
  0xed, 0xd0, 0xff, 0xf7, 0x5b, 0xff, 0xef, 0x1a, 0xff, 0xde, 0x77, 0xff,
  0x9b, 0xcc, 0xff, 0x59, 0xe6, 0xff, 0x62, 0xeb, 0xff, 0x73, 0x4d, 0xff,
  0x59, 0x62, 0xff, 0x7a, 0x45, 0xfe, 0x41, 0x64, 0xbf, 0x18, 0x60, 0x9f,
  0x00, 0x00, 0x83, 0x00, 0x00, 0x80, 0x00, 0x00, 0x80, 0x00, 0x00, 0x80,
  0x00, 0x00, 0x80, 0x00, 0x00, 0x80, 0x00, 0x00, 0x80, 0x00, 0x00, 0x80,
  0x00, 0x00, 0x80, 0x00, 0x00, 0x80, 0x00, 0x00, 0x80, 0x00, 0x00, 0x25,
  0x00, 0x00, 0x45, 0x00, 0x00, 0x80, 0x00, 0x00, 0x80, 0x00, 0x00, 0x80,
  0x00, 0x00, 0x80, 0x00, 0x00, 0x80, 0x00, 0x00, 0x80, 0x00, 0x00, 0x80,
  0x00, 0x00, 0x80, 0x00, 0x00, 0x80, 0x00, 0x00, 0x80, 0x08, 0x40, 0x82,
  0xb4, 0xcd, 0xca, 0xf6, 0x30, 0xfe, 0xf5, 0xce, 0xff, 0xf5, 0xad, 0xff,
  0xf6, 0xf8, 0xff, 0x82, 0xa8, 0xff, 0x59, 0x83, 0xff, 0xdd, 0x70, 0xff,
  0xf7, 0x5a, 0xff, 0xd6, 0x79, 0xff, 0xc5, 0xd6, 0xff, 0xce, 0x38, 0xff,
  0xbd, 0x32, 0xff, 0x59, 0xa5, 0xff, 0x10, 0x40, 0xff, 0x7a, 0xea, 0xff,
  0x5a, 0x06, 0xff, 0x71, 0xe4, 0xfe, 0x49, 0xc6, 0xa2, 0x00, 0x00, 0x80,
  0x00, 0x00, 0x80, 0x00, 0x00, 0x80, 0x00, 0x00, 0x80, 0x00, 0x00, 0x80,
  0x00, 0x00, 0x80, 0x00, 0x00, 0x80, 0x00, 0x00, 0x80, 0x00, 0x00, 0x80,
  0x00, 0x00, 0x80, 0x00, 0x00, 0x80, 0x00, 0x00, 0x80, 0x00, 0x00, 0x45,
  0x00, 0x00, 0x5d, 0x00, 0x00, 0x80, 0x00, 0x00, 0x80, 0x00, 0x00, 0x80,
  0x00, 0x00, 0x80, 0x00, 0x00, 0x80, 0x00, 0x00, 0x80, 0x00, 0x00, 0x80,
  0x00, 0x00, 0x80, 0x00, 0x00, 0x80, 0x08, 0x41, 0x82, 0xb4, 0xad, 0xca,
  0xf6, 0x10, 0xfe, 0xf5, 0xef, 0xff, 0xf5, 0xad, 0xff, 0xf5, 0x8c, 0xff,
  0xf5, 0x8c, 0xff, 0xf5, 0xcf, 0xff, 0xf6, 0xb6, 0xff, 0xff, 0xde, 0xff,
  0x9c, 0x92, 0xff, 0x39, 0x86, 0xff, 0x31, 0x66, 0xff, 0x31, 0x66, 0xff,
  0x62, 0xec, 0xff, 0xa3, 0x8b, 0xff, 0x59, 0x63, 0xff, 0x7a, 0xc9, 0xff,
  0x6a, 0x26, 0xff, 0x69, 0xe4, 0xff, 0x6a, 0x67, 0xc0, 0x00, 0x00, 0x80,
  0x00, 0x00, 0x80, 0x00, 0x00, 0x80, 0x00, 0x00, 0x80, 0x00, 0x00, 0x80,
  0x00, 0x00, 0x80, 0x00, 0x00, 0x80, 0x00, 0x00, 0x80, 0x00, 0x00, 0x80,
  0x00, 0x00, 0x80, 0x00, 0x00, 0x80, 0x00, 0x00, 0x80, 0x00, 0x00, 0x5d,
  0x00, 0x00, 0x6c, 0x00, 0x00, 0x80, 0x00, 0x00, 0x80, 0x00, 0x00, 0x80,
  0x00, 0x00, 0x80, 0x00, 0x00, 0x80, 0x00, 0x00, 0x80, 0x00, 0x00, 0x80,
  0x00, 0x00, 0x80, 0x00, 0x00, 0x80, 0x8b, 0xed, 0xb3, 0xf5, 0xef, 0xfe,
  0xf5, 0x8d, 0xff, 0xf5, 0x8d, 0xff, 0xf5, 0xae, 0xff, 0xf6, 0x11, 0xff,
  0xf6, 0x94, 0xff, 0xff, 0x5a, 0xff, 0xff, 0xff, 0xff, 0xff, 0xde, 0xff,
  0x62, 0xca, 0xff, 0x08, 0x41, 0xff, 0x29, 0x04, 0xff, 0x08, 0x41, 0xff,
  0x10, 0xa3, 0xff, 0xa5, 0x14, 0xff, 0xd4, 0x6a, 0xff, 0xbb, 0x87, 0xff,
  0xbb, 0xa7, 0xff, 0xab, 0x47, 0xff, 0x93, 0x29, 0xec, 0x08, 0x41, 0x84,
  0x00, 0x00, 0x80, 0x00, 0x00, 0x80, 0x00, 0x00, 0x80, 0x00, 0x00, 0x80,
  0x00, 0x00, 0x80, 0x00, 0x00, 0x80, 0x00, 0x00, 0x80, 0x00, 0x00, 0x80,
  0x00, 0x00, 0x80, 0x00, 0x00, 0x80, 0x00, 0x00, 0x80, 0x00, 0x00, 0x6c,
  0x00, 0x00, 0x78, 0x00, 0x00, 0x80, 0x00, 0x00, 0x80, 0x00, 0x00, 0x80,
  0x00, 0x00, 0x80, 0x00, 0x00, 0x80, 0x00, 0x00, 0x80, 0x00, 0x00, 0x80,
  0x00, 0x00, 0x80, 0x08, 0x41, 0x82, 0xe7, 0x1b, 0xee, 0xf6, 0x53, 0xff,
  0xf6, 0x11, 0xff, 0xf7, 0x19, 0xff, 0xf7, 0x5c, 0xff, 0xde, 0xb9, 0xff,
  0xf7, 0x9d, 0xff, 0xff, 0xff, 0xff, 0xff, 0xde, 0xff, 0xf7, 0x9d, 0xff,
  0xc5, 0xd5, 0xff, 0x41, 0xc7, 0xff, 0x18, 0xa3, 0xff, 0x18, 0xc3, 0xff,
  0x52, 0xac, 0xff, 0x8c, 0x73, 0xff, 0xcd, 0xf6, 0xff, 0xe5, 0x2d, 0xff,
  0xd4, 0x28, 0xff, 0xbb, 0x66, 0xff, 0xa3, 0x48, 0xfe, 0x6a, 0x88, 0xb8,
  0x00, 0x00, 0x80, 0x00, 0x00, 0x80, 0x00, 0x00, 0x80, 0x00, 0x00, 0x80,
  0x00, 0x00, 0x80, 0x00, 0x00, 0x80, 0x00, 0x00, 0x80, 0x00, 0x00, 0x80,
  0x00, 0x00, 0x80, 0x00, 0x00, 0x80, 0x00, 0x00, 0x80, 0x00, 0x00, 0x78,
  0x00, 0x00, 0x7f, 0x00, 0x00, 0x80, 0x00, 0x00, 0x80, 0x00, 0x00, 0x80,
  0x00, 0x00, 0x80, 0x00, 0x00, 0x80, 0x00, 0x00, 0x80, 0x00, 0x00, 0x80,
  0x00, 0x00, 0x80, 0x10, 0xa2, 0x86, 0xf7, 0x7d, 0xf9, 0xff, 0xbd, 0xff,
  0xf7, 0x9d, 0xff, 0xef, 0x5b, 0xff, 0xd6, 0x36, 0xff, 0x9c, 0x4f, 0xff,
  0xbd, 0x74, 0xff, 0xff, 0xbe, 0xff, 0xf7, 0x9d, 0xff, 0xef, 0x3b, 0xff,
  0xde, 0x78, 0xff, 0xac, 0xf2, 0xff, 0x62, 0xeb, 0xff, 0x7b, 0xae, 0xff,
  0x84, 0x10, 0xff, 0x8c, 0x72, 0xff, 0x94, 0xd4, 0xff, 0xb5, 0x54, 0xff,
  0xc5, 0x94, 0xff, 0xa4, 0x2f, 0xff, 0x7a, 0x87, 0xff, 0x9b, 0x4a, 0xf4,
  0x18, 0xa2, 0x8a, 0x00, 0x00, 0x80, 0x00, 0x00, 0x80, 0x00, 0x00, 0x80,
  0x00, 0x00, 0x80, 0x00, 0x00, 0x80, 0x00, 0x00, 0x80, 0x00, 0x00, 0x80,
  0x00, 0x00, 0x80, 0x00, 0x00, 0x80, 0x00, 0x00, 0x80, 0x00, 0x00, 0x7f,
  0x00, 0x00, 0x7f, 0x00, 0x00, 0x80, 0x00, 0x00, 0x80, 0x00, 0x00, 0x80,
  0x00, 0x00, 0x80, 0x00, 0x00, 0x80, 0x00, 0x00, 0x80, 0x00, 0x00, 0x80,
  0x00, 0x00, 0x80, 0x00, 0x00, 0x80, 0xde, 0xba, 0xe4, 0xf7, 0x7c, 0xff,
  0xf7, 0x5c, 0xff, 0xe6, 0xda, 0xff, 0xd6, 0x16, 0xff, 0xd6, 0x16, 0xff,
  0xd6, 0x57, 0xff, 0xe6, 0xb9, 0xff, 0xe6, 0xfa, 0xff, 0xde, 0x78, 0xff,
  0xbd, 0x74, 0xff, 0x9c, 0x70, 0xff, 0x83, 0xce, 0xff, 0x83, 0xef, 0xff,
  0x84, 0x10, 0xff, 0x8c, 0x52, 0xff, 0x8c, 0x73, 0xff, 0x7b, 0x8d, 0xff,
  0x8c, 0x30, 0xff, 0x8c, 0x51, 0xff, 0x83, 0xef, 0xff, 0x8b, 0x09, 0xfe,
  0x52, 0x07, 0xa8, 0x00, 0x00, 0x80, 0x00, 0x00, 0x80, 0x00, 0x00, 0x80,
  0x00, 0x00, 0x80, 0x00, 0x00, 0x80, 0x00, 0x00, 0x80, 0x00, 0x00, 0x80,
  0x00, 0x00, 0x80, 0x00, 0x00, 0x80, 0x00, 0x00, 0x80, 0x00, 0x00, 0x7f,
  0x00, 0x00, 0x78, 0x00, 0x00, 0x80, 0x00, 0x00, 0x80, 0x00, 0x00, 0x80,
  0x00, 0x00, 0x80, 0x00, 0x00, 0x80, 0x00, 0x00, 0x80, 0x00, 0x00, 0x80,
  0x00, 0x00, 0x80, 0x00, 0x00, 0x80, 0x8c, 0x50, 0xb2, 0xf7, 0x3b, 0xfd,
  0xee, 0xfa, 0xff, 0xde, 0x98, 0xff, 0xde, 0x77, 0xff, 0xe6, 0xd9, 0xff,
  0xf7, 0x7c, 0xff, 0xef, 0x5c, 0xff, 0xb5, 0x13, 0xff, 0x7b, 0x2b, 0xff,
  0x5a, 0x68, 0xff, 0x41, 0xc6, 0xff, 0x52, 0x27, 0xff, 0x73, 0x4c, 0xff,
  0x7b, 0xcf, 0xff, 0x84, 0x30, 0xff, 0x8c, 0x31, 0xff, 0x83, 0xef, 0xff,
  0x83, 0xf0, 0xff, 0x84, 0x10, 0xff, 0x8c, 0x51, 0xff, 0x94, 0xb3, 0xfe,
  0x62, 0xec, 0xae, 0x00, 0x00, 0x80, 0x00, 0x00, 0x80, 0x00, 0x00, 0x80,
  0x00, 0x00, 0x80, 0x00, 0x00, 0x80, 0x00, 0x00, 0x80, 0x00, 0x00, 0x80,
  0x00, 0x00, 0x80, 0x00, 0x00, 0x80, 0x00, 0x00, 0x80, 0x00, 0x00, 0x78,
  0x00, 0x00, 0x6c, 0x00, 0x00, 0x80, 0x00, 0x00, 0x80, 0x00, 0x00, 0x80,
  0x00, 0x00, 0x80, 0x00, 0x00, 0x80, 0x00, 0x00, 0x80, 0x00, 0x00, 0x80,
  0x00, 0x00, 0x80, 0x00, 0x00, 0x80, 0x10, 0xa2, 0x88, 0xb5, 0x54, 0xf5,
  0xd5, 0xf5, 0xff, 0xd6, 0x36, 0xff, 0xde, 0x56, 0xff, 0xe6, 0xb8, 0xff,
  0xef, 0x1a, 0xff, 0xf7, 0x5c, 0xff, 0xf7, 0x5c, 0xff, 0xce, 0x17, 0xff,
  0x7b, 0x4c, 0xff, 0x49, 0xe7, 0xff, 0x41, 0x86, 0xff, 0x4a, 0x29, 0xff,
  0x7b, 0xaf, 0xff, 0x8c, 0x52, 0xff, 0x8c, 0x51, 0xff, 0x84, 0x10, 0xff,
  0x84, 0x10, 0xff, 0x84, 0x10, 0xff, 0x84, 0x51, 0xff, 0x9c, 0xf5, 0xfa,
  0x31, 0x86, 0x92, 0x00, 0x00, 0x80, 0x00, 0x00, 0x80, 0x00, 0x00, 0x80,
  0x00, 0x00, 0x80, 0x00, 0x00, 0x80, 0x00, 0x00, 0x80, 0x00, 0x00, 0x80,
  0x00, 0x00, 0x80, 0x00, 0x00, 0x80, 0x00, 0x00, 0x80, 0x00, 0x00, 0x6c,
  0x00, 0x00, 0x5d, 0x00, 0x00, 0x80, 0x00, 0x00, 0x80, 0x00, 0x00, 0x80,
  0x00, 0x00, 0x80, 0x00, 0x00, 0x80, 0x00, 0x00, 0x80, 0x00, 0x00, 0x80,
  0x00, 0x00, 0x80, 0x00, 0x00, 0x80, 0x7c, 0x31, 0xb7, 0x39, 0xe9, 0xfe,
  0x92, 0x69, 0xff, 0xcc, 0x6f, 0xff, 0xcd, 0xb4, 0xff, 0xde, 0x57, 0xff,
  0xe6, 0x98, 0xff, 0xde, 0x98, 0xff, 0xde, 0x78, 0xff, 0xde, 0x77, 0xff,
  0xb5, 0x33, 0xff, 0x8c, 0x0f, 0xff, 0x83, 0xef, 0xff, 0x84, 0x10, 0xff,
  0x8c, 0x51, 0xff, 0x8c, 0x31, 0xff, 0x84, 0x10, 0xff, 0x84, 0x10, 0xff,
  0x83, 0xf0, 0xff, 0x84, 0x10, 0xff, 0x8c, 0x52, 0xff, 0x84, 0x51, 0xcf,
  0x00, 0x00, 0x80, 0x00, 0x00, 0x80, 0x00, 0x00, 0x80, 0x00, 0x00, 0x80,
  0x00, 0x00, 0x80, 0x00, 0x00, 0x80, 0x00, 0x00, 0x80, 0x00, 0x00, 0x80,
  0x00, 0x00, 0x80, 0x00, 0x00, 0x80, 0x00, 0x00, 0x80, 0x00, 0x00, 0x5d,
  0x00, 0x00, 0x45, 0x00, 0x00, 0x80, 0x00, 0x00, 0x80, 0x00, 0x00, 0x80,
  0x00, 0x00, 0x80, 0x00, 0x00, 0x80, 0x00, 0x00, 0x80, 0x00, 0x00, 0x80,
  0x00, 0x00, 0x80, 0x00, 0x00, 0x80, 0xa5, 0x76, 0xcf, 0xa5, 0xb8, 0xff,
  0x81, 0xe8, 0xff, 0xd9, 0x86, 0xff, 0xe2, 0xc9, 0xff, 0xdc, 0xb0, 0xff,
  0xd5, 0xb4, 0xff, 0xcd, 0x94, 0xff, 0xac, 0x4f, 0xff, 0x9b, 0xcd, 0xff,
  0x8b, 0x8c, 0xff, 0x83, 0x6c, 0xff, 0x83, 0x6d, 0xff, 0x83, 0xae, 0xff,
  0x83, 0xcf, 0xff, 0x83, 0xef, 0xff, 0x83, 0xf0, 0xff, 0x7b, 0xd0, 0xff,
  0x7b, 0xcf, 0xff, 0x7b, 0xf0, 0xff, 0x84, 0x31, 0xe9, 0x18, 0xe3, 0x8b,
  0x00, 0x00, 0x80, 0x00, 0x00, 0x80, 0x00, 0x00, 0x80, 0x00, 0x00, 0x80,
  0x00, 0x00, 0x80, 0x00, 0x00, 0x80, 0x00, 0x00, 0x80, 0x00, 0x00, 0x80,
  0x00, 0x00, 0x80, 0x00, 0x00, 0x80, 0x00, 0x00, 0x80, 0x00, 0x00, 0x45,
  0x00, 0x00, 0x25, 0x00, 0x00, 0x80, 0x00, 0x00, 0x80, 0x00, 0x00, 0x80,
  0x00, 0x00, 0x80, 0x00, 0x00, 0x80, 0x00, 0x00, 0x80, 0x00, 0x00, 0x80,
  0x00, 0x00, 0x80, 0x00, 0x00, 0x80, 0xa5, 0x97, 0xdb, 0x9d, 0xda, 0xff,
  0xad, 0xd9, 0xff, 0xd3, 0x6d, 0xff, 0xe2, 0x06, 0xff, 0xea, 0x07, 0xff,
  0xea, 0xc9, 0xff, 0xd3, 0xed, 0xff, 0xa3, 0xcd, 0xff, 0x8a, 0xea, 0xff,
  0x7a, 0xa9, 0xff, 0x7a, 0xc9, 0xff, 0x7a, 0xea, 0xff, 0x7b, 0x2c, 0xff,
  0x7b, 0x8e, 0xff, 0x7b, 0xaf, 0xff, 0x7b, 0xaf, 0xff, 0x7b, 0xaf, 0xff,
  0x73, 0x6e, 0xff, 0x62, 0xec, 0xfe, 0x41, 0x87, 0xb0, 0x00, 0x00, 0x80,
  0x00, 0x00, 0x80, 0x00, 0x00, 0x80, 0x00, 0x00, 0x80, 0x00, 0x00, 0x80,
  0x00, 0x00, 0x80, 0x00, 0x00, 0x80, 0x00, 0x00, 0x80, 0x00, 0x00, 0x80,
  0x00, 0x00, 0x80, 0x00, 0x00, 0x80, 0x00, 0x00, 0x80, 0x00, 0x00, 0x25,
  0x00, 0x00, 0x0a, 0x00, 0x00, 0x79, 0x00, 0x00, 0x80, 0x00, 0x00, 0x80,
  0x00, 0x00, 0x80, 0x00, 0x00, 0x80, 0x00, 0x00, 0x80, 0x00, 0x00, 0x80,
  0x00, 0x00, 0x80, 0x00, 0x00, 0x80, 0x4a, 0xac, 0xb6, 0x5b, 0xb2, 0xfe,
  0x5b, 0xf3, 0xff, 0x7c, 0xb6, 0xff, 0xb4, 0x11, 0xff, 0xe2, 0x47, 0xff,
  0xea, 0x47, 0xff, 0xea, 0x27, 0xff, 0xe2, 0x68, 0xff, 0xaa, 0xca, 0xff,
  0x82, 0xeb, 0xff, 0x7b, 0x0b, 0xff, 0x7b, 0x2c, 0xff, 0x7b, 0x4d, 0xff,
  0x73, 0x6e, 0xff, 0x73, 0x8e, 0xff, 0x73, 0x6e, 0xff, 0x63, 0x0d, 0xff,
  0x51, 0xe8, 0xff, 0x58, 0xa4, 0xff, 0x41, 0x26, 0xf5, 0x08, 0xa4, 0x98,
  0x00, 0x00, 0x80, 0x00, 0x00, 0x80, 0x00, 0x00, 0x80, 0x00, 0x00, 0x80,
  0x00, 0x00, 0x80, 0x00, 0x00, 0x80, 0x00, 0x00, 0x80, 0x00, 0x00, 0x80,
  0x00, 0x00, 0x80, 0x00, 0x00, 0x80, 0x00, 0x00, 0x79, 0x00, 0x00, 0x0a,
  0x00, 0x00, 0x00, 0x00, 0x00, 0x5a, 0x00, 0x00, 0x80, 0x00, 0x00, 0x80,
  0x00, 0x00, 0x80, 0x00, 0x00, 0x80, 0x00, 0x00, 0x80, 0x00, 0x00, 0x80,
  0x00, 0x00, 0x80, 0x00, 0x00, 0x80, 0x00, 0x20, 0x82, 0x19, 0x68, 0xca,
  0x21, 0xaa, 0xfe, 0x21, 0xeb, 0xff, 0x43, 0x30, 0xff, 0x83, 0x71, 0xff,
  0xa9, 0x65, 0xff, 0xd1, 0xe6, 0xff, 0xea, 0x27, 0xff, 0xe1, 0xe6, 0xff,
  0xca, 0x28, 0xff, 0x92, 0xeb, 0xff, 0x7b, 0x4d, 0xff, 0x73, 0x4e, 0xff,
  0x73, 0x4e, 0xff, 0x6b, 0x2d, 0xff, 0x5a, 0x8b, 0xff, 0x51, 0x05, 0xff,
  0x58, 0x63, 0xff, 0x60, 0x84, 0xff, 0x30, 0xc5, 0xff, 0x22, 0x0d, 0xe3,
  0x00, 0x00, 0x81, 0x00, 0x00, 0x80, 0x00, 0x00, 0x80, 0x00, 0x00, 0x80,
  0x00, 0x00, 0x80, 0x00, 0x00, 0x80, 0x00, 0x00, 0x80, 0x00, 0x00, 0x80,
  0x00, 0x00, 0x80, 0x00, 0x00, 0x80, 0x00, 0x00, 0x5a, 0x00, 0x00, 0x00,
  0x00, 0x00, 0x00, 0x00, 0x00, 0x24, 0x00, 0x00, 0x80, 0x00, 0x00, 0x80,
  0x00, 0x00, 0x80, 0x00, 0x00, 0x80, 0x00, 0x00, 0x80, 0x00, 0x00, 0x80,
  0x00, 0x00, 0x80, 0x00, 0x00, 0x80, 0x18, 0xe3, 0x88, 0x9d, 0x35, 0xcd,
  0x95, 0x57, 0xfe, 0x3a, 0xcf, 0xff, 0x11, 0x48, 0xff, 0x21, 0xeb, 0xff,
  0x63, 0x50, 0xff, 0x99, 0x86, 0xff, 0xa1, 0x03, 0xff, 0xb9, 0x44, 0xff,
  0xd1, 0x65, 0xff, 0xd1, 0x86, 0xff, 0xb2, 0x6a, 0xff, 0x83, 0x4e, 0xff,
  0x6b, 0x2e, 0xff, 0x52, 0x09, 0xff, 0x58, 0x83, 0xff, 0x58, 0x62, 0xff,
  0x60, 0x63, 0xff, 0x58, 0x83, 0xff, 0x19, 0x08, 0xff, 0x1a, 0x0d, 0xf2,
  0x00, 0x20, 0x83, 0x00, 0x00, 0x80, 0x00, 0x00, 0x80, 0x00, 0x00, 0x80,
  0x00, 0x00, 0x80, 0x00, 0x00, 0x80, 0x00, 0x00, 0x80, 0x00, 0x00, 0x80,
  0x00, 0x00, 0x80, 0x00, 0x00, 0x80, 0x00, 0x00, 0x24, 0x00, 0x00, 0x00,
  0x00, 0x00, 0x00, 0x00, 0x00, 0x04, 0x00, 0x00, 0x68, 0x00, 0x00, 0x80,
  0x00, 0x00, 0x80, 0x00, 0x00, 0x80, 0x00, 0x00, 0x80, 0x00, 0x00, 0x80,
  0x00, 0x00, 0x80, 0x4a, 0x28, 0x98, 0xce, 0x7a, 0xe9, 0xc6, 0xdd, 0xfe,
  0xce, 0xdc, 0xff, 0xb6, 0x7b, 0xff, 0x6c, 0x75, 0xff, 0x32, 0x6d, 0xff,
  0x2a, 0x2c, 0xff, 0x63, 0x10, 0xff, 0xb9, 0x65, 0xff, 0xb9, 0xa5, 0xff,
  0xb1, 0x65, 0xff, 0xb9, 0x04, 0xff, 0xc9, 0x45, 0xff, 0xc9, 0xc7, 0xff,
  0x8a, 0x09, 0xff, 0x70, 0xa3, 0xff, 0x58, 0x42, 0xff, 0x58, 0x42, 0xff,
  0x50, 0x62, 0xff, 0x20, 0x42, 0xff, 0x11, 0x6a, 0xfa, 0x08, 0xe5, 0xa7,
  0x00, 0x00, 0x80, 0x00, 0x00, 0x80, 0x00, 0x00, 0x80, 0x00, 0x00, 0x80,
  0x00, 0x00, 0x80, 0x00, 0x00, 0x80, 0x00, 0x00, 0x80, 0x00, 0x00, 0x80,
  0x00, 0x00, 0x80, 0x00, 0x00, 0x68, 0x00, 0x00, 0x04, 0x00, 0x00, 0x00,
  0x00, 0x00, 0x00, 0x00, 0x00, 0x00, 0x00, 0x00, 0x2b, 0x00, 0x00, 0x80,
  0x00, 0x00, 0x80, 0x00, 0x00, 0x80, 0x00, 0x00, 0x80, 0x00, 0x00, 0x80,
  0x63, 0x2d, 0xa3, 0xce, 0xbb, 0xf3, 0xc6, 0xbc, 0xff, 0xb6, 0x9c, 0xff,
  0xb6, 0x7c, 0xff, 0xb6, 0x9c, 0xff, 0xae, 0x5b, 0xff, 0x95, 0xda, 0xff,
  0x6c, 0x75, 0xff, 0x4b, 0x72, 0xff, 0x59, 0xea, 0xff, 0x90, 0xa3, 0xff,
  0xb1, 0x24, 0xff, 0xc1, 0x85, 0xff, 0xc9, 0xa6, 0xff, 0xd9, 0xc6, 0xff,
  0xc9, 0xa6, 0xff, 0xa9, 0x25, 0xff, 0x80, 0xa3, 0xff, 0x60, 0x43, 0xff,
  0x50, 0x62, 0xff, 0x10, 0xa6, 0xff, 0x2a, 0x4d, 0xe3, 0x00, 0x21, 0x83,
  0x00, 0x00, 0x80, 0x00, 0x00, 0x80, 0x00, 0x00, 0x80, 0x00, 0x00, 0x80,
  0x00, 0x00, 0x80, 0x00, 0x00, 0x80, 0x00, 0x00, 0x80, 0x00, 0x00, 0x80,
  0x00, 0x00, 0x80, 0x00, 0x00, 0x2b, 0x00, 0x00, 0x00, 0x00, 0x00, 0x00,
  0x00, 0x00, 0x00, 0x00, 0x00, 0x00, 0x00, 0x00, 0x03, 0x00, 0x00, 0x5f,
  0x00, 0x00, 0x80, 0x00, 0x00, 0x80, 0x00, 0x00, 0x80, 0x7b, 0xf0, 0xad,
  0xce, 0xfd, 0xf9, 0xbe, 0xbc, 0xff, 0xb6, 0x7c, 0xff, 0xa6, 0x3b, 0xff,
  0x9d, 0xfa, 0xff, 0xae, 0x3b, 0xff, 0xa6, 0x1b, 0xff, 0x9d, 0xfa, 0xff,
  0x8d, 0x78, 0xff, 0x6c, 0x55, 0xff, 0x4b, 0x72, 0xff, 0x61, 0x06, 0xff,
  0x90, 0xa3, 0xff, 0x90, 0xa3, 0xff, 0x90, 0xa3, 0xff, 0x88, 0x83, 0xff,
  0x80, 0x83, 0xff, 0x70, 0x63, 0xff, 0x68, 0x42, 0xff, 0x60, 0x42, 0xff,
  0x28, 0x42, 0xff, 0x11, 0x29, 0xff, 0x3b, 0x53, 0xfe, 0x3a, 0x8d, 0xb9,
  0x00, 0x00, 0x80, 0x00, 0x00, 0x80, 0x00, 0x00, 0x80, 0x00, 0x00, 0x80,
  0x00, 0x00, 0x80, 0x00, 0x00, 0x80, 0x00, 0x00, 0x80, 0x00, 0x00, 0x80,
  0x00, 0x00, 0x5f, 0x00, 0x00, 0x03, 0x00, 0x00, 0x00, 0x00, 0x00, 0x00,
  0x00, 0x00, 0x00, 0x00, 0x00, 0x00, 0x00, 0x00, 0x00, 0x00, 0x00, 0x15,
  0x00, 0x00, 0x77, 0x00, 0x00, 0x80, 0x6b, 0x8e, 0xa8, 0xce, 0xfc, 0xf9,
  0xbe, 0x9c, 0xff, 0xa6, 0x3b, 0xff, 0x95, 0xda, 0xff, 0x85, 0x79, 0xff,
  0x85, 0x38, 0xff, 0x9d, 0xda, 0xff, 0x95, 0xda, 0xff, 0x95, 0xda, 0xff,
  0x95, 0x37, 0xff, 0x74, 0x54, 0xff, 0x64, 0x76, 0xff, 0x3a, 0x8e, 0xff,
  0x71, 0xe8, 0xff, 0xa9, 0x24, 0xff, 0xa0, 0xe4, 0xff, 0x80, 0x83, 0xff,
  0x68, 0x42, 0xff, 0x60, 0x42, 0xff, 0x60, 0x22, 0xff, 0x50, 0x83, 0xff,
  0x10, 0xa4, 0xff, 0x19, 0xab, 0xff, 0x2a, 0xf2, 0xff, 0x3b, 0x53, 0xf6,
  0x21, 0x46, 0x92, 0x00, 0x00, 0x80, 0x00, 0x00, 0x80, 0x00, 0x00, 0x80,
  0x00, 0x00, 0x80, 0x00, 0x00, 0x80, 0x00, 0x00, 0x80, 0x00, 0x00, 0x77,
  0x00, 0x00, 0x15, 0x00, 0x00, 0x00, 0x00, 0x00, 0x00, 0x00, 0x00, 0x00,
  0x00, 0x00, 0x00, 0x00, 0x00, 0x00, 0x00, 0x00, 0x00, 0x00, 0x00, 0x00,
  0x00, 0x00, 0x32, 0x52, 0xcb, 0x9d, 0xc6, 0xbc, 0xf6, 0xb6, 0x7c, 0xff,
  0x9e, 0x1a, 0xff, 0x85, 0x79, 0xff, 0x74, 0xd7, 0xff, 0x64, 0x76, 0xff,
  0x5c, 0x55, 0xff, 0x7d, 0x17, 0xff, 0x85, 0x79, 0xff, 0xa5, 0xd9, 0xff,
  0xc5, 0xd6, 0xff, 0xb5, 0x53, 0xff, 0xa4, 0xf3, 0xff, 0x53, 0xd4, 0xff,
  0x84, 0x11, 0xff, 0xac, 0x71, 0xff, 0x99, 0xe7, 0xff, 0x88, 0x83, 0xff,
  0x68, 0x42, 0xff, 0x60, 0x22, 0xff, 0x60, 0xc5, 0xff, 0x52, 0x8c, 0xff,
  0x19, 0x06, 0xff, 0x3a, 0xaf, 0xff, 0x64, 0x14, 0xff, 0x2a, 0xb1, 0xff,
  0x4b, 0x50, 0xd6, 0x00, 0x00, 0x81, 0x00, 0x00, 0x80, 0x00, 0x00, 0x80,
  0x00, 0x00, 0x80, 0x00, 0x00, 0x80, 0x00, 0x00, 0x80, 0x00, 0x00, 0x32,
  0x00, 0x00, 0x00, 0x00, 0x00, 0x00, 0x00, 0x00, 0x00, 0x00, 0x00, 0x00,
  0x00, 0x00, 0x00, 0x00, 0x00, 0x00, 0x00, 0x00, 0x00, 0x00, 0x00, 0x00,
  0x00, 0x00, 0x00, 0xa5, 0xb8, 0x8c, 0xae, 0x5b, 0xff, 0x95, 0xda, 0xff,
  0x7d, 0x38, 0xff, 0x64, 0x56, 0xff, 0x43, 0x93, 0xff, 0x3b, 0x10, 0xff,
  0x3a, 0xf0, 0xff, 0x5c, 0x34, 0xff, 0x7d, 0x18, 0xff, 0xbd, 0xf7, 0xff,
  0xdd, 0xd3, 0xff, 0xd5, 0x50, 0xff, 0xac, 0xd2, 0xff, 0x64, 0x55, 0xff,
  0x5b, 0x50, 0xff, 0xde, 0xb9, 0xff, 0xde, 0x99, 0xff, 0xa4, 0x50, 0xff,
  0x72, 0x29, 0xff, 0x6a, 0x2a, 0xff, 0x73, 0xb1, 0xff, 0x5b, 0x0e, 0xff,
  0x11, 0x27, 0xff, 0x3a, 0x8e, 0xff, 0x7b, 0x71, 0xff, 0x2a, 0x90, 0xff,
  0x2a, 0xd1, 0xfb, 0x21, 0xa8, 0x9c, 0x00, 0x00, 0x80, 0x00, 0x00, 0x80,
  0x00, 0x00, 0x80, 0x00, 0x00, 0x80, 0x00, 0x00, 0x45, 0x00, 0x00, 0x00,
  0x00, 0x00, 0x00, 0x00, 0x00, 0x00, 0x00, 0x00, 0x00, 0x00, 0x00, 0x00,
  0x00, 0x00, 0x00, 0x00, 0x00, 0x00, 0x00, 0x00, 0x00, 0x00, 0x00, 0x00,
  0x00, 0x00, 0x00, 0x00, 0x00, 0x04, 0x8d, 0x57, 0xa4, 0x8d, 0x99, 0xff,
  0x6c, 0xb7, 0xff, 0x3b, 0x31, 0xff, 0x22, 0x0d, 0xff, 0x19, 0xab, 0xff,
  0x19, 0xcb, 0xff, 0x4b, 0x51, 0xff, 0x6c, 0xd7, 0xff, 0xc5, 0xf8, 0xff,
  0xc5, 0x51, 0xff, 0xa4, 0x90, 0xff, 0xa4, 0xb2, 0xff, 0x53, 0xb3, 0xff,
  0x53, 0xb3, 0xff, 0xad, 0x55, 0xff, 0xf7, 0x5c, 0xff, 0xef, 0x5c, 0xff,
  0xce, 0x58, 0xff, 0x94, 0xb4, 0xff, 0x7c, 0x12, 0xff, 0x5b, 0x2e, 0xff,
  0x11, 0x48, 0xff, 0x43, 0x10, 0xff, 0x6b, 0x92, 0xff, 0x2a, 0x6f, 0xff,
  0x1a, 0x4f, 0xff, 0x2a, 0x8e, 0xcc, 0x00, 0x00, 0x80, 0x00, 0x00, 0x80,
  0x00, 0x00, 0x80, 0x00, 0x00, 0x4b, 0x00, 0x00, 0x04, 0x00, 0x00, 0x00,
  0x00, 0x00, 0x00, 0x00, 0x00, 0x00, 0x00, 0x00, 0x00, 0x00, 0x00, 0x00,
  0x00, 0x00, 0x00, 0x00, 0x00, 0x00, 0x00, 0x00, 0x00, 0x00, 0x00, 0x00,
  0x00, 0x00, 0x00, 0x00, 0x00, 0x00, 0x00, 0x00, 0x04, 0x85, 0x17, 0x98,
  0x85, 0x79, 0xff, 0x5c, 0x56, 0xff, 0x21, 0xec, 0xff, 0x09, 0x29, 0xff,
  0x09, 0x28, 0xff, 0x3b, 0x10, 0xff, 0x6c, 0xb7, 0xff, 0x9c, 0xd4, 0xff,
  0xad, 0x13, 0xff, 0x9c, 0x71, 0xff, 0x4a, 0x2a, 0xff, 0x5c, 0x14, 0xff,
  0x64, 0x76, 0xff, 0x84, 0x11, 0xff, 0xef, 0x3b, 0xff, 0xf7, 0x7c, 0xff,
  0xef, 0x3b, 0xff, 0xce, 0x58, 0xff, 0x94, 0xb4, 0xff, 0x63, 0x4f, 0xff,
  0x19, 0xaa, 0xff, 0x53, 0x71, 0xff, 0x6c, 0x34, 0xff, 0x19, 0xec, 0xff,
  0x11, 0xed, 0xff, 0x22, 0x90, 0xf6, 0x08, 0x82, 0x88, 0x00, 0x00, 0x80,
  0x00, 0x00, 0x45, 0x00, 0x00, 0x04, 0x00, 0x00, 0x00, 0x00, 0x00, 0x00,
  0x00, 0x00, 0x00, 0x00, 0x00, 0x00, 0x00, 0x00, 0x00, 0x00, 0x00, 0x00,
  0x00, 0x00, 0x00, 0x00, 0x00, 0x00, 0x00, 0x00, 0x00, 0x00, 0x00, 0x00,
  0x00, 0x00, 0x00, 0x00, 0x00, 0x00, 0x00, 0x00, 0x00, 0x00, 0x00, 0x00,
  0x74, 0xd6, 0x74, 0x7d, 0x38, 0xf6, 0x5c, 0x15, 0xff, 0x11, 0x07, 0xff,
  0x08, 0xa5, 0xff, 0x43, 0x10, 0xff, 0x6c, 0xd7, 0xff, 0x7d, 0x18, 0xff,
  0x4b, 0x50, 0xff, 0x2a, 0x0b, 0xff, 0x3a, 0xf0, 0xff, 0x74, 0xf8, 0xff,
  0x6c, 0xb6, 0xff, 0x73, 0x90, 0xff, 0xe6, 0xfa, 0xff, 0xf7, 0x7d, 0xff,
  0xef, 0x5c, 0xff, 0xde, 0xda, 0xff, 0xbd, 0xb6, 0xff, 0x73, 0xd1, 0xff,
  0x2a, 0x2c, 0xff, 0x22, 0x4e, 0xff, 0x32, 0xd0, 0xff, 0x11, 0x6a, 0xff,
  0x11, 0xcc, 0xff, 0x1a, 0x2e, 0xfe, 0x2a, 0x2c, 0xab, 0x00, 0x00, 0x32,
  0x00, 0x00, 0x00, 0x00, 0x00, 0x00, 0x00, 0x00, 0x00, 0x00, 0x00, 0x00,
  0x00, 0x00, 0x00, 0x00, 0x00, 0x00, 0x00, 0x00, 0x00, 0x00, 0x00, 0x00,
  0x00, 0x00, 0x00, 0x00, 0x00, 0x00, 0x00, 0x00, 0x00, 0x00, 0x00, 0x00,
  0x00, 0x00, 0x00, 0x00, 0x00, 0x00, 0x00, 0x00, 0x00, 0x00, 0x00, 0x00,
  0x00, 0x00, 0x00, 0x43, 0x30, 0x2e, 0x2a, 0x8f, 0xcc, 0x3a, 0x8d, 0xff,
  0x19, 0x68, 0xff, 0x4b, 0x92, 0xff, 0x75, 0x18, 0xff, 0x7d, 0x59, 0xff,
  0x7d, 0x59, 0xff, 0x74, 0xf8, 0xff, 0x75, 0x18, 0xff, 0x74, 0xf8, 0xff,
  0x5c, 0x55, 0xff, 0x73, 0x8f, 0xff, 0xe6, 0xda, 0xff, 0xf7, 0x7c, 0xff,
  0xef, 0x5c, 0xff, 0xe6, 0xda, 0xff, 0xc6, 0x17, 0xff, 0x84, 0x73, 0xff,
  0x3a, 0xae, 0xff, 0x22, 0x2e, 0xff, 0x22, 0x90, 0xff, 0x09, 0x29, 0xff,
  0x11, 0xac, 0xff, 0x11, 0xed, 0xcc, 0x19, 0xec, 0x2d, 0x00, 0x00, 0x00,
  0x00, 0x00, 0x00, 0x00, 0x00, 0x00, 0x00, 0x00, 0x00, 0x00, 0x00, 0x00,
  0x00, 0x00, 0x00, 0x00, 0x00, 0x00, 0x00, 0x00, 0x00, 0x00, 0x00, 0x00,
  0x00, 0x00, 0x00, 0x00, 0x00, 0x00, 0x00, 0x00, 0x00, 0x00, 0x00, 0x00,
  0x00, 0x00, 0x00, 0x00, 0x00, 0x00, 0x00, 0x00, 0x00, 0x00, 0x00, 0x00,
  0x00, 0x00, 0x00, 0x00, 0x00, 0x00, 0x00, 0x00, 0x03, 0x19, 0xcb, 0x61,
  0x2a, 0x0b, 0xdf, 0x54, 0x14, 0xff, 0x75, 0x18, 0xff, 0x7d, 0x59, 0xff,
  0x85, 0x79, 0xff, 0x85, 0x79, 0xff, 0x7d, 0x38, 0xff, 0x74, 0xf8, 0xff,
  0x5c, 0x14, 0xff, 0x7b, 0xf0, 0xff, 0xe7, 0x1b, 0xff, 0xf7, 0x7c, 0xff,
  0xef, 0x3b, 0xff, 0xde, 0xba, 0xff, 0xc6, 0x17, 0xff, 0x94, 0xb4, 0xff,
  0x4b, 0x2f, 0xff, 0x22, 0x6f, 0xff, 0x22, 0x90, 0xff, 0x09, 0x08, 0xdf,
  0x09, 0x49, 0x61, 0x00, 0x00, 0x03, 0x00, 0x00, 0x00, 0x00, 0x00, 0x00,
  0x00, 0x00, 0x00, 0x00, 0x00, 0x00, 0x00, 0x00, 0x00, 0x00, 0x00, 0x00,
  0x00, 0x00, 0x00, 0x00, 0x00, 0x00, 0x00, 0x00, 0x00, 0x00, 0x00, 0x00,
  0x00, 0x00, 0x00, 0x00, 0x00, 0x00, 0x00, 0x00, 0x00, 0x00, 0x00, 0x00,
  0x00, 0x00, 0x00, 0x00, 0x00, 0x00, 0x00, 0x00, 0x00, 0x00, 0x00, 0x00,
  0x00, 0x00, 0x00, 0x00, 0x00, 0x00, 0x00, 0x00, 0x00, 0x00, 0x00, 0x00,
  0x00, 0x00, 0x04, 0x53, 0xb2, 0x56, 0x6c, 0xb6, 0xbd, 0x85, 0x79, 0xf9,
  0x8d, 0xba, 0xff, 0x8d, 0x9a, 0xff, 0x85, 0x58, 0xff, 0x6c, 0xf8, 0xff,
  0x53, 0xd3, 0xff, 0x94, 0x92, 0xff, 0xef, 0x3c, 0xff, 0xef, 0x5c, 0xff,
  0xe6, 0xfb, 0xff, 0xd6, 0x78, 0xff, 0xbd, 0x96, 0xff, 0x8c, 0x93, 0xff,
  0x53, 0x2f, 0xf9, 0x22, 0x6e, 0xbd, 0x22, 0x2d, 0x56, 0x00, 0x00, 0x04,
  0x00, 0x00, 0x00, 0x00, 0x00, 0x00, 0x00, 0x00, 0x00, 0x00, 0x00, 0x00,
  0x00, 0x00, 0x00, 0x00, 0x00, 0x00, 0x00, 0x00, 0x00, 0x00, 0x00, 0x00,
  0x00, 0x00, 0x00, 0x00, 0x00, 0x00, 0x00, 0x00, 0x00, 0x00, 0x00, 0x00,
  0x00, 0x00, 0x00, 0x00, 0x00, 0x00, 0x00, 0x00, 0x00, 0x00, 0x00, 0x00,
  0x00, 0x00, 0x00, 0x00, 0x00, 0x00, 0x00, 0x00, 0x00, 0x00, 0x00, 0x00,
  0x00, 0x00, 0x00, 0x00, 0x00, 0x00, 0x00, 0x00, 0x00, 0x00, 0x00, 0x00,
  0x00, 0x00, 0x00, 0x00, 0x00, 0x00, 0x00, 0x00, 0x00, 0x53, 0x6f, 0x15,
  0x6c, 0x95, 0x5a, 0x7c, 0xf7, 0x91, 0x64, 0x75, 0xc7, 0x64, 0x96, 0xe7,
  0x53, 0x71, 0xf7, 0xad, 0x55, 0xfe, 0xef, 0x3b, 0xfe, 0xe6, 0xfb, 0xf7,
  0xd6, 0x78, 0xe7, 0xbd, 0xb6, 0xc7, 0xa5, 0x14, 0x91, 0x73, 0xb0, 0x5a,
  0x39, 0xe9, 0x15, 0x00, 0x00, 0x00, 0x00, 0x00, 0x00, 0x00, 0x00, 0x00,
  0x00, 0x00, 0x00, 0x00, 0x00, 0x00, 0x00, 0x00, 0x00, 0x00, 0x00, 0x00,
  0x00, 0x00, 0x00, 0x00, 0x00, 0x00, 0x00, 0x00, 0x00, 0x00, 0x00, 0x00,
  0x00, 0x00, 0x00, 0x00, 0x00, 0x00, 0x00, 0x00, 0x00, 0x00, 0x00, 0x00,
#endif
#if LV_COLOR_DEPTH == 32
  /*Pixel format: B,G,R,A*/
  0x00, 0x00, 0x00, 0x00, 0x00, 0x00, 0x00, 0x00, 0x00, 0x00, 0x00, 0x00,
  0x00, 0x00, 0x00, 0x00, 0x00, 0x00, 0x00, 0x00, 0x00, 0x00, 0x00, 0x00,
  0x00, 0x00, 0x00, 0x00, 0x00, 0x00, 0x00, 0x00, 0x00, 0x00, 0x00, 0x00,
  0x00, 0x00, 0x00, 0x00, 0x00, 0x00, 0x00, 0x00, 0x00, 0x00, 0x00, 0x00,
  0x00, 0x00, 0x00, 0x00, 0x00, 0x00, 0x00, 0x00, 0x00, 0x00, 0x00, 0x00,
  0x00, 0x00, 0x00, 0x0a, 0x00, 0x00, 0x00, 0x25, 0x00, 0x00, 0x00, 0x45,
  0x00, 0x00, 0x00, 0x5d, 0x00, 0x00, 0x00, 0x6c, 0x00, 0x00, 0x00, 0x78,
  0x00, 0x00, 0x00, 0x7f, 0x00, 0x00, 0x00, 0x7f, 0x00, 0x00, 0x00, 0x78,
  0x00, 0x00, 0x00, 0x6c, 0x00, 0x00, 0x00, 0x5d, 0x00, 0x00, 0x00, 0x45,
  0x00, 0x00, 0x00, 0x25, 0x00, 0x00, 0x00, 0x0a, 0x00, 0x00, 0x00, 0x00,
  0x00, 0x00, 0x00, 0x00, 0x00, 0x00, 0x00, 0x00, 0x00, 0x00, 0x00, 0x00,
  0x00, 0x00, 0x00, 0x00, 0x00, 0x00, 0x00, 0x00, 0x00, 0x00, 0x00, 0x00,
  0x00, 0x00, 0x00, 0x00, 0x00, 0x00, 0x00, 0x00, 0x00, 0x00, 0x00, 0x00,
  0x00, 0x00, 0x00, 0x00, 0x00, 0x00, 0x00, 0x00, 0x00, 0x00, 0x00, 0x00,
  0x00, 0x00, 0x00, 0x00, 0x00, 0x00, 0x00, 0x00, 0x00, 0x00, 0x00, 0x00,
  0x00, 0x00, 0x00, 0x00, 0x00, 0x00, 0x00, 0x00, 0x00, 0x00, 0x00, 0x00,
  0x00, 0x00, 0x00, 0x00, 0x00, 0x00, 0x00, 0x00, 0x00, 0x00, 0x00, 0x00,
  0x00, 0x00, 0x00, 0x00, 0x00, 0x00, 0x00, 0x00, 0x00, 0x00, 0x00, 0x00,
  0x00, 0x00, 0x00, 0x00, 0x00, 0x00, 0x00, 0x00, 0x00, 0x00, 0x00, 0x04,
  0x00, 0x00, 0x00, 0x24, 0x00, 0x00, 0x00, 0x5a, 0x00, 0x00, 0x00, 0x79,
  0x00, 0x00, 0x00, 0x80, 0x00, 0x00, 0x00, 0x80, 0x00, 0x00, 0x00, 0x80,
  0x00, 0x00, 0x00, 0x80, 0x00, 0x00, 0x00, 0x80, 0x00, 0x00, 0x00, 0x80,
  0x00, 0x00, 0x00, 0x80, 0x00, 0x00, 0x00, 0x80, 0x00, 0x00, 0x00, 0x80,
  0x00, 0x00, 0x00, 0x80, 0x00, 0x00, 0x00, 0x80, 0x00, 0x00, 0x00, 0x80,
  0x00, 0x00, 0x00, 0x79, 0x00, 0x00, 0x00, 0x5a, 0x00, 0x00, 0x00, 0x24,
  0x00, 0x00, 0x00, 0x04, 0x00, 0x00, 0x00, 0x00, 0x00, 0x00, 0x00, 0x00,
  0x00, 0x00, 0x00, 0x00, 0x00, 0x00, 0x00, 0x00, 0x00, 0x00, 0x00, 0x00,
  0x00, 0x00, 0x00, 0x00, 0x00, 0x00, 0x00, 0x00, 0x00, 0x00, 0x00, 0x00,
  0x00, 0x00, 0x00, 0x00, 0x00, 0x00, 0x00, 0x00, 0x00, 0x00, 0x00, 0x00,
  0x00, 0x00, 0x00, 0x00, 0x00, 0x00, 0x00, 0x00, 0x00, 0x00, 0x00, 0x00,
  0x00, 0x00, 0x00, 0x00, 0x00, 0x00, 0x00, 0x00, 0x00, 0x00, 0x00, 0x00,
  0x00, 0x00, 0x00, 0x00, 0x00, 0x00, 0x00, 0x00, 0x00, 0x00, 0x00, 0x00,
  0x00, 0x00, 0x00, 0x00, 0x00, 0x00, 0x00, 0x00, 0x00, 0x00, 0x00, 0x03,
  0x00, 0x00, 0x00, 0x2b, 0x00, 0x00, 0x00, 0x68, 0x00, 0x00, 0x00, 0x80,
  0x00, 0x00, 0x00, 0x80, 0x00, 0x00, 0x00, 0x80, 0x00, 0x00, 0x00, 0x80,
  0x00, 0x00, 0x00, 0x80, 0x00, 0x00, 0x00, 0x80, 0x00, 0x00, 0x00, 0x80,
  0x00, 0x00, 0x00, 0x80, 0x00, 0x00, 0x00, 0x80, 0x00, 0x00, 0x00, 0x80,
  0x00, 0x00, 0x00, 0x80, 0x00, 0x00, 0x00, 0x80, 0x00, 0x00, 0x00, 0x80,
  0x00, 0x00, 0x00, 0x80, 0x00, 0x00, 0x00, 0x80, 0x00, 0x00, 0x00, 0x80,
  0x00, 0x00, 0x00, 0x80, 0x00, 0x00, 0x00, 0x80, 0x00, 0x00, 0x00, 0x68,
  0x00, 0x00, 0x00, 0x2b, 0x00, 0x00, 0x00, 0x03, 0x00, 0x00, 0x00, 0x00,
  0x00, 0x00, 0x00, 0x00, 0x00, 0x00, 0x00, 0x00, 0x00, 0x00, 0x00, 0x00,
  0x00, 0x00, 0x00, 0x00, 0x00, 0x00, 0x00, 0x00, 0x00, 0x00, 0x00, 0x00,
  0x00, 0x00, 0x00, 0x00, 0x00, 0x00, 0x00, 0x00, 0x00, 0x00, 0x00, 0x00,
  0x00, 0x00, 0x00, 0x00, 0x00, 0x00, 0x00, 0x00, 0x00, 0x00, 0x00, 0x00,
  0x00, 0x00, 0x00, 0x00, 0x00, 0x00, 0x00, 0x00, 0x00, 0x00, 0x00, 0x00,
  0x00, 0x00, 0x00, 0x00, 0x00, 0x00, 0x00, 0x00, 0x00, 0x00, 0x00, 0x00,
  0x00, 0x00, 0x00, 0x15, 0x00, 0x00, 0x00, 0x5f, 0x00, 0x00, 0x00, 0x80,
  0x00, 0x00, 0x00, 0x80, 0x00, 0x00, 0x00, 0x80, 0x14, 0x27, 0x42, 0x96,
  0x10, 0x24, 0x4e, 0x9c, 0x00, 0x00, 0x00, 0x80, 0x00, 0x00, 0x00, 0x80,
  0x00, 0x00, 0x00, 0x80, 0x00, 0x00, 0x00, 0x80, 0x00, 0x00, 0x00, 0x80,
  0x00, 0x00, 0x00, 0x80, 0x00, 0x00, 0x00, 0x80, 0x00, 0x00, 0x00, 0x80,
  0x00, 0x00, 0x00, 0x80, 0x00, 0x00, 0x00, 0x80, 0x00, 0x00, 0x00, 0x80,
  0x00, 0x00, 0x00, 0x80, 0x00, 0x00, 0x00, 0x80, 0x00, 0x00, 0x00, 0x80,
  0x00, 0x00, 0x00, 0x80, 0x00, 0x00, 0x00, 0x80, 0x00, 0x00, 0x00, 0x80,
  0x00, 0x00, 0x00, 0x5f, 0x00, 0x00, 0x00, 0x15, 0x00, 0x00, 0x00, 0x00,
  0x00, 0x00, 0x00, 0x00, 0x00, 0x00, 0x00, 0x00, 0x00, 0x00, 0x00, 0x00,
  0x00, 0x00, 0x00, 0x00, 0x00, 0x00, 0x00, 0x00, 0x00, 0x00, 0x00, 0x00,
  0x00, 0x00, 0x00, 0x00, 0x00, 0x00, 0x00, 0x00, 0x00, 0x00, 0x00, 0x00,
  0x00, 0x00, 0x00, 0x00, 0x00, 0x00, 0x00, 0x00, 0x00, 0x00, 0x00, 0x00,
  0x00, 0x00, 0x00, 0x00, 0x00, 0x00, 0x00, 0x00, 0x00, 0x00, 0x00, 0x00,
  0x00, 0x00, 0x00, 0x00, 0x00, 0x00, 0x00, 0x32, 0x00, 0x00, 0x00, 0x77,
  0x00, 0x00, 0x00, 0x80, 0x00, 0x00, 0x00, 0x80, 0x00, 0x00, 0x00, 0x80,
  0x1d, 0x31, 0x44, 0x96, 0x30, 0x6a, 0xcc, 0xf4, 0x21, 0x48, 0xb3, 0xf3,
  0x07, 0x0d, 0x1a, 0x89, 0x00, 0x00, 0x00, 0x80, 0x00, 0x00, 0x00, 0x80,
  0x00, 0x00, 0x00, 0x80, 0x00, 0x00, 0x00, 0x80, 0x00, 0x00, 0x00, 0x80,
  0x00, 0x00, 0x00, 0x80, 0x00, 0x00, 0x00, 0x80, 0x00, 0x00, 0x00, 0x80,
  0x00, 0x00, 0x00, 0x80, 0x00, 0x00, 0x00, 0x80, 0x00, 0x00, 0x00, 0x80,
  0x00, 0x00, 0x00, 0x80, 0x00, 0x00, 0x00, 0x80, 0x00, 0x00, 0x00, 0x80,
  0x00, 0x00, 0x00, 0x80, 0x00, 0x00, 0x00, 0x80, 0x00, 0x00, 0x00, 0x80,
  0x00, 0x00, 0x00, 0x77, 0x00, 0x00, 0x00, 0x32, 0x00, 0x00, 0x00, 0x00,
  0x00, 0x00, 0x00, 0x00, 0x00, 0x00, 0x00, 0x00, 0x00, 0x00, 0x00, 0x00,
  0x00, 0x00, 0x00, 0x00, 0x00, 0x00, 0x00, 0x00, 0x00, 0x00, 0x00, 0x00,
  0x00, 0x00, 0x00, 0x00, 0x00, 0x00, 0x00, 0x00, 0x00, 0x00, 0x00, 0x00,
  0x00, 0x00, 0x00, 0x00, 0x00, 0x00, 0x00, 0x00, 0x00, 0x00, 0x00, 0x00,
  0x00, 0x00, 0x00, 0x00, 0x00, 0x00, 0x00, 0x04, 0x00, 0x00, 0x00, 0x45,
  0x00, 0x00, 0x00, 0x80, 0x00, 0x00, 0x00, 0x80, 0x00, 0x00, 0x00, 0x80,
  0x00, 0x00, 0x00, 0x80, 0x0a, 0x0d, 0x11, 0x85, 0x3d, 0x80, 0xca, 0xe6,
  0x23, 0x52, 0xc0, 0xff, 0x21, 0x4d, 0xbd, 0xff, 0x24, 0x47, 0x99, 0xd0,
  0x00, 0x02, 0x04, 0x81, 0x00, 0x00, 0x00, 0x80, 0x00, 0x00, 0x00, 0x80,
  0x00, 0x00, 0x00, 0x80, 0x00, 0x00, 0x00, 0x80, 0x00, 0x00, 0x00, 0x80,
  0x00, 0x00, 0x00, 0x80, 0x00, 0x00, 0x00, 0x80, 0x00, 0x00, 0x00, 0x80,
  0x00, 0x00, 0x00, 0x80, 0x00, 0x00, 0x00, 0x80, 0x00, 0x00, 0x00, 0x80,
  0x00, 0x00, 0x00, 0x80, 0x00, 0x00, 0x00, 0x80, 0x00, 0x00, 0x00, 0x80,
  0x00, 0x00, 0x00, 0x80, 0x00, 0x00, 0x02, 0x80, 0x00, 0x00, 0x00, 0x80,
  0x00, 0x00, 0x00, 0x80, 0x00, 0x00, 0x00, 0x45, 0x00, 0x00, 0x00, 0x04,
  0x00, 0x00, 0x00, 0x00, 0x00, 0x00, 0x00, 0x00, 0x00, 0x00, 0x00, 0x00,
  0x00, 0x00, 0x00, 0x00, 0x00, 0x00, 0x00, 0x00, 0x00, 0x00, 0x00, 0x00,
  0x00, 0x00, 0x00, 0x00, 0x00, 0x00, 0x00, 0x00, 0x00, 0x00, 0x00, 0x00,
  0x00, 0x00, 0x00, 0x00, 0x00, 0x00, 0x00, 0x00, 0x00, 0x00, 0x00, 0x04,
  0x00, 0x00, 0x00, 0x4b, 0x00, 0x00, 0x00, 0x80, 0x00, 0x00, 0x00, 0x80,
  0x00, 0x00, 0x00, 0x80, 0x00, 0x00, 0x00, 0x80, 0x00, 0x00, 0x00, 0x80,
  0x38, 0x65, 0x91, 0xba, 0x33, 0x78, 0xdb, 0xfe, 0x1d, 0x43, 0xb0, 0xff,
  0x20, 0x51, 0xc1, 0xff, 0x24, 0x4e, 0xc0, 0xff, 0x18, 0x2c, 0x65, 0xb5,
  0x0c, 0x08, 0x06, 0x83, 0x45, 0x36, 0x26, 0x9c, 0x42, 0x2d, 0x1b, 0xa3,
  0x0a, 0x06, 0x02, 0x85, 0x00, 0x00, 0x00, 0x80, 0x00, 0x00, 0x00, 0x80,
  0x00, 0x00, 0x00, 0x80, 0x00, 0x00, 0x00, 0x80, 0x00, 0x00, 0x00, 0x80,
  0x00, 0x00, 0x00, 0x80, 0x00, 0x00, 0x00, 0x80, 0x00, 0x00, 0x00, 0x80,
  0x00, 0x00, 0x00, 0x80, 0x00, 0x00, 0x00, 0x80, 0x06, 0x0c, 0x11, 0x85,
  0x2a, 0x59, 0x97, 0xc0, 0x17, 0x27, 0x53, 0xa8, 0x00, 0x00, 0x00, 0x80,
  0x00, 0x00, 0x00, 0x80, 0x00, 0x00, 0x00, 0x4b, 0x00, 0x00, 0x00, 0x04,
  0x00, 0x00, 0x00, 0x00, 0x00, 0x00, 0x00, 0x00, 0x00, 0x00, 0x00, 0x00,
  0x00, 0x00, 0x00, 0x00, 0x00, 0x00, 0x00, 0x00, 0x00, 0x00, 0x00, 0x00,
  0x00, 0x00, 0x00, 0x00, 0x00, 0x00, 0x00, 0x00, 0x00, 0x00, 0x00, 0x00,
  0x00, 0x00, 0x00, 0x00, 0x00, 0x00, 0x00, 0x45, 0x00, 0x00, 0x00, 0x80,
  0x00, 0x00, 0x00, 0x80, 0x00, 0x00, 0x00, 0x80, 0x00, 0x00, 0x00, 0x80,
  0x00, 0x00, 0x00, 0x80, 0x0d, 0x15, 0x1c, 0x88, 0x44, 0x8c, 0xda, 0xf3,
  0x32, 0x75, 0xda, 0xff, 0x4e, 0x84, 0xd2, 0xff, 0x37, 0x6a, 0xcb, 0xff,
  0x23, 0x50, 0xbe, 0xff, 0x64, 0x64, 0x87, 0xf7, 0x88, 0x68, 0x47, 0xec,
  0x73, 0x51, 0x33, 0xff, 0x67, 0x44, 0x25, 0xff, 0x5c, 0x3b, 0x1f, 0xde,
  0x08, 0x04, 0x04, 0x84, 0x00, 0x00, 0x00, 0x80, 0x00, 0x00, 0x00, 0x80,
  0x00, 0x00, 0x00, 0x80, 0x00, 0x00, 0x00, 0x80, 0x00, 0x00, 0x00, 0x80,
  0x00, 0x00, 0x00, 0x80, 0x00, 0x00, 0x00, 0x80, 0x04, 0x08, 0x0e, 0x83,
  0x21, 0x41, 0x70, 0xa9, 0x33, 0x71, 0xc7, 0xe7, 0x25, 0x4f, 0xab, 0xff,
  0x1c, 0x2b, 0x5f, 0xda, 0x00, 0x00, 0x00, 0x80, 0x00, 0x00, 0x00, 0x80,
  0x00, 0x00, 0x00, 0x80, 0x00, 0x00, 0x00, 0x45, 0x00, 0x00, 0x00, 0x00,
  0x00, 0x00, 0x00, 0x00, 0x00, 0x00, 0x00, 0x00, 0x00, 0x00, 0x00, 0x00,
  0x00, 0x00, 0x00, 0x00, 0x00, 0x00, 0x00, 0x00, 0x00, 0x00, 0x00, 0x00,
  0x00, 0x00, 0x00, 0x00, 0x00, 0x00, 0x00, 0x00, 0x00, 0x00, 0x00, 0x32,
  0x00, 0x00, 0x00, 0x80, 0x00, 0x00, 0x00, 0x80, 0x00, 0x00, 0x00, 0x80,
  0x00, 0x00, 0x00, 0x80, 0x00, 0x00, 0x00, 0x80, 0x00, 0x00, 0x00, 0x80,
  0x30, 0x55, 0x80, 0xb0, 0x3a, 0x84, 0xdf, 0xfe, 0x35, 0x78, 0xd9, 0xff,
  0x8b, 0xc0, 0xed, 0xff, 0x97, 0xc4, 0xef, 0xff, 0x81, 0x87, 0x9b, 0xff,
  0x6d, 0x51, 0x3b, 0xff, 0x50, 0x33, 0x1f, 0xff, 0x4f, 0x31, 0x1b, 0xff,
  0x51, 0x32, 0x1c, 0xff, 0x61, 0x3c, 0x23, 0xff, 0x28, 0x1b, 0x11, 0x99,
  0x00, 0x00, 0x00, 0x80, 0x00, 0x00, 0x00, 0x80, 0x00, 0x00, 0x00, 0x80,
  0x00, 0x00, 0x00, 0x80, 0x00, 0x00, 0x00, 0x80, 0x00, 0x00, 0x00, 0x80,
  0x22, 0x3a, 0x5a, 0x9e, 0x32, 0x69, 0xc4, 0xe6, 0x1f, 0x45, 0xab, 0xfe,
  0x13, 0x26, 0x74, 0xff, 0x0f, 0x1a, 0x55, 0xff, 0x1f, 0x30, 0x5d, 0xea,
  0x00, 0x00, 0x00, 0x80, 0x00, 0x00, 0x00, 0x80, 0x00, 0x00, 0x00, 0x80,
  0x00, 0x00, 0x00, 0x80, 0x00, 0x00, 0x00, 0x32, 0x00, 0x00, 0x00, 0x00,
  0x00, 0x00, 0x00, 0x00, 0x00, 0x00, 0x00, 0x00, 0x00, 0x00, 0x00, 0x00,
  0x00, 0x00, 0x00, 0x00, 0x00, 0x00, 0x00, 0x00, 0x00, 0x00, 0x00, 0x00,
  0x00, 0x00, 0x00, 0x15, 0x00, 0x00, 0x00, 0x77, 0x00, 0x00, 0x00, 0x80,
  0x00, 0x00, 0x00, 0x80, 0x00, 0x00, 0x00, 0x80, 0x00, 0x00, 0x00, 0x80,
  0x00, 0x00, 0x00, 0x80, 0x00, 0x00, 0x00, 0x80, 0x35, 0x6e, 0xaf, 0xcf,
  0x33, 0x7b, 0xda, 0xff, 0x2d, 0x71, 0xd5, 0xff, 0x83, 0xb9, 0xea, 0xff,
  0xb4, 0xb9, 0xb9, 0xff, 0x68, 0x4d, 0x3b, 0xff, 0x46, 0x2d, 0x1d, 0xff,
  0x3c, 0x24, 0x15, 0xff, 0x33, 0x21, 0x1d, 0xff, 0x38, 0x2d, 0x35, 0xff,
  0x77, 0x60, 0x55, 0xff, 0x7c, 0x70, 0x6b, 0xbf, 0x79, 0x76, 0x76, 0xad,
  0x6a, 0x6a, 0x6a, 0xa1, 0x1c, 0x1e, 0x1e, 0x88, 0x04, 0x04, 0x06, 0x81,
  0x00, 0x00, 0x00, 0x80, 0x1e, 0x34, 0x4d, 0x98, 0x3c, 0x82, 0xdf, 0xf8,
  0x1e, 0x48, 0xb2, 0xff, 0x10, 0x1c, 0x57, 0xff, 0x0f, 0x16, 0x44, 0xff,
  0x12, 0x1c, 0x4b, 0xff, 0x1c, 0x30, 0x5f, 0xf2, 0x02, 0x02, 0x04, 0x81,
  0x00, 0x00, 0x00, 0x80, 0x00, 0x00, 0x00, 0x80, 0x00, 0x00, 0x00, 0x80,
  0x00, 0x00, 0x00, 0x77, 0x00, 0x00, 0x00, 0x15, 0x00, 0x00, 0x00, 0x00,
  0x00, 0x00, 0x00, 0x00, 0x00, 0x00, 0x00, 0x00, 0x00, 0x00, 0x00, 0x00,
  0x00, 0x00, 0x00, 0x00, 0x00, 0x00, 0x00, 0x03, 0x00, 0x00, 0x00, 0x5f,
  0x00, 0x00, 0x00, 0x80, 0x00, 0x00, 0x00, 0x80, 0x00, 0x00, 0x00, 0x80,
  0x00, 0x00, 0x00, 0x80, 0x00, 0x00, 0x00, 0x80, 0x00, 0x00, 0x00, 0x80,
  0x00, 0x00, 0x00, 0x80, 0x38, 0x74, 0xbf, 0xe0, 0x2f, 0x75, 0xd6, 0xff,
  0x32, 0x78, 0xd7, 0xff, 0xa2, 0xc5, 0xe2, 0xff, 0x8b, 0x75, 0x66, 0xff,
  0x41, 0x2b, 0x23, 0xff, 0x39, 0x3f, 0x52, 0xff, 0x4a, 0x75, 0xa3, 0xff,
  0x5a, 0x8f, 0xcb, 0xff, 0x6b, 0xae, 0xe6, 0xff, 0xe3, 0xef, 0xf5, 0xff,
  0xf4, 0xf5, 0xf6, 0xff, 0xf7, 0xf8, 0xf9, 0xff, 0xfb, 0xfc, 0xfc, 0xff,
  0xdc, 0xec, 0xf6, 0xfa, 0x81, 0xa5, 0xc6, 0xd4, 0x38, 0x48, 0x56, 0x9b,
  0x52, 0x90, 0xd2, 0xe2, 0x2a, 0x66, 0xd0, 0xff, 0x14, 0x27, 0x73, 0xff,
  0x32, 0x3e, 0x5f, 0xff, 0x3e, 0x4c, 0x69, 0xff, 0x2e, 0x3e, 0x65, 0xff,
  0x1c, 0x2e, 0x5b, 0xed, 0x00, 0x00, 0x00, 0x80, 0x00, 0x00, 0x00, 0x80,
  0x00, 0x00, 0x00, 0x80, 0x00, 0x00, 0x00, 0x80, 0x00, 0x00, 0x00, 0x80,
  0x00, 0x00, 0x00, 0x5f, 0x00, 0x00, 0x00, 0x03, 0x00, 0x00, 0x00, 0x00,
  0x00, 0x00, 0x00, 0x00, 0x00, 0x00, 0x00, 0x00, 0x00, 0x00, 0x00, 0x00,
  0x00, 0x00, 0x00, 0x2b, 0x00, 0x00, 0x00, 0x80, 0x00, 0x00, 0x00, 0x80,
  0x00, 0x00, 0x00, 0x80, 0x00, 0x00, 0x00, 0x80, 0x00, 0x00, 0x00, 0x80,
  0x00, 0x00, 0x00, 0x80, 0x00, 0x00, 0x00, 0x80, 0x00, 0x00, 0x00, 0x80,
  0x33, 0x69, 0xb3, 0xd8, 0x2f, 0x74, 0xd7, 0xff, 0x56, 0x9d, 0xe9, 0xff,
  0xb5, 0xc3, 0xcd, 0xff, 0x55, 0x43, 0x3e, 0xff, 0x4f, 0x76, 0xa3, 0xff,
  0x43, 0x77, 0xc6, 0xff, 0x1b, 0x39, 0x8d, 0xff, 0x0c, 0x1d, 0x68, 0xff,
  0x19, 0x36, 0x82, 0xff, 0xb3, 0xd1, 0xed, 0xff, 0xec, 0xf3, 0xf7, 0xff,
  0xed, 0xf4, 0xf7, 0xff, 0xef, 0xf5, 0xf8, 0xff, 0x8a, 0xbd, 0xf1, 0xff,
  0x55, 0x98, 0xe4, 0xff, 0x68, 0xa2, 0xdf, 0xfe, 0x6b, 0xa9, 0xe7, 0xff,
  0x23, 0x4f, 0xaa, 0xff, 0x25, 0x31, 0x61, 0xff, 0x46, 0x51, 0x69, 0xff,
  0x47, 0x54, 0x6e, 0xff, 0x25, 0x36, 0x61, 0xff, 0x1a, 0x2a, 0x55, 0xde,
  0x00, 0x00, 0x00, 0x80, 0x00, 0x00, 0x00, 0x80, 0x00, 0x00, 0x00, 0x80,
  0x00, 0x00, 0x00, 0x80, 0x00, 0x00, 0x00, 0x80, 0x00, 0x00, 0x00, 0x80,
  0x00, 0x00, 0x00, 0x2b, 0x00, 0x00, 0x00, 0x00, 0x00, 0x00, 0x00, 0x00,
  0x00, 0x00, 0x00, 0x00, 0x00, 0x00, 0x00, 0x04, 0x00, 0x00, 0x00, 0x68,
  0x00, 0x00, 0x00, 0x80, 0x00, 0x00, 0x00, 0x80, 0x00, 0x00, 0x00, 0x80,
  0x00, 0x00, 0x00, 0x80, 0x00, 0x00, 0x00, 0x80, 0x00, 0x00, 0x00, 0x80,
  0x00, 0x00, 0x00, 0x80, 0x00, 0x00, 0x00, 0x80, 0x24, 0x49, 0x7d, 0xb6,
  0x35, 0x79, 0xd5, 0xfe, 0x91, 0xc7, 0xf3, 0xff, 0xa5, 0xa1, 0xa2, 0xff,
  0x5c, 0x7e, 0x9e, 0xff, 0x44, 0x80, 0xc5, 0xff, 0x10, 0x2a, 0x72, 0xff,
  0x14, 0x31, 0x79, 0xff, 0x19, 0x3b, 0x86, 0xff, 0x1e, 0x48, 0x9c, 0xff,
  0x9f, 0xbb, 0xdd, 0xff, 0xdc, 0xe7, 0xee, 0xff, 0xdb, 0xe6, 0xed, 0xff,
  0xc5, 0xd5, 0xe8, 0xff, 0x2c, 0x59, 0xab, 0xff, 0x11, 0x24, 0x68, 0xff,
  0x16, 0x27, 0x5f, 0xff, 0x46, 0x71, 0xab, 0xff, 0x42, 0x60, 0x90, 0xff,
  0x1a, 0x2b, 0x61, 0xff, 0x47, 0x51, 0x6b, 0xff, 0x3c, 0x48, 0x66, 0xff,
  0x19, 0x26, 0x55, 0xff, 0x15, 0x21, 0x44, 0xc6, 0x00, 0x00, 0x00, 0x80,
  0x00, 0x00, 0x00, 0x80, 0x00, 0x00, 0x00, 0x80, 0x00, 0x00, 0x00, 0x80,
  0x00, 0x00, 0x00, 0x80, 0x00, 0x00, 0x00, 0x80, 0x00, 0x00, 0x00, 0x68,
  0x00, 0x00, 0x00, 0x04, 0x00, 0x00, 0x00, 0x00, 0x00, 0x00, 0x00, 0x00,
  0x00, 0x00, 0x00, 0x24, 0x00, 0x00, 0x00, 0x80, 0x00, 0x00, 0x00, 0x80,
  0x00, 0x00, 0x00, 0x80, 0x00, 0x00, 0x00, 0x80, 0x00, 0x00, 0x00, 0x80,
  0x00, 0x00, 0x00, 0x80, 0x00, 0x00, 0x00, 0x80, 0x00, 0x00, 0x00, 0x80,
  0x00, 0x00, 0x00, 0x80, 0x06, 0x08, 0x0e, 0x84, 0x21, 0x4d, 0x9c, 0xdf,
  0x3a, 0x79, 0xd1, 0xfe, 0x6f, 0x8f, 0xb4, 0xff, 0x78, 0xbc, 0xf0, 0xff,
  0x36, 0x7c, 0xd3, 0xff, 0x1d, 0x45, 0x98, 0xff, 0x1b, 0x42, 0x92, 0xff,
  0x23, 0x55, 0xac, 0xff, 0x28, 0x67, 0xc6, 0xff, 0xa3, 0xc1, 0xe2, 0xff,
  0xcd, 0xda, 0xe3, 0xff, 0xc5, 0xd2, 0xdd, 0xff, 0x86, 0x9b, 0xba, 0xff,
  0x18, 0x35, 0x74, 0xff, 0x11, 0x2c, 0x63, 0xff, 0x0b, 0x20, 0x52, 0xff,
  0x11, 0x1f, 0x4b, 0xff, 0x45, 0x5f, 0x8e, 0xff, 0x43, 0x49, 0x5f, 0xff,
  0x4b, 0x51, 0x68, 0xff, 0x24, 0x31, 0x57, 0xff, 0x14, 0x22, 0x53, 0xfd,
  0x14, 0x1a, 0x30, 0xa4, 0x00, 0x00, 0x00, 0x80, 0x00, 0x00, 0x00, 0x80,
  0x00, 0x00, 0x00, 0x80, 0x00, 0x00, 0x00, 0x80, 0x00, 0x00, 0x00, 0x80,
  0x00, 0x00, 0x00, 0x80, 0x00, 0x00, 0x00, 0x80, 0x00, 0x00, 0x00, 0x24,
  0x00, 0x00, 0x00, 0x00, 0x00, 0x00, 0x00, 0x00, 0x00, 0x00, 0x00, 0x5a,
  0x00, 0x00, 0x00, 0x80, 0x00, 0x00, 0x00, 0x80, 0x00, 0x00, 0x00, 0x80,
  0x00, 0x00, 0x00, 0x80, 0x00, 0x00, 0x00, 0x80, 0x00, 0x00, 0x00, 0x80,
  0x00, 0x00, 0x00, 0x80, 0x00, 0x00, 0x00, 0x80, 0x00, 0x00, 0x00, 0x80,
  0x00, 0x00, 0x00, 0x80, 0x02, 0x04, 0x0a, 0x85, 0x0f, 0x23, 0x5e, 0xbc,
  0x7f, 0xb4, 0xe6, 0xfd, 0x5d, 0xa8, 0xee, 0xff, 0x2e, 0x73, 0xd0, 0xff,
  0x2c, 0x62, 0xb4, 0xff, 0x34, 0x6d, 0xbb, 0xff, 0x31, 0x73, 0xce, 0xff,
  0x2f, 0x7a, 0xd8, 0xff, 0xb5, 0xce, 0xe6, 0xff, 0xc1, 0xd2, 0xdf, 0xff,
  0xb3, 0xc2, 0xcf, 0xff, 0x66, 0x79, 0xa0, 0xff, 0x15, 0x31, 0x6c, 0xff,
  0x11, 0x29, 0x64, 0xff, 0x0f, 0x2b, 0x60, 0xff, 0x11, 0x2d, 0x5f, 0xff,
  0x46, 0x5f, 0x8e, 0xff, 0x55, 0x56, 0x66, 0xff, 0x4f, 0x55, 0x68, 0xff,
  0x18, 0x25, 0x4d, 0xff, 0x15, 0x21, 0x49, 0xdf, 0x02, 0x02, 0x04, 0x82,
  0x00, 0x00, 0x00, 0x80, 0x00, 0x00, 0x00, 0x80, 0x00, 0x00, 0x00, 0x80,
  0x00, 0x00, 0x00, 0x80, 0x00, 0x00, 0x00, 0x80, 0x00, 0x00, 0x00, 0x80,
  0x00, 0x00, 0x00, 0x80, 0x00, 0x00, 0x00, 0x5a, 0x00, 0x00, 0x00, 0x00,
  0x00, 0x00, 0x00, 0x0a, 0x00, 0x00, 0x00, 0x79, 0x00, 0x00, 0x00, 0x80,
  0x00, 0x00, 0x00, 0x80, 0x00, 0x00, 0x00, 0x80, 0x00, 0x00, 0x00, 0x80,
  0x00, 0x00, 0x00, 0x80, 0x00, 0x00, 0x00, 0x80, 0x00, 0x00, 0x00, 0x80,
  0x00, 0x00, 0x00, 0x80, 0x00, 0x00, 0x00, 0x80, 0x00, 0x00, 0x00, 0x80,
  0x00, 0x00, 0x00, 0x80, 0x41, 0x56, 0x63, 0xa0, 0x88, 0xc7, 0xf4, 0xfd,
  0x4b, 0x98, 0xe8, 0xff, 0x3a, 0x75, 0xbd, 0xff, 0x86, 0x95, 0xad, 0xff,
  0x8e, 0x9b, 0xaf, 0xff, 0x58, 0x97, 0xd6, 0xff, 0x44, 0x91, 0xe5, 0xff,
  0xcd, 0xde, 0xec, 0xff, 0xbd, 0xd2, 0xe0, 0xff, 0xab, 0xbd, 0xcd, 0xff,
  0x5d, 0x6f, 0x96, 0xff, 0x15, 0x2c, 0x63, 0xff, 0x1a, 0x27, 0x52, 0xff,
  0x14, 0x29, 0x5b, 0xff, 0x12, 0x2d, 0x60, 0xff, 0x37, 0x52, 0x82, 0xff,
  0x2c, 0x36, 0x56, 0xff, 0x1d, 0x27, 0x4c, 0xfc, 0x13, 0x1f, 0x47, 0xe3,
  0x07, 0x0b, 0x14, 0x8e, 0x00, 0x00, 0x00, 0x80, 0x00, 0x00, 0x00, 0x80,
  0x00, 0x00, 0x00, 0x80, 0x00, 0x00, 0x00, 0x80, 0x00, 0x00, 0x00, 0x80,
  0x00, 0x00, 0x00, 0x80, 0x00, 0x00, 0x00, 0x80, 0x00, 0x00, 0x00, 0x80,
  0x00, 0x00, 0x00, 0x79, 0x00, 0x00, 0x00, 0x0a, 0x00, 0x00, 0x00, 0x25,
  0x00, 0x00, 0x00, 0x80, 0x00, 0x00, 0x00, 0x80, 0x00, 0x00, 0x00, 0x80,
  0x00, 0x00, 0x00, 0x80, 0x00, 0x00, 0x00, 0x80, 0x00, 0x00, 0x00, 0x80,
  0x00, 0x00, 0x00, 0x80, 0x00, 0x00, 0x00, 0x80, 0x00, 0x00, 0x00, 0x80,
  0x00, 0x00, 0x00, 0x80, 0x00, 0x00, 0x00, 0x80, 0x0a, 0x0e, 0x0f, 0x84,
  0x82, 0xb5, 0xd9, 0xe3, 0x72, 0xb9, 0xf4, 0xff, 0x52, 0xa1, 0xec, 0xff,
  0xa8, 0xbe, 0xd6, 0xff, 0x8e, 0x94, 0xa4, 0xff, 0x20, 0x2c, 0x50, 0xff,
  0x8c, 0xaf, 0xd9, 0xff, 0x80, 0xb9, 0xef, 0xff, 0xdd, 0xeb, 0xf3, 0xff,
  0xd0, 0xe0, 0xec, 0xff, 0xbd, 0xcf, 0xdc, 0xff, 0x65, 0x79, 0x9c, 0xff,
  0x31, 0x3c, 0x5d, 0xff, 0x5e, 0x5c, 0x66, 0xff, 0x6a, 0x6a, 0x76, 0xff,
  0x16, 0x2c, 0x59, 0xff, 0x2f, 0x49, 0x79, 0xfe, 0x20, 0x2c, 0x44, 0xbf,
  0x06, 0x0d, 0x1d, 0x9f, 0x02, 0x02, 0x04, 0x83, 0x00, 0x00, 0x00, 0x80,
  0x00, 0x00, 0x00, 0x80, 0x00, 0x00, 0x00, 0x80, 0x00, 0x00, 0x00, 0x80,
  0x00, 0x00, 0x00, 0x80, 0x00, 0x00, 0x00, 0x80, 0x00, 0x00, 0x00, 0x80,
  0x00, 0x00, 0x00, 0x80, 0x00, 0x00, 0x00, 0x80, 0x00, 0x00, 0x00, 0x80,
  0x00, 0x00, 0x00, 0x25, 0x00, 0x00, 0x00, 0x45, 0x00, 0x00, 0x00, 0x80,
  0x00, 0x00, 0x00, 0x80, 0x00, 0x00, 0x00, 0x80, 0x00, 0x00, 0x00, 0x80,
  0x00, 0x00, 0x00, 0x80, 0x00, 0x00, 0x00, 0x80, 0x00, 0x00, 0x00, 0x80,
  0x00, 0x00, 0x00, 0x80, 0x00, 0x00, 0x00, 0x80, 0x00, 0x00, 0x00, 0x80,
  0x06, 0x08, 0x0a, 0x82, 0x6f, 0x99, 0xb7, 0xca, 0x84, 0xc4, 0xf6, 0xfe,
  0x73, 0xba, 0xf5, 0xff, 0x6a, 0xb4, 0xf3, 0xff, 0xc1, 0xdc, 0xf3, 0xff,
  0x40, 0x57, 0x81, 0xff, 0x1f, 0x32, 0x58, 0xff, 0x87, 0xaf, 0xdf, 0xff,
  0xd6, 0xe8, 0xf5, 0xff, 0xc8, 0xcf, 0xd6, 0xff, 0xb2, 0xb8, 0xc0, 0xff,
  0xc1, 0xc7, 0xcd, 0xff, 0x92, 0xa4, 0xbc, 0xff, 0x28, 0x35, 0x59, 0xff,
  0x07, 0x09, 0x13, 0xff, 0x56, 0x5e, 0x78, 0xff, 0x34, 0x40, 0x5f, 0xff,
  0x27, 0x3f, 0x71, 0xfe, 0x31, 0x3a, 0x4a, 0xa2, 0x00, 0x00, 0x00, 0x80,
  0x00, 0x00, 0x00, 0x80, 0x00, 0x00, 0x00, 0x80, 0x00, 0x00, 0x00, 0x80,
  0x00, 0x00, 0x00, 0x80, 0x00, 0x00, 0x00, 0x80, 0x00, 0x00, 0x00, 0x80,
  0x00, 0x00, 0x00, 0x80, 0x00, 0x00, 0x00, 0x80, 0x00, 0x00, 0x00, 0x80,
  0x00, 0x00, 0x00, 0x80, 0x00, 0x00, 0x00, 0x80, 0x00, 0x00, 0x00, 0x45,
  0x00, 0x00, 0x00, 0x5d, 0x00, 0x00, 0x00, 0x80, 0x00, 0x00, 0x00, 0x80,
  0x00, 0x00, 0x00, 0x80, 0x00, 0x00, 0x00, 0x80, 0x00, 0x00, 0x00, 0x80,
  0x00, 0x00, 0x00, 0x80, 0x00, 0x00, 0x00, 0x80, 0x00, 0x00, 0x00, 0x80,
  0x00, 0x00, 0x00, 0x80, 0x08, 0x08, 0x0a, 0x82, 0x6f, 0x96, 0xb7, 0xca,
  0x80, 0xc0, 0xf5, 0xfe, 0x78, 0xbc, 0xf5, 0xff, 0x6f, 0xb6, 0xf5, 0xff,
  0x65, 0xb0, 0xf3, 0xff, 0x67, 0xb0, 0xf3, 0xff, 0x7b, 0xb9, 0xf0, 0xff,
  0xb2, 0xd5, 0xf2, 0xff, 0xf5, 0xf9, 0xfb, 0xff, 0x90, 0x92, 0x9c, 0xff,
  0x36, 0x32, 0x3b, 0xff, 0x33, 0x2d, 0x35, 0xff, 0x32, 0x2c, 0x32, 0xff,
  0x62, 0x5e, 0x61, 0xff, 0x58, 0x73, 0xa1, 0xff, 0x1c, 0x2f, 0x5b, 0xff,
  0x4c, 0x58, 0x7c, 0xff, 0x35, 0x46, 0x6e, 0xff, 0x25, 0x3c, 0x6f, 0xff,
  0x3c, 0x4c, 0x69, 0xc0, 0x00, 0x00, 0x00, 0x80, 0x00, 0x00, 0x00, 0x80,
  0x00, 0x00, 0x00, 0x80, 0x00, 0x00, 0x00, 0x80, 0x00, 0x00, 0x00, 0x80,
  0x00, 0x00, 0x00, 0x80, 0x00, 0x00, 0x00, 0x80, 0x00, 0x00, 0x00, 0x80,
  0x00, 0x00, 0x00, 0x80, 0x00, 0x00, 0x00, 0x80, 0x00, 0x00, 0x00, 0x80,
  0x00, 0x00, 0x00, 0x80, 0x00, 0x00, 0x00, 0x5d, 0x00, 0x00, 0x00, 0x6c,
  0x00, 0x00, 0x00, 0x80, 0x00, 0x00, 0x00, 0x80, 0x00, 0x00, 0x00, 0x80,
  0x00, 0x00, 0x00, 0x80, 0x00, 0x00, 0x00, 0x80, 0x00, 0x00, 0x00, 0x80,
  0x00, 0x00, 0x00, 0x80, 0x00, 0x00, 0x00, 0x80, 0x00, 0x00, 0x00, 0x80,
  0x6e, 0x7f, 0x8d, 0xb3, 0x7b, 0xbc, 0xf3, 0xfe, 0x6d, 0xb3, 0xf3, 0xff,
  0x6c, 0xb0, 0xf2, 0xff, 0x76, 0xb6, 0xf3, 0xff, 0x8e, 0xc3, 0xf3, 0xff,
  0xa5, 0xd0, 0xf5, 0xff, 0xd4, 0xe8, 0xf8, 0xff, 0xfb, 0xfc, 0xfb, 0xff,
  0xf7, 0xf9, 0xfa, 0xff, 0x57, 0x5a, 0x65, 0xff, 0x09, 0x09, 0x0a, 0xff,
  0x26, 0x20, 0x28, 0xff, 0x0d, 0x0a, 0x0d, 0xff, 0x1a, 0x14, 0x15, 0xff,
  0xa5, 0xa3, 0xa7, 0xff, 0x55, 0x8f, 0xd6, 0xff, 0x3a, 0x73, 0xbb, 0xff,
  0x3a, 0x74, 0xbc, 0xff, 0x3a, 0x6b, 0xae, 0xff, 0x48, 0x64, 0x92, 0xec,
  0x08, 0x0a, 0x0c, 0x84, 0x00, 0x00, 0x00, 0x80, 0x00, 0x00, 0x00, 0x80,
  0x00, 0x00, 0x00, 0x80, 0x00, 0x00, 0x00, 0x80, 0x00, 0x00, 0x00, 0x80,
  0x00, 0x00, 0x00, 0x80, 0x00, 0x00, 0x00, 0x80, 0x00, 0x00, 0x00, 0x80,
  0x00, 0x00, 0x00, 0x80, 0x00, 0x00, 0x00, 0x80, 0x00, 0x00, 0x00, 0x80,
  0x00, 0x00, 0x00, 0x6c, 0x00, 0x00, 0x00, 0x78, 0x00, 0x00, 0x00, 0x80,
  0x00, 0x00, 0x00, 0x80, 0x00, 0x00, 0x00, 0x80, 0x00, 0x00, 0x00, 0x80,
  0x00, 0x00, 0x00, 0x80, 0x00, 0x00, 0x00, 0x80, 0x00, 0x00, 0x00, 0x80,
  0x00, 0x00, 0x00, 0x80, 0x08, 0x08, 0x08, 0x82, 0xdb, 0xe2, 0xe7, 0xee,
  0x98, 0xcb, 0xf5, 0xff, 0x8c, 0xc3, 0xf4, 0xff, 0xc9, 0xe1, 0xf5, 0xff,
  0xe1, 0xea, 0xf2, 0xff, 0xc9, 0xd4, 0xdf, 0xff, 0xeb, 0xf1, 0xf5, 0xff,
  0xfa, 0xfc, 0xfc, 0xff, 0xf6, 0xf9, 0xfa, 0xff, 0xe9, 0xf0, 0xf6, 0xff,
  0xaf, 0xba, 0xc6, 0xff, 0x38, 0x39, 0x44, 0xff, 0x19, 0x15, 0x1b, 0xff,
  0x1e, 0x1a, 0x1d, 0xff, 0x60, 0x55, 0x52, 0xff, 0x9f, 0x8f, 0x88, 0xff,
  0xb3, 0xbc, 0xc9, 0xff, 0x6b, 0xa4, 0xe5, 0xff, 0x43, 0x84, 0xd4, 0xff,
  0x36, 0x6d, 0xbb, 0xff, 0x42, 0x68, 0xa6, 0xfe, 0x43, 0x50, 0x6c, 0xb8,
  0x00, 0x00, 0x00, 0x80, 0x00, 0x00, 0x00, 0x80, 0x00, 0x00, 0x00, 0x80,
  0x00, 0x00, 0x00, 0x80, 0x00, 0x00, 0x00, 0x80, 0x00, 0x00, 0x00, 0x80,
  0x00, 0x00, 0x00, 0x80, 0x00, 0x00, 0x00, 0x80, 0x00, 0x00, 0x00, 0x80,
  0x00, 0x00, 0x00, 0x80, 0x00, 0x00, 0x00, 0x80, 0x00, 0x00, 0x00, 0x78,
  0x00, 0x00, 0x00, 0x7f, 0x00, 0x00, 0x00, 0x80, 0x00, 0x00, 0x00, 0x80,
  0x00, 0x00, 0x00, 0x80, 0x00, 0x00, 0x00, 0x80, 0x00, 0x00, 0x00, 0x80,
  0x00, 0x00, 0x00, 0x80, 0x00, 0x00, 0x00, 0x80, 0x00, 0x00, 0x00, 0x80,
  0x15, 0x15, 0x17, 0x86, 0xe8, 0xee, 0xf2, 0xf9, 0xed, 0xf4, 0xf8, 0xff,
  0xe9, 0xf1, 0xf6, 0xff, 0xdf, 0xe8, 0xef, 0xff, 0xb7, 0xc4, 0xd1, 0xff,
  0x78, 0x88, 0x9f, 0xff, 0xa4, 0xaf, 0xbe, 0xff, 0xf1, 0xf6, 0xf8, 0xff,
  0xeb, 0xf1, 0xf5, 0xff, 0xdc, 0xe6, 0xed, 0xff, 0xc1, 0xcd, 0xd9, 0xff,
  0x94, 0x9f, 0xab, 0xff, 0x5c, 0x5e, 0x66, 0xff, 0x77, 0x74, 0x78, 0xff,
  0x86, 0x80, 0x80, 0xff, 0x96, 0x8c, 0x89, 0xff, 0xa4, 0x98, 0x92, 0xff,
  0xa6, 0xab, 0xb3, 0xff, 0xa7, 0xb3, 0xc2, 0xff, 0x79, 0x86, 0xa1, 0xff,
  0x3a, 0x50, 0x7e, 0xff, 0x50, 0x6b, 0x98, 0xf4, 0x12, 0x16, 0x1c, 0x8a,
  0x00, 0x00, 0x00, 0x80, 0x00, 0x00, 0x00, 0x80, 0x00, 0x00, 0x00, 0x80,
  0x00, 0x00, 0x00, 0x80, 0x00, 0x00, 0x00, 0x80, 0x00, 0x00, 0x00, 0x80,
  0x00, 0x00, 0x00, 0x80, 0x00, 0x00, 0x00, 0x80, 0x00, 0x00, 0x00, 0x80,
  0x00, 0x00, 0x00, 0x80, 0x00, 0x00, 0x00, 0x7f, 0x00, 0x00, 0x00, 0x7f,
  0x00, 0x00, 0x00, 0x80, 0x00, 0x00, 0x00, 0x80, 0x00, 0x00, 0x00, 0x80,
  0x00, 0x00, 0x00, 0x80, 0x00, 0x00, 0x00, 0x80, 0x00, 0x00, 0x00, 0x80,
  0x00, 0x00, 0x00, 0x80, 0x00, 0x00, 0x00, 0x80, 0x02, 0x02, 0x02, 0x80,
  0xd0, 0xd6, 0xda, 0xe4, 0xe6, 0xef, 0xf5, 0xff, 0xe0, 0xeb, 0xf1, 0xff,
  0xd0, 0xdb, 0xe6, 0xff, 0xb2, 0xc3, 0xd0, 0xff, 0xb3, 0xc2, 0xd0, 0xff,
  0xbe, 0xca, 0xd6, 0xff, 0xcd, 0xd7, 0xe2, 0xff, 0xd3, 0xdd, 0xe5, 0xff,
  0xc1, 0xce, 0xd9, 0xff, 0xa2, 0xaf, 0xbc, 0xff, 0x83, 0x8d, 0x9a, 0xff,
  0x75, 0x79, 0x83, 0xff, 0x7c, 0x7d, 0x81, 0xff, 0x84, 0x81, 0x82, 0xff,
  0x91, 0x8a, 0x8a, 0xff, 0x98, 0x8f, 0x8f, 0xff, 0x6d, 0x71, 0x7b, 0xff,
  0x84, 0x86, 0x8c, 0xff, 0x8c, 0x89, 0x8c, 0xff, 0x7d, 0x7d, 0x87, 0xff,
  0x4c, 0x60, 0x8a, 0xfe, 0x3b, 0x43, 0x55, 0xa8, 0x00, 0x00, 0x00, 0x80,
  0x00, 0x00, 0x00, 0x80, 0x00, 0x00, 0x00, 0x80, 0x00, 0x00, 0x00, 0x80,
  0x00, 0x00, 0x00, 0x80, 0x00, 0x00, 0x00, 0x80, 0x00, 0x00, 0x00, 0x80,
  0x00, 0x00, 0x00, 0x80, 0x00, 0x00, 0x00, 0x80, 0x00, 0x00, 0x00, 0x80,
  0x00, 0x00, 0x00, 0x7f, 0x00, 0x00, 0x00, 0x78, 0x00, 0x00, 0x00, 0x80,
  0x00, 0x00, 0x00, 0x80, 0x00, 0x00, 0x00, 0x80, 0x00, 0x00, 0x00, 0x80,
  0x00, 0x00, 0x00, 0x80, 0x00, 0x00, 0x00, 0x80, 0x00, 0x00, 0x00, 0x80,
  0x00, 0x00, 0x00, 0x80, 0x00, 0x00, 0x00, 0x80, 0x84, 0x88, 0x8b, 0xb2,
  0xdd, 0xe7, 0xf0, 0xfd, 0xd0, 0xdd, 0xe9, 0xff, 0xc6, 0xd3, 0xdf, 0xff,
  0xbe, 0xcd, 0xda, 0xff, 0xce, 0xda, 0xe6, 0xff, 0xe3, 0xec, 0xf2, 0xff,
  0xe1, 0xe9, 0xef, 0xff, 0x98, 0xa1, 0xb0, 0xff, 0x5e, 0x65, 0x7c, 0xff,
  0x47, 0x4e, 0x5f, 0xff, 0x35, 0x3a, 0x47, 0xff, 0x3f, 0x44, 0x50, 0xff,
  0x67, 0x68, 0x71, 0xff, 0x7a, 0x79, 0x7e, 0xff, 0x87, 0x84, 0x87, 0xff,
  0x89, 0x87, 0x8c, 0xff, 0x7a, 0x7c, 0x82, 0xff, 0x81, 0x7f, 0x83, 0xff,
  0x85, 0x82, 0x85, 0xff, 0x8f, 0x89, 0x89, 0xff, 0x9c, 0x95, 0x95, 0xfe,
  0x64, 0x5f, 0x61, 0xae, 0x00, 0x00, 0x00, 0x80, 0x00, 0x00, 0x00, 0x80,
  0x00, 0x00, 0x00, 0x80, 0x00, 0x00, 0x00, 0x80, 0x00, 0x00, 0x00, 0x80,
  0x00, 0x00, 0x00, 0x80, 0x00, 0x00, 0x00, 0x80, 0x00, 0x00, 0x00, 0x80,
  0x00, 0x00, 0x00, 0x80, 0x00, 0x00, 0x00, 0x80, 0x00, 0x00, 0x00, 0x78,
  0x00, 0x00, 0x00, 0x6c, 0x00, 0x00, 0x00, 0x80, 0x00, 0x00, 0x00, 0x80,
  0x00, 0x00, 0x00, 0x80, 0x00, 0x00, 0x00, 0x80, 0x00, 0x00, 0x00, 0x80,
  0x00, 0x00, 0x00, 0x80, 0x00, 0x00, 0x00, 0x80, 0x00, 0x00, 0x00, 0x80,
  0x00, 0x00, 0x00, 0x80, 0x17, 0x17, 0x17, 0x88, 0xa5, 0xab, 0xb3, 0xf5,
  0xaf, 0xbe, 0xd1, 0xff, 0xb3, 0xc4, 0xd6, 0xff, 0xb7, 0xc9, 0xd9, 0xff,
  0xc6, 0xd5, 0xe2, 0xff, 0xd7, 0xe3, 0xec, 0xff, 0xe1, 0xeb, 0xf2, 0xff,
  0xe1, 0xeb, 0xf1, 0xff, 0xb9, 0xc1, 0xcc, 0xff, 0x66, 0x6a, 0x7a, 0xff,
  0x3b, 0x3c, 0x4c, 0xff, 0x34, 0x32, 0x40, 0xff, 0x48, 0x44, 0x4b, 0xff,
  0x7a, 0x76, 0x7a, 0xff, 0x91, 0x8b, 0x8e, 0xff, 0x8b, 0x88, 0x8c, 0xff,
  0x83, 0x81, 0x85, 0xff, 0x82, 0x80, 0x83, 0xff, 0x84, 0x81, 0x84, 0xff,
  0x8e, 0x88, 0x87, 0xff, 0xa8, 0x9f, 0x9b, 0xfa, 0x34, 0x33, 0x31, 0x92,
  0x00, 0x00, 0x00, 0x80, 0x00, 0x00, 0x00, 0x80, 0x00, 0x00, 0x00, 0x80,
  0x00, 0x00, 0x00, 0x80, 0x00, 0x00, 0x00, 0x80, 0x00, 0x00, 0x00, 0x80,
  0x00, 0x00, 0x00, 0x80, 0x00, 0x00, 0x00, 0x80, 0x00, 0x00, 0x00, 0x80,
  0x00, 0x00, 0x00, 0x80, 0x00, 0x00, 0x00, 0x6c, 0x00, 0x00, 0x00, 0x5d,
  0x00, 0x00, 0x00, 0x80, 0x00, 0x00, 0x00, 0x80, 0x00, 0x00, 0x00, 0x80,
  0x00, 0x00, 0x00, 0x80, 0x00, 0x00, 0x00, 0x80, 0x00, 0x00, 0x00, 0x80,
  0x00, 0x00, 0x00, 0x80, 0x00, 0x00, 0x00, 0x80, 0x00, 0x00, 0x00, 0x80,
  0x89, 0x84, 0x7f, 0xb7, 0x4a, 0x3c, 0x39, 0xfe, 0x4b, 0x4e, 0x97, 0xff,
  0x7d, 0x8f, 0xcd, 0xff, 0xa1, 0xb4, 0xcf, 0xff, 0xb8, 0xc8, 0xd8, 0xff,
  0xc2, 0xd2, 0xe0, 0xff, 0xc3, 0xd1, 0xdf, 0xff, 0xc0, 0xcf, 0xdd, 0xff,
  0xbe, 0xcc, 0xda, 0xff, 0x99, 0xa5, 0xb5, 0xff, 0x7a, 0x82, 0x8d, 0xff,
  0x79, 0x7c, 0x84, 0xff, 0x86, 0x82, 0x87, 0xff, 0x8e, 0x88, 0x8b, 0xff,
  0x8a, 0x86, 0x8b, 0xff, 0x87, 0x83, 0x87, 0xff, 0x83, 0x80, 0x83, 0xff,
  0x81, 0x7e, 0x81, 0xff, 0x83, 0x80, 0x82, 0xff, 0x91, 0x89, 0x88, 0xff,
  0x8e, 0x88, 0x83, 0xcf, 0x02, 0x02, 0x02, 0x80, 0x00, 0x00, 0x00, 0x80,
  0x00, 0x00, 0x00, 0x80, 0x00, 0x00, 0x00, 0x80, 0x00, 0x00, 0x00, 0x80,
  0x00, 0x00, 0x00, 0x80, 0x00, 0x00, 0x00, 0x80, 0x00, 0x00, 0x00, 0x80,
  0x00, 0x00, 0x00, 0x80, 0x00, 0x00, 0x00, 0x80, 0x00, 0x00, 0x00, 0x80,
  0x00, 0x00, 0x00, 0x5d, 0x00, 0x00, 0x00, 0x45, 0x00, 0x00, 0x00, 0x80,
  0x00, 0x00, 0x00, 0x80, 0x00, 0x00, 0x00, 0x80, 0x00, 0x00, 0x00, 0x80,
  0x00, 0x00, 0x00, 0x80, 0x00, 0x00, 0x00, 0x80, 0x00, 0x00, 0x00, 0x80,
  0x00, 0x00, 0x00, 0x80, 0x00, 0x00, 0x00, 0x80, 0xb3, 0xac, 0xa4, 0xcf,
  0xc3, 0xb4, 0xa4, 0xff, 0x46, 0x3e, 0x84, 0xff, 0x31, 0x33, 0xde, 0xff,
  0x4f, 0x58, 0xe3, 0xff, 0x84, 0x94, 0xde, 0xff, 0xa5, 0xb7, 0xd3, 0xff,
  0xa1, 0xb2, 0xc9, 0xff, 0x7c, 0x8a, 0xaa, 0xff, 0x6b, 0x78, 0x98, 0xff,
  0x65, 0x72, 0x8c, 0xff, 0x65, 0x6e, 0x84, 0xff, 0x6b, 0x6f, 0x80, 0xff,
  0x73, 0x74, 0x81, 0xff, 0x78, 0x78, 0x81, 0xff, 0x7e, 0x7d, 0x82, 0xff,
  0x81, 0x7d, 0x81, 0xff, 0x80, 0x7b, 0x7f, 0xff, 0x7e, 0x7a, 0x7d, 0xff,
  0x80, 0x7c, 0x7e, 0xff, 0x8d, 0x84, 0x82, 0xe9, 0x1f, 0x1d, 0x1d, 0x8b,
  0x00, 0x00, 0x00, 0x80, 0x00, 0x00, 0x00, 0x80, 0x00, 0x00, 0x00, 0x80,
  0x00, 0x00, 0x00, 0x80, 0x00, 0x00, 0x00, 0x80, 0x00, 0x00, 0x00, 0x80,
  0x00, 0x00, 0x00, 0x80, 0x00, 0x00, 0x00, 0x80, 0x00, 0x00, 0x00, 0x80,
  0x00, 0x00, 0x00, 0x80, 0x00, 0x00, 0x00, 0x80, 0x00, 0x00, 0x00, 0x45,
  0x00, 0x00, 0x00, 0x25, 0x00, 0x00, 0x00, 0x80, 0x00, 0x00, 0x00, 0x80,
  0x00, 0x00, 0x00, 0x80, 0x00, 0x00, 0x00, 0x80, 0x00, 0x00, 0x00, 0x80,
  0x00, 0x00, 0x00, 0x80, 0x00, 0x00, 0x00, 0x80, 0x00, 0x00, 0x00, 0x80,
  0x00, 0x00, 0x00, 0x80, 0xba, 0xb0, 0xa3, 0xdb, 0xd0, 0xb9, 0x9c, 0xff,
  0xcd, 0xb9, 0xa8, 0xff, 0x6e, 0x6f, 0xd7, 0xff, 0x37, 0x41, 0xe7, 0xff,
  0x3a, 0x40, 0xeb, 0xff, 0x4f, 0x5a, 0xea, 0xff, 0x6e, 0x7e, 0xd4, 0xff,
  0x6e, 0x7a, 0xa6, 0xff, 0x55, 0x5e, 0x88, 0xff, 0x4e, 0x57, 0x7f, 0xff,
  0x4f, 0x58, 0x7d, 0xff, 0x56, 0x5d, 0x7b, 0xff, 0x62, 0x65, 0x7b, 0xff,
  0x72, 0x71, 0x7c, 0xff, 0x79, 0x76, 0x7c, 0xff, 0x7b, 0x76, 0x7a, 0xff,
  0x7a, 0x74, 0x78, 0xff, 0x75, 0x6f, 0x72, 0xff, 0x65, 0x5e, 0x67, 0xfe,
  0x39, 0x30, 0x43, 0xb0, 0x00, 0x00, 0x00, 0x80, 0x00, 0x00, 0x00, 0x80,
  0x00, 0x00, 0x00, 0x80, 0x00, 0x00, 0x00, 0x80, 0x00, 0x00, 0x00, 0x80,
  0x00, 0x00, 0x00, 0x80, 0x00, 0x00, 0x00, 0x80, 0x00, 0x00, 0x00, 0x80,
  0x00, 0x00, 0x00, 0x80, 0x00, 0x00, 0x00, 0x80, 0x00, 0x00, 0x00, 0x80,
  0x00, 0x00, 0x00, 0x80, 0x00, 0x00, 0x00, 0x25, 0x00, 0x00, 0x00, 0x0a,
  0x00, 0x00, 0x00, 0x79, 0x00, 0x00, 0x00, 0x80, 0x00, 0x00, 0x00, 0x80,
  0x00, 0x00, 0x00, 0x80, 0x00, 0x00, 0x00, 0x80, 0x00, 0x00, 0x00, 0x80,
  0x00, 0x00, 0x00, 0x80, 0x00, 0x00, 0x00, 0x80, 0x00, 0x00, 0x00, 0x80,
  0x63, 0x57, 0x49, 0xb6, 0x93, 0x76, 0x59, 0xfe, 0x9d, 0x7c, 0x5c, 0xff,
  0xb5, 0x97, 0x79, 0xff, 0x8b, 0x81, 0xb5, 0xff, 0x3e, 0x49, 0xe3, 0xff,
  0x3d, 0x4b, 0xec, 0xff, 0x3e, 0x47, 0xeb, 0xff, 0x44, 0x4f, 0xe1, 0xff,
  0x50, 0x5b, 0xaf, 0xff, 0x58, 0x5e, 0x84, 0xff, 0x5b, 0x60, 0x7d, 0xff,
  0x64, 0x65, 0x7b, 0xff, 0x6c, 0x6a, 0x78, 0xff, 0x71, 0x6e, 0x77, 0xff,
  0x73, 0x70, 0x74, 0xff, 0x72, 0x6d, 0x70, 0xff, 0x6b, 0x63, 0x66, 0xff,
  0x44, 0x3d, 0x56, 0xff, 0x25, 0x17, 0x5f, 0xff, 0x37, 0x24, 0x47, 0xf5,
  0x25, 0x16, 0x0d, 0x98, 0x00, 0x00, 0x00, 0x80, 0x00, 0x00, 0x00, 0x80,
  0x00, 0x00, 0x00, 0x80, 0x00, 0x00, 0x00, 0x80, 0x00, 0x00, 0x00, 0x80,
  0x00, 0x00, 0x00, 0x80, 0x00, 0x00, 0x00, 0x80, 0x00, 0x00, 0x00, 0x80,
  0x00, 0x00, 0x00, 0x80, 0x00, 0x00, 0x00, 0x80, 0x00, 0x00, 0x00, 0x79,
  0x00, 0x00, 0x00, 0x0a, 0x00, 0x00, 0x00, 0x00, 0x00, 0x00, 0x00, 0x5a,
  0x00, 0x00, 0x00, 0x80, 0x00, 0x00, 0x00, 0x80, 0x00, 0x00, 0x00, 0x80,
  0x00, 0x00, 0x00, 0x80, 0x00, 0x00, 0x00, 0x80, 0x00, 0x00, 0x00, 0x80,
  0x00, 0x00, 0x00, 0x80, 0x00, 0x00, 0x00, 0x80, 0x04, 0x04, 0x02, 0x82,
  0x42, 0x2f, 0x1e, 0xca, 0x55, 0x36, 0x20, 0xfe, 0x5f, 0x3e, 0x24, 0xff,
  0x84, 0x64, 0x45, 0xff, 0x89, 0x6e, 0x80, 0xff, 0x2d, 0x2c, 0xab, 0xff,
  0x33, 0x3f, 0xd5, 0xff, 0x39, 0x45, 0xe8, 0xff, 0x37, 0x3e, 0xe6, 0xff,
  0x40, 0x44, 0xcd, 0xff, 0x5e, 0x5e, 0x94, 0xff, 0x6e, 0x69, 0x79, 0xff,
  0x71, 0x6a, 0x75, 0xff, 0x73, 0x6b, 0x71, 0xff, 0x6f, 0x67, 0x6a, 0xff,
  0x58, 0x50, 0x5a, 0xff, 0x2a, 0x21, 0x55, 0xff, 0x1b, 0x0f, 0x5d, 0xff,
  0x20, 0x12, 0x62, 0xff, 0x2c, 0x1a, 0x36, 0xff, 0x6c, 0x42, 0x23, 0xe3,
  0x02, 0x02, 0x02, 0x81, 0x00, 0x00, 0x00, 0x80, 0x00, 0x00, 0x00, 0x80,
  0x00, 0x00, 0x00, 0x80, 0x00, 0x00, 0x00, 0x80, 0x00, 0x00, 0x00, 0x80,
  0x00, 0x00, 0x00, 0x80, 0x00, 0x00, 0x00, 0x80, 0x00, 0x00, 0x00, 0x80,
  0x00, 0x00, 0x00, 0x80, 0x00, 0x00, 0x00, 0x5a, 0x00, 0x00, 0x00, 0x00,
  0x00, 0x00, 0x00, 0x00, 0x00, 0x00, 0x00, 0x24, 0x00, 0x00, 0x00, 0x80,
  0x00, 0x00, 0x00, 0x80, 0x00, 0x00, 0x00, 0x80, 0x00, 0x00, 0x00, 0x80,
  0x00, 0x00, 0x00, 0x80, 0x00, 0x00, 0x00, 0x80, 0x00, 0x00, 0x00, 0x80,
  0x00, 0x00, 0x00, 0x80, 0x1e, 0x1e, 0x1c, 0x88, 0xad, 0xa5, 0x9b, 0xcd,
  0xbf, 0xa9, 0x90, 0xfe, 0x7a, 0x58, 0x39, 0xff, 0x45, 0x29, 0x14, 0xff,
  0x5b, 0x3e, 0x27, 0xff, 0x86, 0x6a, 0x63, 0xff, 0x36, 0x31, 0x9a, 0xff,
  0x1f, 0x22, 0xa3, 0xff, 0x27, 0x2b, 0xbd, 0xff, 0x2d, 0x2d, 0xd5, 0xff,
  0x31, 0x30, 0xd4, 0xff, 0x52, 0x4f, 0xb4, 0xff, 0x75, 0x6a, 0x80, 0xff,
  0x73, 0x66, 0x69, 0xff, 0x4d, 0x42, 0x53, 0xff, 0x1b, 0x12, 0x59, 0xff,
  0x17, 0x0c, 0x5e, 0xff, 0x1a, 0x0e, 0x60, 0xff, 0x1d, 0x10, 0x5a, 0xff,
  0x40, 0x23, 0x1f, 0xff, 0x6d, 0x41, 0x1f, 0xf2, 0x06, 0x04, 0x04, 0x83,
  0x00, 0x00, 0x00, 0x80, 0x00, 0x00, 0x00, 0x80, 0x00, 0x00, 0x00, 0x80,
  0x00, 0x00, 0x00, 0x80, 0x00, 0x00, 0x00, 0x80, 0x00, 0x00, 0x00, 0x80,
  0x00, 0x00, 0x00, 0x80, 0x00, 0x00, 0x00, 0x80, 0x00, 0x00, 0x00, 0x80,
  0x00, 0x00, 0x00, 0x24, 0x00, 0x00, 0x00, 0x00, 0x00, 0x00, 0x00, 0x00,
  0x00, 0x00, 0x00, 0x04, 0x00, 0x00, 0x00, 0x68, 0x00, 0x00, 0x00, 0x80,
  0x00, 0x00, 0x00, 0x80, 0x00, 0x00, 0x00, 0x80, 0x00, 0x00, 0x00, 0x80,
  0x00, 0x00, 0x00, 0x80, 0x00, 0x00, 0x00, 0x80, 0x43, 0x45, 0x4a, 0x98,
  0xd2, 0xcd, 0xc8, 0xe9, 0xe9, 0xdb, 0xc7, 0xfe, 0xe7, 0xda, 0xc8, 0xff,
  0xde, 0xcc, 0xb2, 0xff, 0xaa, 0x8d, 0x6b, 0xff, 0x6d, 0x4e, 0x31, 0xff,
  0x64, 0x46, 0x2c, 0xff, 0x80, 0x62, 0x67, 0xff, 0x2e, 0x2f, 0xb9, 0xff,
  0x2d, 0x34, 0xbe, 0xff, 0x28, 0x2c, 0xb1, 0xff, 0x23, 0x21, 0xb9, 0xff,
  0x28, 0x29, 0xcb, 0xff, 0x39, 0x3b, 0xcd, 0xff, 0x4a, 0x40, 0x88, 0xff,
  0x1f, 0x16, 0x70, 0xff, 0x16, 0x0a, 0x5e, 0xff, 0x13, 0x09, 0x58, 0xff,
  0x15, 0x0c, 0x51, 0xff, 0x17, 0x0b, 0x20, 0xff, 0x52, 0x2f, 0x16, 0xfa,
  0x2f, 0x1d, 0x0e, 0xa7, 0x00, 0x00, 0x00, 0x80, 0x00, 0x00, 0x00, 0x80,
  0x00, 0x00, 0x00, 0x80, 0x00, 0x00, 0x00, 0x80, 0x00, 0x00, 0x00, 0x80,
  0x00, 0x00, 0x00, 0x80, 0x00, 0x00, 0x00, 0x80, 0x00, 0x00, 0x00, 0x80,
  0x00, 0x00, 0x00, 0x80, 0x00, 0x00, 0x00, 0x68, 0x00, 0x00, 0x00, 0x04,
  0x00, 0x00, 0x00, 0x00, 0x00, 0x00, 0x00, 0x00, 0x00, 0x00, 0x00, 0x00,
  0x00, 0x00, 0x00, 0x2b, 0x00, 0x00, 0x00, 0x80, 0x00, 0x00, 0x00, 0x80,
  0x00, 0x00, 0x00, 0x80, 0x00, 0x00, 0x00, 0x80, 0x02, 0x02, 0x00, 0x80,
  0x69, 0x66, 0x64, 0xa3, 0xde, 0xd4, 0xc9, 0xf3, 0xe6, 0xd6, 0xc1, 0xff,
  0xe2, 0xd0, 0xb5, 0xff, 0xe0, 0xcf, 0xb6, 0xff, 0xe2, 0xd0, 0xb6, 0xff,
  0xdc, 0xc8, 0xa8, 0xff, 0xd1, 0xb9, 0x95, 0xff, 0xad, 0x8f, 0x6a, 0xff,
  0x91, 0x6f, 0x4b, 0xff, 0x55, 0x3d, 0x5a, 0xff, 0x1a, 0x16, 0x92, 0xff,
  0x24, 0x24, 0xb1, 0xff, 0x2d, 0x32, 0xc5, 0xff, 0x31, 0x36, 0xce, 0xff,
  0x34, 0x3b, 0xd8, 0xff, 0x32, 0x35, 0xcf, 0xff, 0x28, 0x27, 0xab, 0xff,
  0x1d, 0x17, 0x84, 0xff, 0x18, 0x0b, 0x66, 0xff, 0x17, 0x0c, 0x56, 0xff,
  0x31, 0x17, 0x12, 0xff, 0x6a, 0x48, 0x2b, 0xe3, 0x0a, 0x06, 0x04, 0x83,
  0x00, 0x00, 0x00, 0x80, 0x00, 0x00, 0x00, 0x80, 0x00, 0x00, 0x00, 0x80,
  0x00, 0x00, 0x00, 0x80, 0x00, 0x00, 0x00, 0x80, 0x00, 0x00, 0x00, 0x80,
  0x00, 0x00, 0x00, 0x80, 0x00, 0x00, 0x00, 0x80, 0x00, 0x00, 0x00, 0x80,
  0x00, 0x00, 0x00, 0x2b, 0x00, 0x00, 0x00, 0x00, 0x00, 0x00, 0x00, 0x00,
  0x00, 0x00, 0x00, 0x00, 0x00, 0x00, 0x00, 0x00, 0x00, 0x00, 0x00, 0x03,
  0x00, 0x00, 0x00, 0x5f, 0x00, 0x00, 0x00, 0x80, 0x00, 0x00, 0x00, 0x80,
  0x02, 0x02, 0x02, 0x80, 0x82, 0x7d, 0x79, 0xad, 0xe9, 0xdd, 0xcd, 0xf9,
  0xe6, 0xd7, 0xbe, 0xff, 0xe0, 0xce, 0xb1, 0xff, 0xdb, 0xc5, 0xa4, 0xff,
  0xd5, 0xbd, 0x9b, 0xff, 0xdb, 0xc7, 0xa9, 0xff, 0xd9, 0xc2, 0xa0, 0xff,
  0xd6, 0xbe, 0x99, 0xff, 0xc4, 0xac, 0x8b, 0xff, 0xa8, 0x8a, 0x68, 0xff,
  0x90, 0x6d, 0x4c, 0xff, 0x31, 0x22, 0x65, 0xff, 0x1c, 0x16, 0x91, 0xff,
  0x1b, 0x17, 0x94, 0xff, 0x1c, 0x15, 0x92, 0xff, 0x1b, 0x13, 0x8f, 0xff,
  0x19, 0x10, 0x82, 0xff, 0x18, 0x0c, 0x72, 0xff, 0x17, 0x09, 0x6a, 0xff,
  0x16, 0x09, 0x63, 0xff, 0x11, 0x09, 0x28, 0xff, 0x4b, 0x27, 0x11, 0xff,
  0x98, 0x69, 0x3c, 0xfe, 0x6d, 0x51, 0x39, 0xb9, 0x00, 0x00, 0x00, 0x80,
  0x00, 0x00, 0x00, 0x80, 0x00, 0x00, 0x00, 0x80, 0x00, 0x00, 0x00, 0x80,
  0x00, 0x00, 0x00, 0x80, 0x00, 0x00, 0x00, 0x80, 0x00, 0x00, 0x00, 0x80,
  0x00, 0x00, 0x00, 0x80, 0x00, 0x00, 0x00, 0x5f, 0x00, 0x00, 0x00, 0x03,
  0x00, 0x00, 0x00, 0x00, 0x00, 0x00, 0x00, 0x00, 0x00, 0x00, 0x00, 0x00,
  0x00, 0x00, 0x00, 0x00, 0x00, 0x00, 0x00, 0x00, 0x00, 0x00, 0x00, 0x15,
  0x00, 0x00, 0x00, 0x77, 0x00, 0x00, 0x00, 0x80, 0x76, 0x72, 0x6d, 0xa8,
  0xe7, 0xdc, 0xcc, 0xf9, 0xe3, 0xd3, 0xba, 0xff, 0xdd, 0xc7, 0xa6, 0xff,
  0xd3, 0xb9, 0x96, 0xff, 0xcb, 0xad, 0x87, 0xff, 0xc6, 0xa7, 0x80, 0xff,
  0xd0, 0xb9, 0x98, 0xff, 0xd2, 0xb9, 0x92, 0xff, 0xd3, 0xba, 0x96, 0xff,
  0xb8, 0xa6, 0x90, 0xff, 0xa3, 0x8b, 0x70, 0xff, 0xb4, 0x8f, 0x66, 0xff,
  0x71, 0x52, 0x3e, 0xff, 0x40, 0x3c, 0x76, 0xff, 0x26, 0x27, 0xa8, 0xff,
  0x20, 0x1c, 0xa3, 0xff, 0x19, 0x10, 0x86, 0xff, 0x15, 0x0b, 0x6d, 0xff,
  0x14, 0x08, 0x67, 0xff, 0x15, 0x07, 0x66, 0xff, 0x1d, 0x12, 0x57, 0xff,
  0x21, 0x15, 0x16, 0xff, 0x5d, 0x36, 0x19, 0xff, 0x90, 0x5c, 0x2f, 0xff,
  0x99, 0x6b, 0x3f, 0xf6, 0x33, 0x2a, 0x21, 0x92, 0x00, 0x00, 0x00, 0x80,
  0x00, 0x00, 0x00, 0x80, 0x00, 0x00, 0x00, 0x80, 0x00, 0x00, 0x00, 0x80,
  0x00, 0x00, 0x00, 0x80, 0x00, 0x00, 0x00, 0x80, 0x00, 0x00, 0x00, 0x77,
  0x00, 0x00, 0x00, 0x15, 0x00, 0x00, 0x00, 0x00, 0x00, 0x00, 0x00, 0x00,
  0x00, 0x00, 0x00, 0x00, 0x00, 0x00, 0x00, 0x00, 0x00, 0x00, 0x00, 0x00,
  0x00, 0x00, 0x00, 0x00, 0x00, 0x00, 0x00, 0x00, 0x00, 0x00, 0x00, 0x32,
  0x5d, 0x58, 0x54, 0x9d, 0xe4, 0xd6, 0xc4, 0xf6, 0xe0, 0xce, 0xb2, 0xff,
  0xd7, 0xc0, 0x9e, 0xff, 0xcd, 0xad, 0x85, 0xff, 0xbe, 0x9b, 0x71, 0xff,
  0xb4, 0x8e, 0x63, 0xff, 0xae, 0x89, 0x5e, 0xff, 0xbe, 0xa2, 0x7c, 0xff,
  0xcb, 0xae, 0x84, 0xff, 0xc8, 0xba, 0xa3, 0xff, 0xb3, 0xbb, 0xc4, 0xff,
  0x9f, 0xaa, 0xb7, 0xff, 0x9f, 0x9f, 0xa0, 0xff, 0xa0, 0x7a, 0x55, 0xff,
  0x8a, 0x83, 0x83, 0xff, 0x88, 0x8d, 0xa9, 0xff, 0x3d, 0x3c, 0x99, 0xff,
  0x1b, 0x11, 0x88, 0xff, 0x14, 0x09, 0x6e, 0xff, 0x13, 0x07, 0x66, 0xff,
  0x2a, 0x1b, 0x61, 0xff, 0x60, 0x51, 0x55, 0xff, 0x34, 0x20, 0x18, 0xff,
  0x78, 0x54, 0x38, 0xff, 0xa7, 0x80, 0x61, 0xff, 0x88, 0x57, 0x2c, 0xff,
  0x87, 0x69, 0x4d, 0xd6, 0x04, 0x02, 0x02, 0x81, 0x00, 0x00, 0x00, 0x80,
  0x00, 0x00, 0x00, 0x80, 0x00, 0x00, 0x00, 0x80, 0x00, 0x00, 0x00, 0x80,
  0x00, 0x00, 0x00, 0x80, 0x00, 0x00, 0x00, 0x32, 0x00, 0x00, 0x00, 0x00,
  0x00, 0x00, 0x00, 0x00, 0x00, 0x00, 0x00, 0x00, 0x00, 0x00, 0x00, 0x00,
  0x00, 0x00, 0x00, 0x00, 0x00, 0x00, 0x00, 0x00, 0x00, 0x00, 0x00, 0x00,
  0x00, 0x00, 0x00, 0x00, 0x00, 0x00, 0x00, 0x00, 0xc3, 0xb6, 0xa4, 0x8c,
  0xde, 0xc9, 0xac, 0xff, 0xd5, 0xbb, 0x96, 0xff, 0xc6, 0xa6, 0x7e, 0xff,
  0xb1, 0x8b, 0x60, 0xff, 0x98, 0x70, 0x47, 0xff, 0x87, 0x60, 0x3a, 0xff,
  0x84, 0x5e, 0x38, 0xff, 0xa4, 0x84, 0x5d, 0xff, 0xc2, 0xa2, 0x78, 0xff,
  0xbe, 0xbc, 0xba, 0xff, 0x9a, 0xbb, 0xdc, 0xff, 0x83, 0xa9, 0xd3, 0xff,
  0x95, 0x9b, 0xaa, 0xff, 0xab, 0x88, 0x63, 0xff, 0x83, 0x6b, 0x5b, 0xff,
  0xce, 0xd6, 0xdf, 0xff, 0xcb, 0xd3, 0xdc, 0xff, 0x87, 0x88, 0xa2, 0xff,
  0x4f, 0x45, 0x76, 0xff, 0x55, 0x47, 0x6f, 0xff, 0x89, 0x74, 0x70, 0xff,
  0x75, 0x62, 0x5a, 0xff, 0x3c, 0x24, 0x16, 0xff, 0x77, 0x52, 0x3f, 0xff,
  0x8d, 0x6f, 0x78, 0xff, 0x82, 0x52, 0x2b, 0xff, 0x8d, 0x5b, 0x2e, 0xfb,
  0x43, 0x34, 0x26, 0x9c, 0x00, 0x00, 0x00, 0x80, 0x00, 0x00, 0x00, 0x80,
  0x00, 0x00, 0x00, 0x80, 0x00, 0x00, 0x00, 0x80, 0x00, 0x00, 0x00, 0x45,
  0x00, 0x00, 0x00, 0x00, 0x00, 0x00, 0x00, 0x00, 0x00, 0x00, 0x00, 0x00,
  0x00, 0x00, 0x00, 0x00, 0x00, 0x00, 0x00, 0x00, 0x00, 0x00, 0x00, 0x00,
  0x00, 0x00, 0x00, 0x00, 0x00, 0x00, 0x00, 0x00, 0x00, 0x00, 0x00, 0x00,
  0x00, 0x00, 0x00, 0x00, 0x00, 0x00, 0x00, 0x04, 0xbf, 0xa9, 0x89, 0xa4,
  0xce, 0xb2, 0x89, 0xff, 0xbb, 0x96, 0x6a, 0xff, 0x8d, 0x64, 0x3b, 0xff,
  0x68, 0x40, 0x21, 0xff, 0x5c, 0x36, 0x18, 0xff, 0x5c, 0x38, 0x18, 0xff,
  0x8b, 0x6b, 0x48, 0xff, 0xba, 0x99, 0x6f, 0xff, 0xc0, 0xbf, 0xc0, 0xff,
  0x8f, 0xaa, 0xc5, 0xff, 0x84, 0x91, 0xa1, 0xff, 0x91, 0x96, 0xa0, 0xff,
  0x98, 0x77, 0x51, 0xff, 0x99, 0x77, 0x55, 0xff, 0xa9, 0xaa, 0xaf, 0xff,
  0xe3, 0xeb, 0xf0, 0xff, 0xe2, 0xe9, 0xee, 0xff, 0xc4, 0xc9, 0xcd, 0xff,
  0xa1, 0x97, 0x94, 0xff, 0x97, 0x82, 0x78, 0xff, 0x77, 0x64, 0x5c, 0xff,
  0x45, 0x2a, 0x17, 0xff, 0x87, 0x63, 0x47, 0xff, 0x93, 0x72, 0x68, 0xff,
  0x7a, 0x4c, 0x28, 0xff, 0x7b, 0x49, 0x1f, 0xff, 0x74, 0x50, 0x2c, 0xcc,
  0x00, 0x00, 0x00, 0x80, 0x00, 0x00, 0x00, 0x80, 0x00, 0x00, 0x00, 0x80,
  0x00, 0x00, 0x00, 0x4b, 0x00, 0x00, 0x00, 0x04, 0x00, 0x00, 0x00, 0x00,
  0x00, 0x00, 0x00, 0x00, 0x00, 0x00, 0x00, 0x00, 0x00, 0x00, 0x00, 0x00,
  0x00, 0x00, 0x00, 0x00, 0x00, 0x00, 0x00, 0x00, 0x00, 0x00, 0x00, 0x00,
  0x00, 0x00, 0x00, 0x00, 0x00, 0x00, 0x00, 0x00, 0x00, 0x00, 0x00, 0x00,
  0x00, 0x00, 0x00, 0x00, 0x00, 0x00, 0x00, 0x04, 0xb9, 0xa1, 0x80, 0x98,
  0xcc, 0xaf, 0x86, 0xff, 0xb1, 0x8a, 0x5f, 0xff, 0x66, 0x3f, 0x20, 0xff,
  0x49, 0x27, 0x0d, 0xff, 0x43, 0x24, 0x0b, 0xff, 0x80, 0x62, 0x3f, 0xff,
  0xb8, 0x96, 0x6a, 0xff, 0xa4, 0x9b, 0x98, 0xff, 0x9e, 0xa1, 0xad, 0xff,
  0x88, 0x8d, 0x9a, 0xff, 0x51, 0x47, 0x49, 0xff, 0xa5, 0x81, 0x59, 0xff,
  0xb0, 0x8e, 0x64, 0xff, 0x8c, 0x83, 0x83, 0xff, 0xdf, 0xe7, 0xec, 0xff,
  0xe7, 0xee, 0xf1, 0xff, 0xdf, 0xe5, 0xea, 0xff, 0xc3, 0xc8, 0xce, 0xff,
  0xa3, 0x96, 0x90, 0xff, 0x7d, 0x6a, 0x60, 0xff, 0x52, 0x34, 0x1e, 0xff,
  0x8e, 0x6e, 0x55, 0xff, 0xa3, 0x85, 0x6e, 0xff, 0x67, 0x3e, 0x1f, 0xff,
  0x6c, 0x3e, 0x17, 0xff, 0x80, 0x52, 0x27, 0xf6, 0x17, 0x11, 0x0d, 0x88,
  0x00, 0x00, 0x00, 0x80, 0x00, 0x00, 0x00, 0x45, 0x00, 0x00, 0x00, 0x04,
  0x00, 0x00, 0x00, 0x00, 0x00, 0x00, 0x00, 0x00, 0x00, 0x00, 0x00, 0x00,
  0x00, 0x00, 0x00, 0x00, 0x00, 0x00, 0x00, 0x00, 0x00, 0x00, 0x00, 0x00,
  0x00, 0x00, 0x00, 0x00, 0x00, 0x00, 0x00, 0x00, 0x00, 0x00, 0x00, 0x00,
  0x00, 0x00, 0x00, 0x00, 0x00, 0x00, 0x00, 0x00, 0x00, 0x00, 0x00, 0x00,
  0x00, 0x00, 0x00, 0x00, 0x00, 0x00, 0x00, 0x00, 0xb2, 0x9a, 0x77, 0x74,
  0xc3, 0xa4, 0x79, 0xf6, 0xa8, 0x83, 0x59, 0xff, 0x3c, 0x23, 0x11, 0xff,
  0x2c, 0x17, 0x08, 0xff, 0x82, 0x63, 0x41, 0xff, 0xbd, 0x9b, 0x6e, 0xff,
  0xc2, 0xa2, 0x78, 0xff, 0x83, 0x68, 0x4c, 0xff, 0x5c, 0x40, 0x2a, 0xff,
  0x81, 0x5e, 0x3a, 0xff, 0xc0, 0x9d, 0x72, 0xff, 0xb7, 0x94, 0x68, 0xff,
  0x80, 0x73, 0x70, 0xff, 0xd5, 0xdc, 0xe1, 0xff, 0xe8, 0xef, 0xf2, 0xff,
  0xe2, 0xe9, 0xec, 0xff, 0xd1, 0xd8, 0xde, 0xff, 0xb6, 0xb5, 0xb8, 0xff,
  0x8b, 0x7a, 0x70, 0xff, 0x62, 0x45, 0x2c, 0xff, 0x76, 0x48, 0x20, 0xff,
  0x82, 0x58, 0x31, 0xff, 0x52, 0x2d, 0x10, 0xff, 0x65, 0x38, 0x13, 0xff,
  0x75, 0x45, 0x1b, 0xfe, 0x62, 0x46, 0x2b, 0xab, 0x00, 0x00, 0x00, 0x32,
  0x00, 0x00, 0x00, 0x00, 0x00, 0x00, 0x00, 0x00, 0x00, 0x00, 0x00, 0x00,
  0x00, 0x00, 0x00, 0x00, 0x00, 0x00, 0x00, 0x00, 0x00, 0x00, 0x00, 0x00,
  0x00, 0x00, 0x00, 0x00, 0x00, 0x00, 0x00, 0x00, 0x00, 0x00, 0x00, 0x00,
  0x00, 0x00, 0x00, 0x00, 0x00, 0x00, 0x00, 0x00, 0x00, 0x00, 0x00, 0x00,
  0x00, 0x00, 0x00, 0x00, 0x00, 0x00, 0x00, 0x00, 0x00, 0x00, 0x00, 0x00,
  0x00, 0x00, 0x00, 0x00, 0x00, 0x00, 0x00, 0x00, 0x80, 0x64, 0x43, 0x2e,
  0x79, 0x50, 0x2a, 0xcc, 0x6c, 0x51, 0x3b, 0xff, 0x45, 0x2d, 0x1a, 0xff,
  0x91, 0x70, 0x4b, 0xff, 0xc3, 0xa0, 0x72, 0xff, 0xca, 0xa9, 0x7e, 0xff,
  0xcb, 0xab, 0x7f, 0xff, 0xc1, 0x9f, 0x74, 0xff, 0xc2, 0xa0, 0x77, 0xff,
  0xc3, 0x9f, 0x73, 0xff, 0xae, 0x89, 0x5e, 0xff, 0x7e, 0x73, 0x72, 0xff,
  0xd5, 0xda, 0xe0, 0xff, 0xe7, 0xee, 0xf1, 0xff, 0xe3, 0xea, 0xed, 0xff,
  0xd5, 0xdb, 0xe2, 0xff, 0xbf, 0xc2, 0xc7, 0xff, 0x99, 0x8d, 0x87, 0xff,
  0x71, 0x56, 0x3d, 0xff, 0x77, 0x47, 0x20, 0xff, 0x80, 0x51, 0x23, 0xff,
  0x4b, 0x26, 0x09, 0xff, 0x61, 0x35, 0x11, 0xff, 0x6b, 0x3d, 0x15, 0xcc,
  0x66, 0x3e, 0x1c, 0x2d, 0x00, 0x00, 0x00, 0x00, 0x00, 0x00, 0x00, 0x00,
  0x00, 0x00, 0x00, 0x00, 0x00, 0x00, 0x00, 0x00, 0x00, 0x00, 0x00, 0x00,
  0x00, 0x00, 0x00, 0x00, 0x00, 0x00, 0x00, 0x00, 0x00, 0x00, 0x00, 0x00,
  0x00, 0x00, 0x00, 0x00, 0x00, 0x00, 0x00, 0x00, 0x00, 0x00, 0x00, 0x00,
  0x00, 0x00, 0x00, 0x00, 0x00, 0x00, 0x00, 0x00, 0x00, 0x00, 0x00, 0x00,
  0x00, 0x00, 0x00, 0x00, 0x00, 0x00, 0x00, 0x00, 0x00, 0x00, 0x00, 0x00,
  0x00, 0x00, 0x00, 0x00, 0x00, 0x00, 0x00, 0x00, 0x00, 0x00, 0x00, 0x03,
  0x59, 0x3a, 0x1d, 0x61, 0x5b, 0x40, 0x29, 0xdf, 0xa4, 0x80, 0x56, 0xff,
  0xc5, 0xa3, 0x75, 0xff, 0xca, 0xaa, 0x7e, 0xff, 0xcd, 0xad, 0x81, 0xff,
  0xcc, 0xac, 0x81, 0xff, 0xc6, 0xa6, 0x7d, 0xff, 0xc2, 0x9d, 0x70, 0xff,
  0xa4, 0x80, 0x59, 0xff, 0x86, 0x7e, 0x7e, 0xff, 0xda, 0xe1, 0xe7, 0xff,
  0xe6, 0xec, 0xf0, 0xff, 0xdf, 0xe6, 0xea, 0xff, 0xd1, 0xd7, 0xdd, 0xff,
  0xbd, 0xc0, 0xc6, 0xff, 0xa0, 0x97, 0x93, 0xff, 0x7d, 0x64, 0x4d, 0xff,
  0x7c, 0x4d, 0x23, 0xff, 0x82, 0x52, 0x26, 0xff, 0x45, 0x22, 0x09, 0xdf,
  0x4f, 0x2a, 0x0d, 0x61, 0x00, 0x00, 0x00, 0x03, 0x00, 0x00, 0x00, 0x00,
  0x00, 0x00, 0x00, 0x00, 0x00, 0x00, 0x00, 0x00, 0x00, 0x00, 0x00, 0x00,
  0x00, 0x00, 0x00, 0x00, 0x00, 0x00, 0x00, 0x00, 0x00, 0x00, 0x00, 0x00,
  0x00, 0x00, 0x00, 0x00, 0x00, 0x00, 0x00, 0x00, 0x00, 0x00, 0x00, 0x00,
  0x00, 0x00, 0x00, 0x00, 0x00, 0x00, 0x00, 0x00, 0x00, 0x00, 0x00, 0x00,
  0x00, 0x00, 0x00, 0x00, 0x00, 0x00, 0x00, 0x00, 0x00, 0x00, 0x00, 0x00,
  0x00, 0x00, 0x00, 0x00, 0x00, 0x00, 0x00, 0x00, 0x00, 0x00, 0x00, 0x00,
  0x00, 0x00, 0x00, 0x00, 0x00, 0x00, 0x00, 0x00, 0x00, 0x00, 0x00, 0x00,
  0x00, 0x00, 0x00, 0x04, 0x94, 0x77, 0x53, 0x56, 0xb6, 0x97, 0x6d, 0xbd,
  0xcb, 0xad, 0x84, 0xf9, 0xd1, 0xb4, 0x8c, 0xff, 0xd0, 0xb2, 0x8a, 0xff,
  0xc7, 0xa8, 0x80, 0xff, 0xc2, 0x9c, 0x6c, 0xff, 0x9b, 0x79, 0x55, 0xff,
  0x97, 0x93, 0x96, 0xff, 0xe0, 0xe7, 0xec, 0xff, 0xe2, 0xe9, 0xee, 0xff,
  0xd8, 0xdf, 0xe4, 0xff, 0xc7, 0xcd, 0xd4, 0xff, 0xb2, 0xb3, 0xb9, 0xff,
  0x9d, 0x90, 0x8c, 0xff, 0x7a, 0x64, 0x53, 0xf9, 0x77, 0x4d, 0x26, 0xbd,
  0x6e, 0x44, 0x21, 0x56, 0x00, 0x00, 0x00, 0x04, 0x00, 0x00, 0x00, 0x00,
  0x00, 0x00, 0x00, 0x00, 0x00, 0x00, 0x00, 0x00, 0x00, 0x00, 0x00, 0x00,
  0x00, 0x00, 0x00, 0x00, 0x00, 0x00, 0x00, 0x00, 0x00, 0x00, 0x00, 0x00,
  0x00, 0x00, 0x00, 0x00, 0x00, 0x00, 0x00, 0x00, 0x00, 0x00, 0x00, 0x00,
  0x00, 0x00, 0x00, 0x00, 0x00, 0x00, 0x00, 0x00, 0x00, 0x00, 0x00, 0x00,
  0x00, 0x00, 0x00, 0x00, 0x00, 0x00, 0x00, 0x00, 0x00, 0x00, 0x00, 0x00,
  0x00, 0x00, 0x00, 0x00, 0x00, 0x00, 0x00, 0x00, 0x00, 0x00, 0x00, 0x00,
  0x00, 0x00, 0x00, 0x00, 0x00, 0x00, 0x00, 0x00, 0x00, 0x00, 0x00, 0x00,
  0x00, 0x00, 0x00, 0x00, 0x00, 0x00, 0x00, 0x00, 0x00, 0x00, 0x00, 0x00,
  0x00, 0x00, 0x00, 0x00, 0x00, 0x00, 0x00, 0x00, 0x79, 0x6d, 0x55, 0x15,
  0xad, 0x91, 0x6f, 0x5a, 0xbc, 0x9e, 0x78, 0x91, 0xaa, 0x8d, 0x65, 0xc7,
  0xb3, 0x91, 0x63, 0xe7, 0x8c, 0x6f, 0x53, 0xf7, 0xa9, 0xa8, 0xad, 0xfe,
  0xde, 0xe6, 0xeb, 0xfe, 0xd8, 0xdf, 0xe5, 0xf7, 0xc6, 0xcc, 0xd2, 0xe7,
  0xb0, 0xb5, 0xbc, 0xc7, 0xa2, 0xa0, 0xa7, 0x91, 0x82, 0x77, 0x74, 0x5a,
  0x49, 0x3d, 0x3d, 0x15, 0x00, 0x00, 0x00, 0x00, 0x00, 0x00, 0x00, 0x00,
  0x00, 0x00, 0x00, 0x00, 0x00, 0x00, 0x00, 0x00, 0x00, 0x00, 0x00, 0x00,
  0x00, 0x00, 0x00, 0x00, 0x00, 0x00, 0x00, 0x00, 0x00, 0x00, 0x00, 0x00,
  0x00, 0x00, 0x00, 0x00, 0x00, 0x00, 0x00, 0x00, 0x00, 0x00, 0x00, 0x00,
  0x00, 0x00, 0x00, 0x00, 0x00, 0x00, 0x00, 0x00, 0x00, 0x00, 0x00, 0x00,
  0x00, 0x00, 0x00, 0x00,
#endif
};

const lv_img_dsc_t icon_dog = {
  .header.cf = LV_IMG_CF_TRUE_COLOR_ALPHA,
  .header.always_zero = 0,
  .header.reserved = 0,
  .header.w = 44,
  .header.h = 44,
  .data_size = sizeof(icon_dog_map),
  .data = icon_dog_map,
};
